comparison_name,K,category,road_key,road_name,rank_A,rank_B,A_scenario_id,A_model,A_score_type,B_scenario_id,B_model,B_score_type
AHP_WSM_17_vs_Historis_Any2026_Final,35,overlap,angkinang - telaga langsat,Angkinang - Telaga Langsat,12,19,normatif_17,AHP_WSM,,refined_recall_max_any2026,DecisionTree,rerank_population_focus
AHP_WSM_17_vs_Historis_Any2026_Final,35,overlap,hamalau - ganda,Hamalau - Ganda,13,27,normatif_17,AHP_WSM,,refined_recall_max_any2026,DecisionTree,rerank_population_focus
AHP_WSM_17_vs_Historis_Any2026_Final,35,overlap,palajau - desa baluti,Palajau - Ds. Baluti,16,1,normatif_17,AHP_WSM,,refined_recall_max_any2026,DecisionTree,rerank_population_focus
AHP_WSM_17_vs_Historis_Any2026_Final,35,overlap,sei raya - jambu hulu paku,Sungai Raya - Jambu Hulu/Paku,20,25,normatif_17,AHP_WSM,,refined_recall_max_any2026,DecisionTree,rerank_population_focus
AHP_WSM_17_vs_Historis_Any2026_Final,35,overlap,amawang muka - getek,Amawang Muka - Getek,29,20,normatif_17,AHP_WSM,,refined_recall_max_any2026,DecisionTree,rerank_population_focus
AHP_WSM_17_vs_Historis_Any2026_Final,35,A_only,panglima batur,Panglima Batur,1,,normatif_17,AHP_WSM,,refined_recall_max_any2026,DecisionTree,rerank_population_focus
AHP_WSM_17_vs_Historis_Any2026_Final,35,A_only,aluh idut,Aluh Idut,2,,normatif_17,AHP_WSM,,refined_recall_max_any2026,DecisionTree,rerank_population_focus
AHP_WSM_17_vs_Historis_Any2026_Final,35,A_only,singakarsa - palas,Singakarsa - Palas,3,,normatif_17,AHP_WSM,,refined_recall_max_any2026,DecisionTree,rerank_population_focus
AHP_WSM_17_vs_Historis_Any2026_Final,35,A_only,kandangan hulu - sp tabihi,Kandangan Hulu - Sp. Tabihi,4,,normatif_17,AHP_WSM,,refined_recall_max_any2026,DecisionTree,rerank_population_focus
AHP_WSM_17_vs_Historis_Any2026_Final,35,A_only,merah johansyah - melati,Merah Johansyah - Melati,5,,normatif_17,AHP_WSM,,refined_recall_max_any2026,DecisionTree,rerank_population_focus
AHP_WSM_17_vs_Historis_Any2026_Final,35,A_only,wasah hulu - amparaya - simpur,Wasah Hulu - Amparaya - Simpur,6,,normatif_17,AHP_WSM,,refined_recall_max_any2026,DecisionTree,rerank_population_focus
AHP_WSM_17_vs_Historis_Any2026_Final,35,A_only,pemuda,Pemuda,7,,normatif_17,AHP_WSM,,refined_recall_max_any2026,DecisionTree,rerank_population_focus
AHP_WSM_17_vs_Historis_Any2026_Final,35,A_only,bakarung - rantauan,Bakarung - Rantauan,8,,normatif_17,AHP_WSM,,refined_recall_max_any2026,DecisionTree,rerank_population_focus
AHP_WSM_17_vs_Historis_Any2026_Final,35,A_only,parindra,Parindra,9,,normatif_17,AHP_WSM,,refined_recall_max_any2026,DecisionTree,rerank_population_focus
AHP_WSM_17_vs_Historis_Any2026_Final,35,A_only,wasah tengah - sei tarap,Wasah Tengah - Sungai Tarap,10,,normatif_17,AHP_WSM,,refined_recall_max_any2026,DecisionTree,rerank_population_focus
AHP_WSM_17_vs_Historis_Any2026_Final,35,A_only,kesehatan - komp rmh dokter,Kesehatan - Komp. Rmh Dokter,11,,normatif_17,AHP_WSM,,refined_recall_max_any2026,DecisionTree,rerank_population_focus
AHP_WSM_17_vs_Historis_Any2026_Final,35,A_only,simpur - sp 3 muara paring agung,Simpur - Sp. 3 Muara Paring Agung,14,,normatif_17,AHP_WSM,,refined_recall_max_any2026,DecisionTree,rerank_population_focus
AHP_WSM_17_vs_Historis_Any2026_Final,35,A_only,anggrek,Anggrek,15,,normatif_17,AHP_WSM,,refined_recall_max_any2026,DecisionTree,rerank_population_focus
AHP_WSM_17_vs_Historis_Any2026_Final,35,A_only,teluk mesjid - sp 4 muara banta,Teluk Mesjid - Sp. 4 Muara Banta,17,,normatif_17,AHP_WSM,,refined_recall_max_any2026,DecisionTree,rerank_population_focus
AHP_WSM_17_vs_Historis_Any2026_Final,35,A_only,wahab syahrani,Wahab Syahrani,18,,normatif_17,AHP_WSM,,refined_recall_max_any2026,DecisionTree,rerank_population_focus
AHP_WSM_17_vs_Historis_Any2026_Final,35,A_only,menuju stadion 2 desember,Menuju Stadion 2 Desember,19,,normatif_17,AHP_WSM,,refined_recall_max_any2026,DecisionTree,rerank_population_focus
AHP_WSM_17_vs_Historis_Any2026_Final,35,A_only,pandak daun - baruh jaya - samuda,Pandak Daun - Baruh Jaya - Samuda,21,,normatif_17,AHP_WSM,,refined_recall_max_any2026,DecisionTree,rerank_population_focus
AHP_WSM_17_vs_Historis_Any2026_Final,35,A_only,bayanan - habirau tengah,Bayanan - Habirau Tengah,22,,normatif_17,AHP_WSM,,refined_recall_max_any2026,DecisionTree,rerank_population_focus
AHP_WSM_17_vs_Historis_Any2026_Final,35,A_only,taniran selatan kubah - buntut taniran wawaran,Taniran Selatan Kubah - Buntut Taniran / Wawaran,23,,normatif_17,AHP_WSM,,refined_recall_max_any2026,DecisionTree,rerank_population_focus
AHP_WSM_17_vs_Historis_Any2026_Final,35,A_only,sekolah islam kandangan barat,Sekolah Islam (Kandangan Barat),24,,normatif_17,AHP_WSM,,refined_recall_max_any2026,DecisionTree,rerank_population_focus
AHP_WSM_17_vs_Historis_Any2026_Final,35,A_only,ks tubun,KS. Tubun,25,,normatif_17,AHP_WSM,,refined_recall_max_any2026,DecisionTree,rerank_population_focus
AHP_WSM_17_vs_Historis_Any2026_Final,35,A_only,tambangan - desa baruh jaya,Tambangan - Ds. Baruh Jaya,26,,normatif_17,AHP_WSM,,refined_recall_max_any2026,DecisionTree,rerank_population_focus
AHP_WSM_17_vs_Historis_Any2026_Final,35,A_only,tibung raya - asam cangkuk,Tibung Raya - Asam Cangkuk,27,,normatif_17,AHP_WSM,,refined_recall_max_any2026,DecisionTree,rerank_population_focus
AHP_WSM_17_vs_Historis_Any2026_Final,35,A_only,taniran selatan - rantauan,Taniran Selatan - Rantauan,28,,normatif_17,AHP_WSM,,refined_recall_max_any2026,DecisionTree,rerank_population_focus
AHP_WSM_17_vs_Historis_Any2026_Final,35,A_only,hamalau - pahampangan,Hamalau - Pahampangan,30,,normatif_17,AHP_WSM,,refined_recall_max_any2026,DecisionTree,rerank_population_focus
AHP_WSM_17_vs_Historis_Any2026_Final,35,A_only,asam cangkuk - telaga bidadari,Asam Cangkuk - Telaga Bidadari,31,,normatif_17,AHP_WSM,,refined_recall_max_any2026,DecisionTree,rerank_population_focus
AHP_WSM_17_vs_Historis_Any2026_Final,35,A_only,rantauan - sei baru pulau,Rantauan - Sungai Baru (Pulau),32,,normatif_17,AHP_WSM,,refined_recall_max_any2026,DecisionTree,rerank_population_focus
AHP_WSM_17_vs_Historis_Any2026_Final,35,A_only,wasah hilir - sarang halang,Wasah Hilir - Sarang Halang,33,,normatif_17,AHP_WSM,,refined_recall_max_any2026,DecisionTree,rerank_population_focus
AHP_WSM_17_vs_Historis_Any2026_Final,35,A_only,taal batang kulur - sp 3 muara prg agung,Taal Batang Kulur - Sp. 3 Muara Prg Agung,34,,normatif_17,AHP_WSM,,refined_recall_max_any2026,DecisionTree,rerank_population_focus
AHP_WSM_17_vs_Historis_Any2026_Final,35,A_only,newangsekarti - desa gambah luar muka,Newangsekarti - Ds. Gambah Luar Muka,35,,normatif_17,AHP_WSM,,refined_recall_max_any2026,DecisionTree,rerank_population_focus
AHP_WSM_17_vs_Historis_Any2026_Final,35,B_only,padang batung - batulaki - malilingin,padang batung – batulaki – malilingin,,2,normatif_17,AHP_WSM,,refined_recall_max_any2026,DecisionTree,rerank_population_focus
AHP_WSM_17_vs_Historis_Any2026_Final,35,B_only,angkinang - kayu abang - panggang hijau,angkinang – kayu abang – panggang hijau,,3,normatif_17,AHP_WSM,,refined_recall_max_any2026,DecisionTree,rerank_population_focus
AHP_WSM_17_vs_Historis_Any2026_Final,35,B_only,baluti - jambu hulu paku,baluti – jambu hulu paku,,4,normatif_17,AHP_WSM,,refined_recall_max_any2026,DecisionTree,rerank_population_focus
AHP_WSM_17_vs_Historis_Any2026_Final,35,B_only,samuda - bajayau,samuda – bajayau,,5,normatif_17,AHP_WSM,,refined_recall_max_any2026,DecisionTree,rerank_population_focus
AHP_WSM_17_vs_Historis_Any2026_Final,35,B_only,hamalau - telaga bidadari - wasah hilir,hamalau – telaga bidadari – wasah hilir,,6,normatif_17,AHP_WSM,,refined_recall_max_any2026,DecisionTree,rerank_population_focus
AHP_WSM_17_vs_Historis_Any2026_Final,35,B_only,tembok baru - desa baluti,tembok baru – desa baluti,,7,normatif_17,AHP_WSM,,refined_recall_max_any2026,DecisionTree,rerank_population_focus
AHP_WSM_17_vs_Historis_Any2026_Final,35,B_only,baiturrahim parincahan,baiturrahim parincahan,,8,normatif_17,AHP_WSM,,refined_recall_max_any2026,DecisionTree,rerank_population_focus
AHP_WSM_17_vs_Historis_Any2026_Final,35,B_only,tukang garit tambangan,tukang garit tambangan,,9,normatif_17,AHP_WSM,,refined_recall_max_any2026,DecisionTree,rerank_population_focus
AHP_WSM_17_vs_Historis_Any2026_Final,35,B_only,sei raya selatan - malutu - goa berangin,sei raya selatan – malutu – goa berangin,,10,normatif_17,AHP_WSM,,refined_recall_max_any2026,DecisionTree,rerank_population_focus
AHP_WSM_17_vs_Historis_Any2026_Final,35,B_only,sukaramai - keramat,sukaramai – keramat,,11,normatif_17,AHP_WSM,,refined_recall_max_any2026,DecisionTree,rerank_population_focus
AHP_WSM_17_vs_Historis_Any2026_Final,35,B_only,sp 4 mesjid sirih - sarang nyamuk - asam tamiyang,sp 4 mesjid sirih – sarang nyamuk – asam tamiyang,,12,normatif_17,AHP_WSM,,refined_recall_max_any2026,DecisionTree,rerank_population_focus
AHP_WSM_17_vs_Historis_Any2026_Final,35,B_only,padang haur - desa wasah tengah,padang haur – desa wasah tengah,,13,normatif_17,AHP_WSM,,refined_recall_max_any2026,DecisionTree,rerank_population_focus
AHP_WSM_17_vs_Historis_Any2026_Final,35,B_only,gerilya depan pustu habirau,gerilya depan pustu habirau,,14,normatif_17,AHP_WSM,,refined_recall_max_any2026,DecisionTree,rerank_population_focus
AHP_WSM_17_vs_Historis_Any2026_Final,35,B_only,sp 4 banjarbaru - pihanin raya,sp 4 banjarbaru – pihanin raya,,15,normatif_17,AHP_WSM,,refined_recall_max_any2026,DecisionTree,rerank_population_focus
AHP_WSM_17_vs_Historis_Any2026_Final,35,B_only,angkinang selatan - tawia - wawaran,angkinang selatan – tawia – wawaran,,16,normatif_17,AHP_WSM,,refined_recall_max_any2026,DecisionTree,rerank_population_focus
AHP_WSM_17_vs_Historis_Any2026_Final,35,B_only,tumbukan banyu - banua hanyar,tumbukan banyu – banua hanyar,,17,normatif_17,AHP_WSM,,refined_recall_max_any2026,DecisionTree,rerank_population_focus
AHP_WSM_17_vs_Historis_Any2026_Final,35,B_only,jafri zamzam,jafri zamzam,,18,normatif_17,AHP_WSM,,refined_recall_max_any2026,DecisionTree,rerank_population_focus
AHP_WSM_17_vs_Historis_Any2026_Final,35,B_only,tanjungan - sp 10 batang kulur - sei kali,tanjungan – sp 10 batang kulur – sei kali,,21,normatif_17,AHP_WSM,,refined_recall_max_any2026,DecisionTree,rerank_population_focus
AHP_WSM_17_vs_Historis_Any2026_Final,35,B_only,rambai - bariang,rambai – bariang,,22,normatif_17,AHP_WSM,,refined_recall_max_any2026,DecisionTree,rerank_population_focus
AHP_WSM_17_vs_Historis_Any2026_Final,35,B_only,mawangi - bukuanin - telaga langsat,mawangi – bukuanin – telaga langsat,,23,normatif_17,AHP_WSM,,refined_recall_max_any2026,DecisionTree,rerank_population_focus
AHP_WSM_17_vs_Historis_Any2026_Final,35,B_only,bajayau - desa bajayau tengah,bajayau – desa bajayau tengah,,24,normatif_17,AHP_WSM,,refined_recall_max_any2026,DecisionTree,rerank_population_focus
AHP_WSM_17_vs_Historis_Any2026_Final,35,B_only,tabihi - telaga langsat,tabihi – telaga langsat,,26,normatif_17,AHP_WSM,,refined_recall_max_any2026,DecisionTree,rerank_population_focus
AHP_WSM_17_vs_Historis_Any2026_Final,35,B_only,bakarung - tabihi - karang jawa,bakarung – tabihi – karang jawa,,28,normatif_17,AHP_WSM,,refined_recall_max_any2026,DecisionTree,rerank_population_focus
AHP_WSM_17_vs_Historis_Any2026_Final,35,B_only,mandapai - madang,mandapai – madang,,29,normatif_17,AHP_WSM,,refined_recall_max_any2026,DecisionTree,rerank_population_focus
AHP_WSM_17_vs_Historis_Any2026_Final,35,B_only,malinau - katingin - kamawakan,malinau – katingin – kamawakan,,30,normatif_17,AHP_WSM,,refined_recall_max_any2026,DecisionTree,rerank_population_focus
AHP_WSM_17_vs_Historis_Any2026_Final,35,B_only,kaliring - sp padang batung,kaliring – sp padang batung,,31,normatif_17,AHP_WSM,,refined_recall_max_any2026,DecisionTree,rerank_population_focus
AHP_WSM_17_vs_Historis_Any2026_Final,35,B_only,siang gantung - desa baru,siang gantung – desa baru,,32,normatif_17,AHP_WSM,,refined_recall_max_any2026,DecisionTree,rerank_population_focus
AHP_WSM_17_vs_Historis_Any2026_Final,35,B_only,gumbil - masimpan,gumbil – masimpan,,33,normatif_17,AHP_WSM,,refined_recall_max_any2026,DecisionTree,rerank_population_focus
AHP_WSM_17_vs_Historis_Any2026_Final,35,B_only,panggang hijau - desa tawar,panggang hijau – desa tawar,,34,normatif_17,AHP_WSM,,refined_recall_max_any2026,DecisionTree,rerank_population_focus
AHP_WSM_17_vs_Historis_Any2026_Final,35,B_only,sei raya selatan - sarang halang,sei raya selatan – sarang halang,,35,normatif_17,AHP_WSM,,refined_recall_max_any2026,DecisionTree,rerank_population_focus
AHP_WSM_17_vs_Historis_Any2026_Final,70,overlap,singakarsa - palas,Singakarsa - Palas,3,11,normatif_17,AHP_WSM,,refined_recall_max_any2026,RandomForest,grid_0005
AHP_WSM_17_vs_Historis_Any2026_Final,70,overlap,wasah hulu - amparaya - simpur,Wasah Hulu - Amparaya - Simpur,6,22,normatif_17,AHP_WSM,,refined_recall_max_any2026,RandomForest,grid_0005
AHP_WSM_17_vs_Historis_Any2026_Final,70,overlap,angkinang - telaga langsat,Angkinang - Telaga Langsat,12,51,normatif_17,AHP_WSM,,refined_recall_max_any2026,RandomForest,grid_0005
AHP_WSM_17_vs_Historis_Any2026_Final,70,overlap,hamalau - ganda,Hamalau - Ganda,13,49,normatif_17,AHP_WSM,,refined_recall_max_any2026,RandomForest,grid_0005
AHP_WSM_17_vs_Historis_Any2026_Final,70,overlap,palajau - desa baluti,Palajau - Ds. Baluti,16,3,normatif_17,AHP_WSM,,refined_recall_max_any2026,RandomForest,grid_0005
AHP_WSM_17_vs_Historis_Any2026_Final,70,overlap,sei raya - jambu hulu paku,Sungai Raya - Jambu Hulu/Paku,20,56,normatif_17,AHP_WSM,,refined_recall_max_any2026,RandomForest,grid_0005
AHP_WSM_17_vs_Historis_Any2026_Final,70,overlap,pandak daun - baruh jaya - samuda,Pandak Daun - Baruh Jaya - Samuda,21,12,normatif_17,AHP_WSM,,refined_recall_max_any2026,RandomForest,grid_0005
AHP_WSM_17_vs_Historis_Any2026_Final,70,overlap,bayanan - habirau tengah,Bayanan - Habirau Tengah,22,14,normatif_17,AHP_WSM,,refined_recall_max_any2026,RandomForest,grid_0005
AHP_WSM_17_vs_Historis_Any2026_Final,70,overlap,taniran selatan kubah - buntut taniran wawaran,Taniran Selatan Kubah - Buntut Taniran / Wawaran,23,2,normatif_17,AHP_WSM,,refined_recall_max_any2026,RandomForest,grid_0005
AHP_WSM_17_vs_Historis_Any2026_Final,70,overlap,tambangan - desa baruh jaya,Tambangan - Ds. Baruh Jaya,26,10,normatif_17,AHP_WSM,,refined_recall_max_any2026,RandomForest,grid_0005
AHP_WSM_17_vs_Historis_Any2026_Final,70,overlap,amawang muka - getek,Amawang Muka - Getek,29,42,normatif_17,AHP_WSM,,refined_recall_max_any2026,RandomForest,grid_0005
AHP_WSM_17_vs_Historis_Any2026_Final,70,overlap,asam cangkuk - telaga bidadari,Asam Cangkuk - Telaga Bidadari,31,32,normatif_17,AHP_WSM,,refined_recall_max_any2026,RandomForest,grid_0005
AHP_WSM_17_vs_Historis_Any2026_Final,70,overlap,taal batang kulur - sp 3 muara prg agung,Taal Batang Kulur - Sp. 3 Muara Prg Agung,34,38,normatif_17,AHP_WSM,,refined_recall_max_any2026,RandomForest,grid_0005
AHP_WSM_17_vs_Historis_Any2026_Final,70,overlap,hamalau - telaga bidadari - wasah hilir,Hamalau - Telaga Bidadari - Wasah Hilir,36,26,normatif_17,AHP_WSM,,refined_recall_max_any2026,RandomForest,grid_0005
AHP_WSM_17_vs_Historis_Any2026_Final,70,overlap,tumbukan banyu - banua hanyar,Tumbukan Banyu - Banua Hanyar,43,44,normatif_17,AHP_WSM,,refined_recall_max_any2026,RandomForest,grid_0005
AHP_WSM_17_vs_Historis_Any2026_Final,70,overlap,baluti - jambu hulu paku,Baluti - Jambu Hulu (Paku),46,33,normatif_17,AHP_WSM,,refined_recall_max_any2026,RandomForest,grid_0005
AHP_WSM_17_vs_Historis_Any2026_Final,70,overlap,panggang hijau - desa tawar,Panggang Hijau - Ds. Tawar,47,62,normatif_17,AHP_WSM,,refined_recall_max_any2026,RandomForest,grid_0005
AHP_WSM_17_vs_Historis_Any2026_Final,70,overlap,samping bappeda - mesjid darul halik,Samping Bappeda - Mesjid Darul Halik,51,41,normatif_17,AHP_WSM,,refined_recall_max_any2026,RandomForest,grid_0005
AHP_WSM_17_vs_Historis_Any2026_Final,70,overlap,sp 4 banjarbaru - pihanin raya,SP.4. Banjarbaru - Pihanin Raya,52,45,normatif_17,AHP_WSM,,refined_recall_max_any2026,RandomForest,grid_0005
AHP_WSM_17_vs_Historis_Any2026_Final,70,overlap,padang batung - batulaki - malilingin,Padang Batung - Batulaki - Malilingin,53,1,normatif_17,AHP_WSM,,refined_recall_max_any2026,RandomForest,grid_0005
AHP_WSM_17_vs_Historis_Any2026_Final,70,overlap,sei paring - sei hanyar pantai ulin,Sungai Paring - Sei Hanyar Pantai Ulin,56,6,normatif_17,AHP_WSM,,refined_recall_max_any2026,RandomForest,grid_0005
AHP_WSM_17_vs_Historis_Any2026_Final,70,overlap,wasah hilir - amparaya,Wasah Hilir - Amparaya,61,36,normatif_17,AHP_WSM,,refined_recall_max_any2026,RandomForest,grid_0005
AHP_WSM_17_vs_Historis_Any2026_Final,70,overlap,paku jambu hulu - ganda,Paku (Jambu Hulu) - Ganda,63,19,normatif_17,AHP_WSM,,refined_recall_max_any2026,RandomForest,grid_0005
AHP_WSM_17_vs_Historis_Any2026_Final,70,overlap,pakan dalam - kaminting batu,Pakan Dalam - Kaminting Batu,66,34,normatif_17,AHP_WSM,,refined_recall_max_any2026,RandomForest,grid_0005
AHP_WSM_17_vs_Historis_Any2026_Final,70,overlap,padang haur - desa wasah tengah,Padang Haur - Ds. Wasah Tengah,67,4,normatif_17,AHP_WSM,,refined_recall_max_any2026,RandomForest,grid_0005
AHP_WSM_17_vs_Historis_Any2026_Final,70,overlap,pangeran antasari - loklua,Pangeran Antasari - Loklua,69,66,normatif_17,AHP_WSM,,refined_recall_max_any2026,RandomForest,grid_0005
AHP_WSM_17_vs_Historis_Any2026_Final,70,A_only,panglima batur,Panglima Batur,1,,normatif_17,AHP_WSM,,refined_recall_max_any2026,RandomForest,grid_0005
AHP_WSM_17_vs_Historis_Any2026_Final,70,A_only,aluh idut,Aluh Idut,2,,normatif_17,AHP_WSM,,refined_recall_max_any2026,RandomForest,grid_0005
AHP_WSM_17_vs_Historis_Any2026_Final,70,A_only,kandangan hulu - sp tabihi,Kandangan Hulu - Sp. Tabihi,4,,normatif_17,AHP_WSM,,refined_recall_max_any2026,RandomForest,grid_0005
AHP_WSM_17_vs_Historis_Any2026_Final,70,A_only,merah johansyah - melati,Merah Johansyah - Melati,5,,normatif_17,AHP_WSM,,refined_recall_max_any2026,RandomForest,grid_0005
AHP_WSM_17_vs_Historis_Any2026_Final,70,A_only,pemuda,Pemuda,7,,normatif_17,AHP_WSM,,refined_recall_max_any2026,RandomForest,grid_0005
AHP_WSM_17_vs_Historis_Any2026_Final,70,A_only,bakarung - rantauan,Bakarung - Rantauan,8,,normatif_17,AHP_WSM,,refined_recall_max_any2026,RandomForest,grid_0005
AHP_WSM_17_vs_Historis_Any2026_Final,70,A_only,parindra,Parindra,9,,normatif_17,AHP_WSM,,refined_recall_max_any2026,RandomForest,grid_0005
AHP_WSM_17_vs_Historis_Any2026_Final,70,A_only,wasah tengah - sei tarap,Wasah Tengah - Sungai Tarap,10,,normatif_17,AHP_WSM,,refined_recall_max_any2026,RandomForest,grid_0005
AHP_WSM_17_vs_Historis_Any2026_Final,70,A_only,kesehatan - komp rmh dokter,Kesehatan - Komp. Rmh Dokter,11,,normatif_17,AHP_WSM,,refined_recall_max_any2026,RandomForest,grid_0005
AHP_WSM_17_vs_Historis_Any2026_Final,70,A_only,simpur - sp 3 muara paring agung,Simpur - Sp. 3 Muara Paring Agung,14,,normatif_17,AHP_WSM,,refined_recall_max_any2026,RandomForest,grid_0005
AHP_WSM_17_vs_Historis_Any2026_Final,70,A_only,anggrek,Anggrek,15,,normatif_17,AHP_WSM,,refined_recall_max_any2026,RandomForest,grid_0005
AHP_WSM_17_vs_Historis_Any2026_Final,70,A_only,teluk mesjid - sp 4 muara banta,Teluk Mesjid - Sp. 4 Muara Banta,17,,normatif_17,AHP_WSM,,refined_recall_max_any2026,RandomForest,grid_0005
AHP_WSM_17_vs_Historis_Any2026_Final,70,A_only,wahab syahrani,Wahab Syahrani,18,,normatif_17,AHP_WSM,,refined_recall_max_any2026,RandomForest,grid_0005
AHP_WSM_17_vs_Historis_Any2026_Final,70,A_only,menuju stadion 2 desember,Menuju Stadion 2 Desember,19,,normatif_17,AHP_WSM,,refined_recall_max_any2026,RandomForest,grid_0005
AHP_WSM_17_vs_Historis_Any2026_Final,70,A_only,sekolah islam kandangan barat,Sekolah Islam (Kandangan Barat),24,,normatif_17,AHP_WSM,,refined_recall_max_any2026,RandomForest,grid_0005
AHP_WSM_17_vs_Historis_Any2026_Final,70,A_only,ks tubun,KS. Tubun,25,,normatif_17,AHP_WSM,,refined_recall_max_any2026,RandomForest,grid_0005
AHP_WSM_17_vs_Historis_Any2026_Final,70,A_only,tibung raya - asam cangkuk,Tibung Raya - Asam Cangkuk,27,,normatif_17,AHP_WSM,,refined_recall_max_any2026,RandomForest,grid_0005
AHP_WSM_17_vs_Historis_Any2026_Final,70,A_only,taniran selatan - rantauan,Taniran Selatan - Rantauan,28,,normatif_17,AHP_WSM,,refined_recall_max_any2026,RandomForest,grid_0005
AHP_WSM_17_vs_Historis_Any2026_Final,70,A_only,hamalau - pahampangan,Hamalau - Pahampangan,30,,normatif_17,AHP_WSM,,refined_recall_max_any2026,RandomForest,grid_0005
AHP_WSM_17_vs_Historis_Any2026_Final,70,A_only,rantauan - sei baru pulau,Rantauan - Sungai Baru (Pulau),32,,normatif_17,AHP_WSM,,refined_recall_max_any2026,RandomForest,grid_0005
AHP_WSM_17_vs_Historis_Any2026_Final,70,A_only,wasah hilir - sarang halang,Wasah Hilir - Sarang Halang,33,,normatif_17,AHP_WSM,,refined_recall_max_any2026,RandomForest,grid_0005
AHP_WSM_17_vs_Historis_Any2026_Final,70,A_only,newangsekarti - desa gambah luar muka,Newangsekarti - Ds. Gambah Luar Muka,35,,normatif_17,AHP_WSM,,refined_recall_max_any2026,RandomForest,grid_0005
AHP_WSM_17_vs_Historis_Any2026_Final,70,A_only,papancan - desa tanah bangkang,Papancan - Ds. Tanah Bangkang,37,,normatif_17,AHP_WSM,,refined_recall_max_any2026,RandomForest,grid_0005
AHP_WSM_17_vs_Historis_Any2026_Final,70,A_only,air miris - desa wasah hilir,Air Miris - Ds. Wasah Hilir,38,,normatif_17,AHP_WSM,,refined_recall_max_any2026,RandomForest,grid_0005
AHP_WSM_17_vs_Historis_Any2026_Final,70,A_only,kolonel sugiono,Kolonel Sugiono,39,,normatif_17,AHP_WSM,,refined_recall_max_any2026,RandomForest,grid_0005
AHP_WSM_17_vs_Historis_Any2026_Final,70,A_only,aes nasution,AES Nasution,40,,normatif_17,AHP_WSM,,refined_recall_max_any2026,RandomForest,grid_0005
AHP_WSM_17_vs_Historis_Any2026_Final,70,A_only,musyawarah nagara,Musyawarah (Nagara),41,,normatif_17,AHP_WSM,,refined_recall_max_any2026,RandomForest,grid_0005
AHP_WSM_17_vs_Historis_Any2026_Final,70,A_only,pertanian - desa wasah tengah,Pertanian - Ds. Wasah Tengah,42,,normatif_17,AHP_WSM,,refined_recall_max_any2026,RandomForest,grid_0005
AHP_WSM_17_vs_Historis_Any2026_Final,70,A_only,karang intan - tanah bangkang,Karang Intan - Tanah Bangkang,44,,normatif_17,AHP_WSM,,refined_recall_max_any2026,RandomForest,grid_0005
AHP_WSM_17_vs_Historis_Any2026_Final,70,A_only,haritas pt pertani,Haritas (PT. Pertani),45,,normatif_17,AHP_WSM,,refined_recall_max_any2026,RandomForest,grid_0005
AHP_WSM_17_vs_Historis_Any2026_Final,70,A_only,tawia - kayu abang,Tawia - Kayu Abang,48,,normatif_17,AHP_WSM,,refined_recall_max_any2026,RandomForest,grid_0005
AHP_WSM_17_vs_Historis_Any2026_Final,70,A_only,tembok kacil sei kudung,Tembok Kacil. Sei. Kudung,49,,normatif_17,AHP_WSM,,refined_recall_max_any2026,RandomForest,grid_0005
AHP_WSM_17_vs_Historis_Any2026_Final,70,A_only,bina bakat,Bina Bakat,50,,normatif_17,AHP_WSM,,refined_recall_max_any2026,RandomForest,grid_0005
AHP_WSM_17_vs_Historis_Any2026_Final,70,A_only,tungkaran - desa ulin,Tungkaran - Ds. Ulin,54,,normatif_17,AHP_WSM,,refined_recall_max_any2026,RandomForest,grid_0005
AHP_WSM_17_vs_Historis_Any2026_Final,70,A_only,slasa garih - desa kapuh,Slasa Garih - Ds. Kapuh,55,,normatif_17,AHP_WSM,,refined_recall_max_any2026,RandomForest,grid_0005
AHP_WSM_17_vs_Historis_Any2026_Final,70,A_only,al - ikhlas - desa baluti,Al - Ikhlas - Ds. Baluti,57,,normatif_17,AHP_WSM,,refined_recall_max_any2026,RandomForest,grid_0005
AHP_WSM_17_vs_Historis_Any2026_Final,70,A_only,gerilya - desa simpur,Gerilya - Ds. Simpur,58,,normatif_17,AHP_WSM,,refined_recall_max_any2026,RandomForest,grid_0005
AHP_WSM_17_vs_Historis_Any2026_Final,70,A_only,kalumpang - baruh,Kalumpang - Baruh,59,,normatif_17,AHP_WSM,,refined_recall_max_any2026,RandomForest,grid_0005
AHP_WSM_17_vs_Historis_Any2026_Final,70,A_only,hamalau - asam cangkok,Hamalau - Asam Cangkok,60,,normatif_17,AHP_WSM,,refined_recall_max_any2026,RandomForest,grid_0005
AHP_WSM_17_vs_Historis_Any2026_Final,70,A_only,jangkang - desa wasah hilir,Jangkang - Ds. Wasah Hilir,62,,normatif_17,AHP_WSM,,refined_recall_max_any2026,RandomForest,grid_0005
AHP_WSM_17_vs_Historis_Any2026_Final,70,A_only,pandan sari - desa angkinang,Pandan Sari - Ds. Angkinang,64,,normatif_17,AHP_WSM,,refined_recall_max_any2026,RandomForest,grid_0005
AHP_WSM_17_vs_Historis_Any2026_Final,70,A_only,sp 4 baru tampang - sp bilui pamujaan,Sp. 4 Baru/Tampang - Sp. Bilui Pamujaan,65,,normatif_17,AHP_WSM,,refined_recall_max_any2026,RandomForest,grid_0005
AHP_WSM_17_vs_Historis_Any2026_Final,70,A_only,sp bakarung selatan - sei kudung,Sp. Bakarung Selatan - Sungai Kudung,68,,normatif_17,AHP_WSM,,refined_recall_max_any2026,RandomForest,grid_0005
AHP_WSM_17_vs_Historis_Any2026_Final,70,A_only,rahmah bahran,Rahmah Bahran,70,,normatif_17,AHP_WSM,,refined_recall_max_any2026,RandomForest,grid_0005
AHP_WSM_17_vs_Historis_Any2026_Final,70,B_only,sei raya selatan - malutu - goa berangin,sei raya selatan – malutu – goa berangin,,5,normatif_17,AHP_WSM,,refined_recall_max_any2026,RandomForest,grid_0005
AHP_WSM_17_vs_Historis_Any2026_Final,70,B_only,siang gantung - desa baru,siang gantung – desa baru,,7,normatif_17,AHP_WSM,,refined_recall_max_any2026,RandomForest,grid_0005
AHP_WSM_17_vs_Historis_Any2026_Final,70,B_only,jafri zamzam,jafri zamzam,,8,normatif_17,AHP_WSM,,refined_recall_max_any2026,RandomForest,grid_0005
AHP_WSM_17_vs_Historis_Any2026_Final,70,B_only,samuda - bajayau,samuda – bajayau,,9,normatif_17,AHP_WSM,,refined_recall_max_any2026,RandomForest,grid_0005
AHP_WSM_17_vs_Historis_Any2026_Final,70,B_only,baiturrahim parincahan,baiturrahim parincahan,,13,normatif_17,AHP_WSM,,refined_recall_max_any2026,RandomForest,grid_0005
AHP_WSM_17_vs_Historis_Any2026_Final,70,B_only,sei mandala murung raya,sei mandala murung raya,,15,normatif_17,AHP_WSM,,refined_recall_max_any2026,RandomForest,grid_0005
AHP_WSM_17_vs_Historis_Any2026_Final,70,B_only,dahlia,dahlia,,16,normatif_17,AHP_WSM,,refined_recall_max_any2026,RandomForest,grid_0005
AHP_WSM_17_vs_Historis_Any2026_Final,70,B_only,angkinang - kayu abang - panggang hijau,angkinang – kayu abang – panggang hijau,,17,normatif_17,AHP_WSM,,refined_recall_max_any2026,RandomForest,grid_0005
AHP_WSM_17_vs_Historis_Any2026_Final,70,B_only,mandapai - madang,mandapai – madang,,18,normatif_17,AHP_WSM,,refined_recall_max_any2026,RandomForest,grid_0005
AHP_WSM_17_vs_Historis_Any2026_Final,70,B_only,mawangi - bukuanin - telaga langsat,mawangi – bukuanin – telaga langsat,,20,normatif_17,AHP_WSM,,refined_recall_max_any2026,RandomForest,grid_0005
AHP_WSM_17_vs_Historis_Any2026_Final,70,B_only,bajayau - desa bajayau tengah,bajayau – desa bajayau tengah,,21,normatif_17,AHP_WSM,,refined_recall_max_any2026,RandomForest,grid_0005
AHP_WSM_17_vs_Historis_Any2026_Final,70,B_only,malinau - katingin - kamawakan,malinau – katingin – kamawakan,,23,normatif_17,AHP_WSM,,refined_recall_max_any2026,RandomForest,grid_0005
AHP_WSM_17_vs_Historis_Any2026_Final,70,B_only,bayanan - pihanin,bayanan – pihanin,,24,normatif_17,AHP_WSM,,refined_recall_max_any2026,RandomForest,grid_0005
AHP_WSM_17_vs_Historis_Any2026_Final,70,B_only,loklahung - kamawakan,loklahung – kamawakan,,25,normatif_17,AHP_WSM,,refined_recall_max_any2026,RandomForest,grid_0005
AHP_WSM_17_vs_Historis_Any2026_Final,70,B_only,tanuhi - ulang,tanuhi – ulang,,27,normatif_17,AHP_WSM,,refined_recall_max_any2026,RandomForest,grid_0005
AHP_WSM_17_vs_Historis_Any2026_Final,70,B_only,sp 4 mesjid sirih - sarang nyamuk - asam tamiyang,sp 4 mesjid sirih – sarang nyamuk – asam tamiyang,,28,normatif_17,AHP_WSM,,refined_recall_max_any2026,RandomForest,grid_0005
AHP_WSM_17_vs_Historis_Any2026_Final,70,B_only,halunuk - riam tajam talo - hamak umpaya,halunuk – riam tajam talo – hamak umpaya,,29,normatif_17,AHP_WSM,,refined_recall_max_any2026,RandomForest,grid_0005
AHP_WSM_17_vs_Historis_Any2026_Final,70,B_only,tembok lama - loklua,tembok lama – loklua,,30,normatif_17,AHP_WSM,,refined_recall_max_any2026,RandomForest,grid_0005
AHP_WSM_17_vs_Historis_Any2026_Final,70,B_only,gumbil - masimpan,gumbil – masimpan,,31,normatif_17,AHP_WSM,,refined_recall_max_any2026,RandomForest,grid_0005
AHP_WSM_17_vs_Historis_Any2026_Final,70,B_only,karasikan - sarang halang,karasikan – sarang halang,,35,normatif_17,AHP_WSM,,refined_recall_max_any2026,RandomForest,grid_0005
AHP_WSM_17_vs_Historis_Any2026_Final,70,B_only,gerilya depan pustu habirau,gerilya depan pustu habirau,,37,normatif_17,AHP_WSM,,refined_recall_max_any2026,RandomForest,grid_0005
AHP_WSM_17_vs_Historis_Any2026_Final,70,B_only,tukang garit tambangan,tukang garit tambangan,,39,normatif_17,AHP_WSM,,refined_recall_max_any2026,RandomForest,grid_0005
AHP_WSM_17_vs_Historis_Any2026_Final,70,B_only,tembok baru - desa baluti,tembok baru – desa baluti,,40,normatif_17,AHP_WSM,,refined_recall_max_any2026,RandomForest,grid_0005
AHP_WSM_17_vs_Historis_Any2026_Final,70,B_only,karang jawa - ambarai - sei bungur,karang jawa – ambarai – sei bungur,,43,normatif_17,AHP_WSM,,refined_recall_max_any2026,RandomForest,grid_0005
AHP_WSM_17_vs_Historis_Any2026_Final,70,B_only,mawangi - pariangan,mawangi – pariangan,,46,normatif_17,AHP_WSM,,refined_recall_max_any2026,RandomForest,grid_0005
AHP_WSM_17_vs_Historis_Any2026_Final,70,B_only,tabihi - telaga langsat,tabihi – telaga langsat,,47,normatif_17,AHP_WSM,,refined_recall_max_any2026,RandomForest,grid_0005
AHP_WSM_17_vs_Historis_Any2026_Final,70,B_only,rel angkinang,rel angkinang – angkinang,,48,normatif_17,AHP_WSM,,refined_recall_max_any2026,RandomForest,grid_0005
AHP_WSM_17_vs_Historis_Any2026_Final,70,B_only,kaminting batu,kaminting batu,,50,normatif_17,AHP_WSM,,refined_recall_max_any2026,RandomForest,grid_0005
AHP_WSM_17_vs_Historis_Any2026_Final,70,B_only,bakarung - tabihi - karang jawa,bakarung – tabihi – karang jawa,,52,normatif_17,AHP_WSM,,refined_recall_max_any2026,RandomForest,grid_0005
AHP_WSM_17_vs_Historis_Any2026_Final,70,B_only,telaga langsat - pakuan timur,telaga langsat – pakuan timur,,53,normatif_17,AHP_WSM,,refined_recall_max_any2026,RandomForest,grid_0005
AHP_WSM_17_vs_Historis_Any2026_Final,70,B_only,malilingin - lokbahan - paniungan,malilingin – lokbahan – paniungan,,54,normatif_17,AHP_WSM,,refined_recall_max_any2026,RandomForest,grid_0005
AHP_WSM_17_vs_Historis_Any2026_Final,70,B_only,tanayung - simp ambarai,tanayung – simp ambarai,,55,normatif_17,AHP_WSM,,refined_recall_max_any2026,RandomForest,grid_0005
AHP_WSM_17_vs_Historis_Any2026_Final,70,B_only,panjampang bahagia - hanau,panjampang bahagia – hanau,,57,normatif_17,AHP_WSM,,refined_recall_max_any2026,RandomForest,grid_0005
AHP_WSM_17_vs_Historis_Any2026_Final,70,B_only,kaliring - sp padang batung,kaliring – sp padang batung,,58,normatif_17,AHP_WSM,,refined_recall_max_any2026,RandomForest,grid_0005
AHP_WSM_17_vs_Historis_Any2026_Final,70,B_only,bamban selatan - pakuan,bamban selatan – pakuan,,59,normatif_17,AHP_WSM,,refined_recall_max_any2026,RandomForest,grid_0005
AHP_WSM_17_vs_Historis_Any2026_Final,70,B_only,hamalau - anjiran,hamalau – anjiran,,60,normatif_17,AHP_WSM,,refined_recall_max_any2026,RandomForest,grid_0005
AHP_WSM_17_vs_Historis_Any2026_Final,70,B_only,sp hamalau - teluk pinang,sp hamalau – teluk pinang,,61,normatif_17,AHP_WSM,,refined_recall_max_any2026,RandomForest,grid_0005
AHP_WSM_17_vs_Historis_Any2026_Final,70,B_only,bumi berkat - mungkur galah,bumi berkat – mungkur galah,,63,normatif_17,AHP_WSM,,refined_recall_max_any2026,RandomForest,grid_0005
AHP_WSM_17_vs_Historis_Any2026_Final,70,B_only,kalumpang - balimau,kalumpang – balimau,,64,normatif_17,AHP_WSM,,refined_recall_max_any2026,RandomForest,grid_0005
AHP_WSM_17_vs_Historis_Any2026_Final,70,B_only,pagat batu - muara hariang,pagat batu – muara hariang,,65,normatif_17,AHP_WSM,,refined_recall_max_any2026,RandomForest,grid_0005
AHP_WSM_17_vs_Historis_Any2026_Final,70,B_only,sei raya selatan - sarang halang,sei raya selatan – sarang halang,,67,normatif_17,AHP_WSM,,refined_recall_max_any2026,RandomForest,grid_0005
AHP_WSM_17_vs_Historis_Any2026_Final,70,B_only,negara - tumbukan banyu,negara – tumbukan banyu,,68,normatif_17,AHP_WSM,,refined_recall_max_any2026,RandomForest,grid_0005
AHP_WSM_17_vs_Historis_Any2026_Final,70,B_only,teluk pinang - baluti,teluk pinang – baluti,,69,normatif_17,AHP_WSM,,refined_recall_max_any2026,RandomForest,grid_0005
AHP_WSM_17_vs_Historis_Any2026_Final,70,B_only,angkinang selatan - tawia - wawaran,angkinang selatan – tawia – wawaran,,70,normatif_17,AHP_WSM,,refined_recall_max_any2026,RandomForest,grid_0005
AHP_WSM_17_vs_Historis_Any2026_Final,105,overlap,singakarsa - palas,Singakarsa - Palas,3,13,normatif_17,AHP_WSM,,refined_recall_max_any2026,RandomForest,rerank_medium
AHP_WSM_17_vs_Historis_Any2026_Final,105,overlap,wasah hulu - amparaya - simpur,Wasah Hulu - Amparaya - Simpur,6,33,normatif_17,AHP_WSM,,refined_recall_max_any2026,RandomForest,rerank_medium
AHP_WSM_17_vs_Historis_Any2026_Final,105,overlap,bakarung - rantauan,Bakarung - Rantauan,8,91,normatif_17,AHP_WSM,,refined_recall_max_any2026,RandomForest,rerank_medium
AHP_WSM_17_vs_Historis_Any2026_Final,105,overlap,angkinang - telaga langsat,Angkinang - Telaga Langsat,12,40,normatif_17,AHP_WSM,,refined_recall_max_any2026,RandomForest,rerank_medium
AHP_WSM_17_vs_Historis_Any2026_Final,105,overlap,hamalau - ganda,Hamalau - Ganda,13,39,normatif_17,AHP_WSM,,refined_recall_max_any2026,RandomForest,rerank_medium
AHP_WSM_17_vs_Historis_Any2026_Final,105,overlap,palajau - desa baluti,Palajau - Ds. Baluti,16,6,normatif_17,AHP_WSM,,refined_recall_max_any2026,RandomForest,rerank_medium
AHP_WSM_17_vs_Historis_Any2026_Final,105,overlap,teluk mesjid - sp 4 muara banta,Teluk Mesjid - Sp. 4 Muara Banta,17,84,normatif_17,AHP_WSM,,refined_recall_max_any2026,RandomForest,rerank_medium
AHP_WSM_17_vs_Historis_Any2026_Final,105,overlap,sei raya - jambu hulu paku,Sungai Raya - Jambu Hulu/Paku,20,41,normatif_17,AHP_WSM,,refined_recall_max_any2026,RandomForest,rerank_medium
AHP_WSM_17_vs_Historis_Any2026_Final,105,overlap,pandak daun - baruh jaya - samuda,Pandak Daun - Baruh Jaya - Samuda,21,10,normatif_17,AHP_WSM,,refined_recall_max_any2026,RandomForest,rerank_medium
AHP_WSM_17_vs_Historis_Any2026_Final,105,overlap,bayanan - habirau tengah,Bayanan - Habirau Tengah,22,22,normatif_17,AHP_WSM,,refined_recall_max_any2026,RandomForest,rerank_medium
AHP_WSM_17_vs_Historis_Any2026_Final,105,overlap,taniran selatan kubah - buntut taniran wawaran,Taniran Selatan Kubah - Buntut Taniran / Wawaran,23,2,normatif_17,AHP_WSM,,refined_recall_max_any2026,RandomForest,rerank_medium
AHP_WSM_17_vs_Historis_Any2026_Final,105,overlap,tambangan - desa baruh jaya,Tambangan - Ds. Baruh Jaya,26,12,normatif_17,AHP_WSM,,refined_recall_max_any2026,RandomForest,rerank_medium
AHP_WSM_17_vs_Historis_Any2026_Final,105,overlap,amawang muka - getek,Amawang Muka - Getek,29,27,normatif_17,AHP_WSM,,refined_recall_max_any2026,RandomForest,rerank_medium
AHP_WSM_17_vs_Historis_Any2026_Final,105,overlap,asam cangkuk - telaga bidadari,Asam Cangkuk - Telaga Bidadari,31,48,normatif_17,AHP_WSM,,refined_recall_max_any2026,RandomForest,rerank_medium
AHP_WSM_17_vs_Historis_Any2026_Final,105,overlap,taal batang kulur - sp 3 muara prg agung,Taal Batang Kulur - Sp. 3 Muara Prg Agung,34,47,normatif_17,AHP_WSM,,refined_recall_max_any2026,RandomForest,rerank_medium
AHP_WSM_17_vs_Historis_Any2026_Final,105,overlap,hamalau - telaga bidadari - wasah hilir,Hamalau - Telaga Bidadari - Wasah Hilir,36,26,normatif_17,AHP_WSM,,refined_recall_max_any2026,RandomForest,rerank_medium
AHP_WSM_17_vs_Historis_Any2026_Final,105,overlap,tumbukan banyu - banua hanyar,Tumbukan Banyu - Banua Hanyar,43,36,normatif_17,AHP_WSM,,refined_recall_max_any2026,RandomForest,rerank_medium
AHP_WSM_17_vs_Historis_Any2026_Final,105,overlap,baluti - jambu hulu paku,Baluti - Jambu Hulu (Paku),46,44,normatif_17,AHP_WSM,,refined_recall_max_any2026,RandomForest,rerank_medium
AHP_WSM_17_vs_Historis_Any2026_Final,105,overlap,panggang hijau - desa tawar,Panggang Hijau - Ds. Tawar,47,54,normatif_17,AHP_WSM,,refined_recall_max_any2026,RandomForest,rerank_medium
AHP_WSM_17_vs_Historis_Any2026_Final,105,overlap,samping bappeda - mesjid darul halik,Samping Bappeda - Mesjid Darul Halik,51,29,normatif_17,AHP_WSM,,refined_recall_max_any2026,RandomForest,rerank_medium
AHP_WSM_17_vs_Historis_Any2026_Final,105,overlap,sp 4 banjarbaru - pihanin raya,SP.4. Banjarbaru - Pihanin Raya,52,35,normatif_17,AHP_WSM,,refined_recall_max_any2026,RandomForest,rerank_medium
AHP_WSM_17_vs_Historis_Any2026_Final,105,overlap,padang batung - batulaki - malilingin,Padang Batung - Batulaki - Malilingin,53,1,normatif_17,AHP_WSM,,refined_recall_max_any2026,RandomForest,rerank_medium
AHP_WSM_17_vs_Historis_Any2026_Final,105,overlap,tungkaran - desa ulin,Tungkaran - Ds. Ulin,54,99,normatif_17,AHP_WSM,,refined_recall_max_any2026,RandomForest,rerank_medium
AHP_WSM_17_vs_Historis_Any2026_Final,105,overlap,sei paring - sei hanyar pantai ulin,Sungai Paring - Sei Hanyar Pantai Ulin,56,8,normatif_17,AHP_WSM,,refined_recall_max_any2026,RandomForest,rerank_medium
AHP_WSM_17_vs_Historis_Any2026_Final,105,overlap,hamalau - asam cangkok,Hamalau - Asam Cangkok,60,73,normatif_17,AHP_WSM,,refined_recall_max_any2026,RandomForest,rerank_medium
AHP_WSM_17_vs_Historis_Any2026_Final,105,overlap,wasah hilir - amparaya,Wasah Hilir - Amparaya,61,52,normatif_17,AHP_WSM,,refined_recall_max_any2026,RandomForest,rerank_medium
AHP_WSM_17_vs_Historis_Any2026_Final,105,overlap,paku jambu hulu - ganda,Paku (Jambu Hulu) - Ganda,63,21,normatif_17,AHP_WSM,,refined_recall_max_any2026,RandomForest,rerank_medium
AHP_WSM_17_vs_Historis_Any2026_Final,105,overlap,pakan dalam - kaminting batu,Pakan Dalam - Kaminting Batu,66,51,normatif_17,AHP_WSM,,refined_recall_max_any2026,RandomForest,rerank_medium
AHP_WSM_17_vs_Historis_Any2026_Final,105,overlap,padang haur - desa wasah tengah,Padang Haur - Ds. Wasah Tengah,67,5,normatif_17,AHP_WSM,,refined_recall_max_any2026,RandomForest,rerank_medium
AHP_WSM_17_vs_Historis_Any2026_Final,105,overlap,pangeran antasari - loklua,Pangeran Antasari - Loklua,69,58,normatif_17,AHP_WSM,,refined_recall_max_any2026,RandomForest,rerank_medium
AHP_WSM_17_vs_Historis_Any2026_Final,105,overlap,tanjungan - sp 10 batang kulur - sei kali,Tanjungan - Sp. 10 Batang Kulur - Sungai Kali,72,68,normatif_17,AHP_WSM,,refined_recall_max_any2026,RandomForest,rerank_medium
AHP_WSM_17_vs_Historis_Any2026_Final,105,overlap,angkinang - kayu abang - panggang hijau,Angkinang - Kayu Abang - Panggang Hijau,73,24,normatif_17,AHP_WSM,,refined_recall_max_any2026,RandomForest,rerank_medium
AHP_WSM_17_vs_Historis_Any2026_Final,105,overlap,bakarung - tabihi - karang jawa,Bakarung -Tabihi - Karang Jawa,74,42,normatif_17,AHP_WSM,,refined_recall_max_any2026,RandomForest,rerank_medium
AHP_WSM_17_vs_Historis_Any2026_Final,105,overlap,papagaran palangsatan,Papagaran/Palangsatan,78,94,normatif_17,AHP_WSM,,refined_recall_max_any2026,RandomForest,rerank_medium
AHP_WSM_17_vs_Historis_Any2026_Final,105,overlap,baiturrahim parincahan,Baiturrahim Parincahan,79,16,normatif_17,AHP_WSM,,refined_recall_max_any2026,RandomForest,rerank_medium
AHP_WSM_17_vs_Historis_Any2026_Final,105,overlap,karasikan - sarang halang,Karasikan - Sarang Halang,82,50,normatif_17,AHP_WSM,,refined_recall_max_any2026,RandomForest,rerank_medium
AHP_WSM_17_vs_Historis_Any2026_Final,105,overlap,kalimput desa wasah hilir,Kalimput Desa Wasah Hilir,94,103,normatif_17,AHP_WSM,,refined_recall_max_any2026,RandomForest,rerank_medium
AHP_WSM_17_vs_Historis_Any2026_Final,105,overlap,bakarung tengah - karang jawa,Bakarung Tengah - Karang Jawa,95,75,normatif_17,AHP_WSM,,refined_recall_max_any2026,RandomForest,rerank_medium
AHP_WSM_17_vs_Historis_Any2026_Final,105,overlap,teluk pinang - padang rasau,Teluk Pinang - Padang Rasau,96,67,normatif_17,AHP_WSM,,refined_recall_max_any2026,RandomForest,rerank_medium
AHP_WSM_17_vs_Historis_Any2026_Final,105,overlap,jend sudirman,Jend. Sudirman,97,82,normatif_17,AHP_WSM,,refined_recall_max_any2026,RandomForest,rerank_medium
AHP_WSM_17_vs_Historis_Any2026_Final,105,A_only,panglima batur,Panglima Batur,1,,normatif_17,AHP_WSM,,refined_recall_max_any2026,RandomForest,rerank_medium
AHP_WSM_17_vs_Historis_Any2026_Final,105,A_only,aluh idut,Aluh Idut,2,,normatif_17,AHP_WSM,,refined_recall_max_any2026,RandomForest,rerank_medium
AHP_WSM_17_vs_Historis_Any2026_Final,105,A_only,kandangan hulu - sp tabihi,Kandangan Hulu - Sp. Tabihi,4,,normatif_17,AHP_WSM,,refined_recall_max_any2026,RandomForest,rerank_medium
AHP_WSM_17_vs_Historis_Any2026_Final,105,A_only,merah johansyah - melati,Merah Johansyah - Melati,5,,normatif_17,AHP_WSM,,refined_recall_max_any2026,RandomForest,rerank_medium
AHP_WSM_17_vs_Historis_Any2026_Final,105,A_only,pemuda,Pemuda,7,,normatif_17,AHP_WSM,,refined_recall_max_any2026,RandomForest,rerank_medium
AHP_WSM_17_vs_Historis_Any2026_Final,105,A_only,parindra,Parindra,9,,normatif_17,AHP_WSM,,refined_recall_max_any2026,RandomForest,rerank_medium
AHP_WSM_17_vs_Historis_Any2026_Final,105,A_only,wasah tengah - sei tarap,Wasah Tengah - Sungai Tarap,10,,normatif_17,AHP_WSM,,refined_recall_max_any2026,RandomForest,rerank_medium
AHP_WSM_17_vs_Historis_Any2026_Final,105,A_only,kesehatan - komp rmh dokter,Kesehatan - Komp. Rmh Dokter,11,,normatif_17,AHP_WSM,,refined_recall_max_any2026,RandomForest,rerank_medium
AHP_WSM_17_vs_Historis_Any2026_Final,105,A_only,simpur - sp 3 muara paring agung,Simpur - Sp. 3 Muara Paring Agung,14,,normatif_17,AHP_WSM,,refined_recall_max_any2026,RandomForest,rerank_medium
AHP_WSM_17_vs_Historis_Any2026_Final,105,A_only,anggrek,Anggrek,15,,normatif_17,AHP_WSM,,refined_recall_max_any2026,RandomForest,rerank_medium
AHP_WSM_17_vs_Historis_Any2026_Final,105,A_only,wahab syahrani,Wahab Syahrani,18,,normatif_17,AHP_WSM,,refined_recall_max_any2026,RandomForest,rerank_medium
AHP_WSM_17_vs_Historis_Any2026_Final,105,A_only,menuju stadion 2 desember,Menuju Stadion 2 Desember,19,,normatif_17,AHP_WSM,,refined_recall_max_any2026,RandomForest,rerank_medium
AHP_WSM_17_vs_Historis_Any2026_Final,105,A_only,sekolah islam kandangan barat,Sekolah Islam (Kandangan Barat),24,,normatif_17,AHP_WSM,,refined_recall_max_any2026,RandomForest,rerank_medium
AHP_WSM_17_vs_Historis_Any2026_Final,105,A_only,ks tubun,KS. Tubun,25,,normatif_17,AHP_WSM,,refined_recall_max_any2026,RandomForest,rerank_medium
AHP_WSM_17_vs_Historis_Any2026_Final,105,A_only,tibung raya - asam cangkuk,Tibung Raya - Asam Cangkuk,27,,normatif_17,AHP_WSM,,refined_recall_max_any2026,RandomForest,rerank_medium
AHP_WSM_17_vs_Historis_Any2026_Final,105,A_only,taniran selatan - rantauan,Taniran Selatan - Rantauan,28,,normatif_17,AHP_WSM,,refined_recall_max_any2026,RandomForest,rerank_medium
AHP_WSM_17_vs_Historis_Any2026_Final,105,A_only,hamalau - pahampangan,Hamalau - Pahampangan,30,,normatif_17,AHP_WSM,,refined_recall_max_any2026,RandomForest,rerank_medium
AHP_WSM_17_vs_Historis_Any2026_Final,105,A_only,rantauan - sei baru pulau,Rantauan - Sungai Baru (Pulau),32,,normatif_17,AHP_WSM,,refined_recall_max_any2026,RandomForest,rerank_medium
AHP_WSM_17_vs_Historis_Any2026_Final,105,A_only,wasah hilir - sarang halang,Wasah Hilir - Sarang Halang,33,,normatif_17,AHP_WSM,,refined_recall_max_any2026,RandomForest,rerank_medium
AHP_WSM_17_vs_Historis_Any2026_Final,105,A_only,newangsekarti - desa gambah luar muka,Newangsekarti - Ds. Gambah Luar Muka,35,,normatif_17,AHP_WSM,,refined_recall_max_any2026,RandomForest,rerank_medium
AHP_WSM_17_vs_Historis_Any2026_Final,105,A_only,papancan - desa tanah bangkang,Papancan - Ds. Tanah Bangkang,37,,normatif_17,AHP_WSM,,refined_recall_max_any2026,RandomForest,rerank_medium
AHP_WSM_17_vs_Historis_Any2026_Final,105,A_only,air miris - desa wasah hilir,Air Miris - Ds. Wasah Hilir,38,,normatif_17,AHP_WSM,,refined_recall_max_any2026,RandomForest,rerank_medium
AHP_WSM_17_vs_Historis_Any2026_Final,105,A_only,kolonel sugiono,Kolonel Sugiono,39,,normatif_17,AHP_WSM,,refined_recall_max_any2026,RandomForest,rerank_medium
AHP_WSM_17_vs_Historis_Any2026_Final,105,A_only,aes nasution,AES Nasution,40,,normatif_17,AHP_WSM,,refined_recall_max_any2026,RandomForest,rerank_medium
AHP_WSM_17_vs_Historis_Any2026_Final,105,A_only,musyawarah nagara,Musyawarah (Nagara),41,,normatif_17,AHP_WSM,,refined_recall_max_any2026,RandomForest,rerank_medium
AHP_WSM_17_vs_Historis_Any2026_Final,105,A_only,pertanian - desa wasah tengah,Pertanian - Ds. Wasah Tengah,42,,normatif_17,AHP_WSM,,refined_recall_max_any2026,RandomForest,rerank_medium
AHP_WSM_17_vs_Historis_Any2026_Final,105,A_only,karang intan - tanah bangkang,Karang Intan - Tanah Bangkang,44,,normatif_17,AHP_WSM,,refined_recall_max_any2026,RandomForest,rerank_medium
AHP_WSM_17_vs_Historis_Any2026_Final,105,A_only,haritas pt pertani,Haritas (PT. Pertani),45,,normatif_17,AHP_WSM,,refined_recall_max_any2026,RandomForest,rerank_medium
AHP_WSM_17_vs_Historis_Any2026_Final,105,A_only,tawia - kayu abang,Tawia - Kayu Abang,48,,normatif_17,AHP_WSM,,refined_recall_max_any2026,RandomForest,rerank_medium
AHP_WSM_17_vs_Historis_Any2026_Final,105,A_only,tembok kacil sei kudung,Tembok Kacil. Sei. Kudung,49,,normatif_17,AHP_WSM,,refined_recall_max_any2026,RandomForest,rerank_medium
AHP_WSM_17_vs_Historis_Any2026_Final,105,A_only,bina bakat,Bina Bakat,50,,normatif_17,AHP_WSM,,refined_recall_max_any2026,RandomForest,rerank_medium
AHP_WSM_17_vs_Historis_Any2026_Final,105,A_only,slasa garih - desa kapuh,Slasa Garih - Ds. Kapuh,55,,normatif_17,AHP_WSM,,refined_recall_max_any2026,RandomForest,rerank_medium
AHP_WSM_17_vs_Historis_Any2026_Final,105,A_only,al - ikhlas - desa baluti,Al - Ikhlas - Ds. Baluti,57,,normatif_17,AHP_WSM,,refined_recall_max_any2026,RandomForest,rerank_medium
AHP_WSM_17_vs_Historis_Any2026_Final,105,A_only,gerilya - desa simpur,Gerilya - Ds. Simpur,58,,normatif_17,AHP_WSM,,refined_recall_max_any2026,RandomForest,rerank_medium
AHP_WSM_17_vs_Historis_Any2026_Final,105,A_only,kalumpang - baruh,Kalumpang - Baruh,59,,normatif_17,AHP_WSM,,refined_recall_max_any2026,RandomForest,rerank_medium
AHP_WSM_17_vs_Historis_Any2026_Final,105,A_only,jangkang - desa wasah hilir,Jangkang - Ds. Wasah Hilir,62,,normatif_17,AHP_WSM,,refined_recall_max_any2026,RandomForest,rerank_medium
AHP_WSM_17_vs_Historis_Any2026_Final,105,A_only,pandan sari - desa angkinang,Pandan Sari - Ds. Angkinang,64,,normatif_17,AHP_WSM,,refined_recall_max_any2026,RandomForest,rerank_medium
AHP_WSM_17_vs_Historis_Any2026_Final,105,A_only,sp 4 baru tampang - sp bilui pamujaan,Sp. 4 Baru/Tampang - Sp. Bilui Pamujaan,65,,normatif_17,AHP_WSM,,refined_recall_max_any2026,RandomForest,rerank_medium
AHP_WSM_17_vs_Historis_Any2026_Final,105,A_only,sp bakarung selatan - sei kudung,Sp. Bakarung Selatan - Sungai Kudung,68,,normatif_17,AHP_WSM,,refined_recall_max_any2026,RandomForest,rerank_medium
AHP_WSM_17_vs_Historis_Any2026_Final,105,A_only,rahmah bahran,Rahmah Bahran,70,,normatif_17,AHP_WSM,,refined_recall_max_any2026,RandomForest,rerank_medium
AHP_WSM_17_vs_Historis_Any2026_Final,105,A_only,karampaci - desa kapuh,Karampaci - Ds. Kapuh,71,,normatif_17,AHP_WSM,,refined_recall_max_any2026,RandomForest,rerank_medium
AHP_WSM_17_vs_Historis_Any2026_Final,105,A_only,banua kambang - desa wasah tengah,Banua Kambang - Ds. Wasah Tengah,75,,normatif_17,AHP_WSM,,refined_recall_max_any2026,RandomForest,rerank_medium
AHP_WSM_17_vs_Historis_Any2026_Final,105,A_only,desa kapuh tengah menuju majelis talim,Ds. Kapuh Tengah (Menuju Majelis Talim),76,,normatif_17,AHP_WSM,,refined_recall_max_any2026,RandomForest,rerank_medium
AHP_WSM_17_vs_Historis_Any2026_Final,105,A_only,anjiran rantauan - desa taniran tengah,Anjiran Rantauan - Ds. Taniran Tengah,77,,normatif_17,AHP_WSM,,refined_recall_max_any2026,RandomForest,rerank_medium
AHP_WSM_17_vs_Historis_Any2026_Final,105,A_only,palas - desa wasah tengah,Palas - Ds. Wasah Tengah,80,,normatif_17,AHP_WSM,,refined_recall_max_any2026,RandomForest,rerank_medium
AHP_WSM_17_vs_Historis_Any2026_Final,105,A_only,lorong bupati,Lorong Bupati,81,,normatif_17,AHP_WSM,,refined_recall_max_any2026,RandomForest,rerank_medium
AHP_WSM_17_vs_Historis_Any2026_Final,105,A_only,teratai menuju komp perumnas hamalau,Teratai Menuju Komplek Perumnas Hamalau,83,,normatif_17,AHP_WSM,,refined_recall_max_any2026,RandomForest,rerank_medium
AHP_WSM_17_vs_Historis_Any2026_Final,105,A_only,simpur - simp bilui,Simpur - Simp. Bilui,84,,normatif_17,AHP_WSM,,refined_recall_max_any2026,RandomForest,rerank_medium
AHP_WSM_17_vs_Historis_Any2026_Final,105,A_only,banua hanyar - desa tanjung selor,Banua Hanyar - Ds. Tanjung Selor,85,,normatif_17,AHP_WSM,,refined_recall_max_any2026,RandomForest,rerank_medium
AHP_WSM_17_vs_Historis_Any2026_Final,105,A_only,sei kacil i - kapuh padang,Sungai Kacil I - Kapuh Padang,86,,normatif_17,AHP_WSM,,refined_recall_max_any2026,RandomForest,rerank_medium
AHP_WSM_17_vs_Historis_Any2026_Final,105,A_only,jangkang - pantai ulin,Jangkang - Pantai Ulin,87,,normatif_17,AHP_WSM,,refined_recall_max_any2026,RandomForest,rerank_medium
AHP_WSM_17_vs_Historis_Any2026_Final,105,A_only,papagaran - desa amawang kanan,Papagaran - Ds. Amawang Kanan,88,,normatif_17,AHP_WSM,,refined_recall_max_any2026,RandomForest,rerank_medium
AHP_WSM_17_vs_Historis_Any2026_Final,105,A_only,munggu raya - desa hariti,Munggu Raya - Ds. Hariti,89,,normatif_17,AHP_WSM,,refined_recall_max_any2026,RandomForest,rerank_medium
AHP_WSM_17_vs_Historis_Any2026_Final,105,A_only,budi bakti - tiga desember,Budi Bakti - Tiga Desember,90,,normatif_17,AHP_WSM,,refined_recall_max_any2026,RandomForest,rerank_medium
AHP_WSM_17_vs_Historis_Any2026_Final,105,A_only,halayung - hantarukung,Halayung - Hantarukung,91,,normatif_17,AHP_WSM,,refined_recall_max_any2026,RandomForest,rerank_medium
AHP_WSM_17_vs_Historis_Any2026_Final,105,A_only,ambarai - madang,Ambarai - Madang,92,,normatif_17,AHP_WSM,,refined_recall_max_any2026,RandomForest,rerank_medium
AHP_WSM_17_vs_Historis_Any2026_Final,105,A_only,pianggu,Pianggu,93,,normatif_17,AHP_WSM,,refined_recall_max_any2026,RandomForest,rerank_medium
AHP_WSM_17_vs_Historis_Any2026_Final,105,A_only,at - taubah - desa kapuh,At-Taubah - Ds. Kapuh,98,,normatif_17,AHP_WSM,,refined_recall_max_any2026,RandomForest,rerank_medium
AHP_WSM_17_vs_Historis_Any2026_Final,105,A_only,muara banta - karang jawa,Muara Banta - Karang Jawa,99,,normatif_17,AHP_WSM,,refined_recall_max_any2026,RandomForest,rerank_medium
AHP_WSM_17_vs_Historis_Any2026_Final,105,A_only,ulin - tanggul balai mas,Ulin - Tanggul (Balai Mas),100,,normatif_17,AHP_WSM,,refined_recall_max_any2026,RandomForest,rerank_medium
AHP_WSM_17_vs_Historis_Any2026_Final,105,A_only,pandulangan - kalinduku,Pandulangan - Kalinduku,101,,normatif_17,AHP_WSM,,refined_recall_max_any2026,RandomForest,rerank_medium
AHP_WSM_17_vs_Historis_Any2026_Final,105,A_only,rawati - desa panjampang bahagia,Rawati - Ds. Panjampang Bahagia,102,,normatif_17,AHP_WSM,,refined_recall_max_any2026,RandomForest,rerank_medium
AHP_WSM_17_vs_Historis_Any2026_Final,105,A_only,firdaus - desa kapuh,Firdaus - Ds. Kapuh,103,,normatif_17,AHP_WSM,,refined_recall_max_any2026,RandomForest,rerank_medium
AHP_WSM_17_vs_Historis_Any2026_Final,105,A_only,tanjung selor - desa badaun,Tanjung Selor - Ds. Badaun,104,,normatif_17,AHP_WSM,,refined_recall_max_any2026,RandomForest,rerank_medium
AHP_WSM_17_vs_Historis_Any2026_Final,105,A_only,bangga,Bangga TMMD,105,,normatif_17,AHP_WSM,,refined_recall_max_any2026,RandomForest,rerank_medium
AHP_WSM_17_vs_Historis_Any2026_Final,105,B_only,siang gantung - desa baru,siang gantung – desa baru,,3,normatif_17,AHP_WSM,,refined_recall_max_any2026,RandomForest,rerank_medium
AHP_WSM_17_vs_Historis_Any2026_Final,105,B_only,sei raya selatan - malutu - goa berangin,sei raya selatan – malutu – goa berangin,,4,normatif_17,AHP_WSM,,refined_recall_max_any2026,RandomForest,rerank_medium
AHP_WSM_17_vs_Historis_Any2026_Final,105,B_only,jafri zamzam,jafri zamzam,,7,normatif_17,AHP_WSM,,refined_recall_max_any2026,RandomForest,rerank_medium
AHP_WSM_17_vs_Historis_Any2026_Final,105,B_only,samuda - bajayau,samuda – bajayau,,9,normatif_17,AHP_WSM,,refined_recall_max_any2026,RandomForest,rerank_medium
AHP_WSM_17_vs_Historis_Any2026_Final,105,B_only,bajayau - desa bajayau tengah,bajayau – desa bajayau tengah,,11,normatif_17,AHP_WSM,,refined_recall_max_any2026,RandomForest,rerank_medium
AHP_WSM_17_vs_Historis_Any2026_Final,105,B_only,malinau - katingin - kamawakan,malinau – katingin – kamawakan,,14,normatif_17,AHP_WSM,,refined_recall_max_any2026,RandomForest,rerank_medium
AHP_WSM_17_vs_Historis_Any2026_Final,105,B_only,mawangi - bukuanin - telaga langsat,mawangi – bukuanin – telaga langsat,,15,normatif_17,AHP_WSM,,refined_recall_max_any2026,RandomForest,rerank_medium
AHP_WSM_17_vs_Historis_Any2026_Final,105,B_only,tanuhi - ulang,tanuhi – ulang,,17,normatif_17,AHP_WSM,,refined_recall_max_any2026,RandomForest,rerank_medium
AHP_WSM_17_vs_Historis_Any2026_Final,105,B_only,mandapai - madang,mandapai – madang,,18,normatif_17,AHP_WSM,,refined_recall_max_any2026,RandomForest,rerank_medium
AHP_WSM_17_vs_Historis_Any2026_Final,105,B_only,dahlia,dahlia,,19,normatif_17,AHP_WSM,,refined_recall_max_any2026,RandomForest,rerank_medium
AHP_WSM_17_vs_Historis_Any2026_Final,105,B_only,sei mandala murung raya,sei mandala murung raya,,20,normatif_17,AHP_WSM,,refined_recall_max_any2026,RandomForest,rerank_medium
AHP_WSM_17_vs_Historis_Any2026_Final,105,B_only,loklahung - kamawakan,loklahung – kamawakan,,23,normatif_17,AHP_WSM,,refined_recall_max_any2026,RandomForest,rerank_medium
AHP_WSM_17_vs_Historis_Any2026_Final,105,B_only,bayanan - pihanin,bayanan – pihanin,,25,normatif_17,AHP_WSM,,refined_recall_max_any2026,RandomForest,rerank_medium
AHP_WSM_17_vs_Historis_Any2026_Final,105,B_only,gumbil - masimpan,gumbil – masimpan,,28,normatif_17,AHP_WSM,,refined_recall_max_any2026,RandomForest,rerank_medium
AHP_WSM_17_vs_Historis_Any2026_Final,105,B_only,halunuk - riam tajam talo - hamak umpaya,halunuk – riam tajam talo – hamak umpaya,,30,normatif_17,AHP_WSM,,refined_recall_max_any2026,RandomForest,rerank_medium
AHP_WSM_17_vs_Historis_Any2026_Final,105,B_only,tembok baru - desa baluti,tembok baru – desa baluti,,31,normatif_17,AHP_WSM,,refined_recall_max_any2026,RandomForest,rerank_medium
AHP_WSM_17_vs_Historis_Any2026_Final,105,B_only,tukang garit tambangan,tukang garit tambangan,,32,normatif_17,AHP_WSM,,refined_recall_max_any2026,RandomForest,rerank_medium
AHP_WSM_17_vs_Historis_Any2026_Final,105,B_only,sp 4 mesjid sirih - sarang nyamuk - asam tamiyang,sp 4 mesjid sirih – sarang nyamuk – asam tamiyang,,34,normatif_17,AHP_WSM,,refined_recall_max_any2026,RandomForest,rerank_medium
AHP_WSM_17_vs_Historis_Any2026_Final,105,B_only,tembok lama - loklua,tembok lama – loklua,,37,normatif_17,AHP_WSM,,refined_recall_max_any2026,RandomForest,rerank_medium
AHP_WSM_17_vs_Historis_Any2026_Final,105,B_only,tabihi - telaga langsat,tabihi – telaga langsat,,38,normatif_17,AHP_WSM,,refined_recall_max_any2026,RandomForest,rerank_medium
AHP_WSM_17_vs_Historis_Any2026_Final,105,B_only,bamban selatan - pakuan,bamban selatan – pakuan,,43,normatif_17,AHP_WSM,,refined_recall_max_any2026,RandomForest,rerank_medium
AHP_WSM_17_vs_Historis_Any2026_Final,105,B_only,bumi berkat - mungkur galah,bumi berkat – mungkur galah,,45,normatif_17,AHP_WSM,,refined_recall_max_any2026,RandomForest,rerank_medium
AHP_WSM_17_vs_Historis_Any2026_Final,105,B_only,hamalau - anjiran,hamalau – anjiran,,46,normatif_17,AHP_WSM,,refined_recall_max_any2026,RandomForest,rerank_medium
AHP_WSM_17_vs_Historis_Any2026_Final,105,B_only,kalumpang - balimau,kalumpang – balimau,,49,normatif_17,AHP_WSM,,refined_recall_max_any2026,RandomForest,rerank_medium
AHP_WSM_17_vs_Historis_Any2026_Final,105,B_only,bago tanggul - katilang - teratai,bago tanggul – katilang – teratai,,53,normatif_17,AHP_WSM,,refined_recall_max_any2026,RandomForest,rerank_medium
AHP_WSM_17_vs_Historis_Any2026_Final,105,B_only,sp empat lungau - bangkau,sp empat lungau – bangkau,,55,normatif_17,AHP_WSM,,refined_recall_max_any2026,RandomForest,rerank_medium
AHP_WSM_17_vs_Historis_Any2026_Final,105,B_only,teluk pinang - baluti,teluk pinang – baluti,,56,normatif_17,AHP_WSM,,refined_recall_max_any2026,RandomForest,rerank_medium
AHP_WSM_17_vs_Historis_Any2026_Final,105,B_only,gerilya depan pustu habirau,gerilya depan pustu habirau,,57,normatif_17,AHP_WSM,,refined_recall_max_any2026,RandomForest,rerank_medium
AHP_WSM_17_vs_Historis_Any2026_Final,105,B_only,malilingin - lokbahan - paniungan,malilingin – lokbahan – paniungan,,59,normatif_17,AHP_WSM,,refined_recall_max_any2026,RandomForest,rerank_medium
AHP_WSM_17_vs_Historis_Any2026_Final,105,B_only,negara - tumbukan banyu,negara – tumbukan banyu,,60,normatif_17,AHP_WSM,,refined_recall_max_any2026,RandomForest,rerank_medium
AHP_WSM_17_vs_Historis_Any2026_Final,105,B_only,mawangi - pariangan,mawangi – pariangan,,61,normatif_17,AHP_WSM,,refined_recall_max_any2026,RandomForest,rerank_medium
AHP_WSM_17_vs_Historis_Any2026_Final,105,B_only,angkinang selatan - tawia - wawaran,angkinang selatan – tawia – wawaran,,62,normatif_17,AHP_WSM,,refined_recall_max_any2026,RandomForest,rerank_medium
AHP_WSM_17_vs_Historis_Any2026_Final,105,B_only,longawang - gumbil,longawang – gumbil,,63,normatif_17,AHP_WSM,,refined_recall_max_any2026,RandomForest,rerank_medium
AHP_WSM_17_vs_Historis_Any2026_Final,105,B_only,karang jawa - ambarai - sei bungur,karang jawa – ambarai – sei bungur,,64,normatif_17,AHP_WSM,,refined_recall_max_any2026,RandomForest,rerank_medium
AHP_WSM_17_vs_Historis_Any2026_Final,105,B_only,sp 4 banjarbaru - pasar negara,sp 4 banjarbaru – pasar negara,,65,normatif_17,AHP_WSM,,refined_recall_max_any2026,RandomForest,rerank_medium
AHP_WSM_17_vs_Historis_Any2026_Final,105,B_only,rel angkinang,rel angkinang – angkinang,,66,normatif_17,AHP_WSM,,refined_recall_max_any2026,RandomForest,rerank_medium
AHP_WSM_17_vs_Historis_Any2026_Final,105,B_only,tanayung - simp ambarai,tanayung – simp ambarai,,69,normatif_17,AHP_WSM,,refined_recall_max_any2026,RandomForest,rerank_medium
AHP_WSM_17_vs_Historis_Any2026_Final,105,B_only,telaga langsat - pakuan timur,telaga langsat – pakuan timur,,70,normatif_17,AHP_WSM,,refined_recall_max_any2026,RandomForest,rerank_medium
AHP_WSM_17_vs_Historis_Any2026_Final,105,B_only,pagat batu - muara hariang,pagat batu – muara hariang,,71,normatif_17,AHP_WSM,,refined_recall_max_any2026,RandomForest,rerank_medium
AHP_WSM_17_vs_Historis_Any2026_Final,105,B_only,mawar daha selatan,mawar daha selatan,,72,normatif_17,AHP_WSM,,refined_recall_max_any2026,RandomForest,rerank_medium
AHP_WSM_17_vs_Historis_Any2026_Final,105,B_only,kaliring - sp padang batung,kaliring – sp padang batung,,74,normatif_17,AHP_WSM,,refined_recall_max_any2026,RandomForest,rerank_medium
AHP_WSM_17_vs_Historis_Any2026_Final,105,B_only,panjampang bahagia - hanau,panjampang bahagia – hanau,,76,normatif_17,AHP_WSM,,refined_recall_max_any2026,RandomForest,rerank_medium
AHP_WSM_17_vs_Historis_Any2026_Final,105,B_only,tibung raya - hamalau dalam,tibung raya – hamalau dalam,,77,normatif_17,AHP_WSM,,refined_recall_max_any2026,RandomForest,rerank_medium
AHP_WSM_17_vs_Historis_Any2026_Final,105,B_only,kaminting batu,kaminting batu,,78,normatif_17,AHP_WSM,,refined_recall_max_any2026,RandomForest,rerank_medium
AHP_WSM_17_vs_Historis_Any2026_Final,105,B_only,sp hamalau - teluk pinang,sp hamalau – teluk pinang,,79,normatif_17,AHP_WSM,,refined_recall_max_any2026,RandomForest,rerank_medium
AHP_WSM_17_vs_Historis_Any2026_Final,105,B_only,banyu barau - sei kalang,banyu barau – sei kalang,,80,normatif_17,AHP_WSM,,refined_recall_max_any2026,RandomForest,rerank_medium
AHP_WSM_17_vs_Historis_Any2026_Final,105,B_only,tajun - sp 3 muara paring agung,tajun – sp 3 muara paring agung,,81,normatif_17,AHP_WSM,,refined_recall_max_any2026,RandomForest,rerank_medium
AHP_WSM_17_vs_Historis_Any2026_Final,105,B_only,harapan sdn habirau ii sei palangan,harapan sdn habirau ii sei palangan,,83,normatif_17,AHP_WSM,,refined_recall_max_any2026,RandomForest,rerank_medium
AHP_WSM_17_vs_Historis_Any2026_Final,105,B_only,baru - desa bajayau,baru – desa bajayau,,85,normatif_17,AHP_WSM,,refined_recall_max_any2026,RandomForest,rerank_medium
AHP_WSM_17_vs_Historis_Any2026_Final,105,B_only,tamiyang - desa tamiyang eks,tamiyang – desa tamiyang eks,,86,normatif_17,AHP_WSM,,refined_recall_max_any2026,RandomForest,rerank_medium
AHP_WSM_17_vs_Historis_Any2026_Final,105,B_only,karya bakti - desa balimau,karya bakti – desa balimau,,87,normatif_17,AHP_WSM,,refined_recall_max_any2026,RandomForest,rerank_medium
AHP_WSM_17_vs_Historis_Any2026_Final,105,B_only,amawang kanan - wasah hulu,amawang kanan – wasah hulu,,88,normatif_17,AHP_WSM,,refined_recall_max_any2026,RandomForest,rerank_medium
AHP_WSM_17_vs_Historis_Any2026_Final,105,B_only,balimau - murung dalam,balimau – murung dalam,,89,normatif_17,AHP_WSM,,refined_recall_max_any2026,RandomForest,rerank_medium
AHP_WSM_17_vs_Historis_Any2026_Final,105,B_only,taal jarau - sp baru tampang,taal jarau – sp baru tampang,,90,normatif_17,AHP_WSM,,refined_recall_max_any2026,RandomForest,rerank_medium
AHP_WSM_17_vs_Historis_Any2026_Final,105,B_only,loksado - haratai,loksado – haratai,,92,normatif_17,AHP_WSM,,refined_recall_max_any2026,RandomForest,rerank_medium
AHP_WSM_17_vs_Historis_Any2026_Final,105,B_only,hulu banyu - datar mangkung - tumingki,hulu banyu – datar mangkung – tumingki,,93,normatif_17,AHP_WSM,,refined_recall_max_any2026,RandomForest,rerank_medium
AHP_WSM_17_vs_Historis_Any2026_Final,105,B_only,sei raya selatan - sarang halang,sei raya selatan – sarang halang,,95,normatif_17,AHP_WSM,,refined_recall_max_any2026,RandomForest,rerank_medium
AHP_WSM_17_vs_Historis_Any2026_Final,105,B_only,teluk haur ii,teluk haur ii,,96,normatif_17,AHP_WSM,,refined_recall_max_any2026,RandomForest,rerank_medium
AHP_WSM_17_vs_Historis_Any2026_Final,105,B_only,bariang - getek,bariang – getek,,97,normatif_17,AHP_WSM,,refined_recall_max_any2026,RandomForest,rerank_medium
AHP_WSM_17_vs_Historis_Any2026_Final,105,B_only,asam duhat - desa pantai ulin,asam duhat – desa pantai ulin,,98,normatif_17,AHP_WSM,,refined_recall_max_any2026,RandomForest,rerank_medium
AHP_WSM_17_vs_Historis_Any2026_Final,105,B_only,ida manggala - padang makmur,ida manggala – padang makmur,,100,normatif_17,AHP_WSM,,refined_recall_max_any2026,RandomForest,rerank_medium
AHP_WSM_17_vs_Historis_Any2026_Final,105,B_only,sei kudung - kalinduku,sei kudung – kalinduku,,101,normatif_17,AHP_WSM,,refined_recall_max_any2026,RandomForest,rerank_medium
AHP_WSM_17_vs_Historis_Any2026_Final,105,B_only,hariti - sei raya selatan,hariti – sei raya selatan,,102,normatif_17,AHP_WSM,,refined_recall_max_any2026,RandomForest,rerank_medium
AHP_WSM_17_vs_Historis_Any2026_Final,105,B_only,pandak daun buntut muradiyah - pakan dalam,pandak daun buntut muradiyah – pakan dalam,,104,normatif_17,AHP_WSM,,refined_recall_max_any2026,RandomForest,rerank_medium
AHP_WSM_17_vs_Historis_Any2026_Final,105,B_only,sukaramai - keramat,sukaramai – keramat,,105,normatif_17,AHP_WSM,,refined_recall_max_any2026,RandomForest,rerank_medium
AHP_WSM_17_vs_Historis_Teknokratis2026_Final,35,overlap,singakarsa - palas,Singakarsa - Palas,3,34,normatif_17,AHP_WSM,,refined_rerank_teknokratis2026,XGBoost,rerank
AHP_WSM_17_vs_Historis_Teknokratis2026_Final,35,overlap,wasah hulu - amparaya - simpur,Wasah Hulu - Amparaya - Simpur,6,25,normatif_17,AHP_WSM,,refined_rerank_teknokratis2026,XGBoost,rerank
AHP_WSM_17_vs_Historis_Teknokratis2026_Final,35,overlap,angkinang - telaga langsat,Angkinang - Telaga Langsat,12,31,normatif_17,AHP_WSM,,refined_rerank_teknokratis2026,XGBoost,rerank
AHP_WSM_17_vs_Historis_Teknokratis2026_Final,35,overlap,sei raya - jambu hulu paku,Sungai Raya - Jambu Hulu/Paku,20,35,normatif_17,AHP_WSM,,refined_rerank_teknokratis2026,XGBoost,rerank
AHP_WSM_17_vs_Historis_Teknokratis2026_Final,35,overlap,taniran selatan kubah - buntut taniran wawaran,Taniran Selatan Kubah - Buntut Taniran / Wawaran,23,2,normatif_17,AHP_WSM,,refined_rerank_teknokratis2026,XGBoost,rerank
AHP_WSM_17_vs_Historis_Teknokratis2026_Final,35,overlap,tambangan - desa baruh jaya,Tambangan - Ds. Baruh Jaya,26,26,normatif_17,AHP_WSM,,refined_rerank_teknokratis2026,XGBoost,rerank
AHP_WSM_17_vs_Historis_Teknokratis2026_Final,35,overlap,asam cangkuk - telaga bidadari,Asam Cangkuk - Telaga Bidadari,31,19,normatif_17,AHP_WSM,,refined_rerank_teknokratis2026,XGBoost,rerank
AHP_WSM_17_vs_Historis_Teknokratis2026_Final,35,A_only,panglima batur,Panglima Batur,1,,normatif_17,AHP_WSM,,refined_rerank_teknokratis2026,XGBoost,rerank
AHP_WSM_17_vs_Historis_Teknokratis2026_Final,35,A_only,aluh idut,Aluh Idut,2,,normatif_17,AHP_WSM,,refined_rerank_teknokratis2026,XGBoost,rerank
AHP_WSM_17_vs_Historis_Teknokratis2026_Final,35,A_only,kandangan hulu - sp tabihi,Kandangan Hulu - Sp. Tabihi,4,,normatif_17,AHP_WSM,,refined_rerank_teknokratis2026,XGBoost,rerank
AHP_WSM_17_vs_Historis_Teknokratis2026_Final,35,A_only,merah johansyah - melati,Merah Johansyah - Melati,5,,normatif_17,AHP_WSM,,refined_rerank_teknokratis2026,XGBoost,rerank
AHP_WSM_17_vs_Historis_Teknokratis2026_Final,35,A_only,pemuda,Pemuda,7,,normatif_17,AHP_WSM,,refined_rerank_teknokratis2026,XGBoost,rerank
AHP_WSM_17_vs_Historis_Teknokratis2026_Final,35,A_only,bakarung - rantauan,Bakarung - Rantauan,8,,normatif_17,AHP_WSM,,refined_rerank_teknokratis2026,XGBoost,rerank
AHP_WSM_17_vs_Historis_Teknokratis2026_Final,35,A_only,parindra,Parindra,9,,normatif_17,AHP_WSM,,refined_rerank_teknokratis2026,XGBoost,rerank
AHP_WSM_17_vs_Historis_Teknokratis2026_Final,35,A_only,wasah tengah - sei tarap,Wasah Tengah - Sungai Tarap,10,,normatif_17,AHP_WSM,,refined_rerank_teknokratis2026,XGBoost,rerank
AHP_WSM_17_vs_Historis_Teknokratis2026_Final,35,A_only,kesehatan - komp rmh dokter,Kesehatan - Komp. Rmh Dokter,11,,normatif_17,AHP_WSM,,refined_rerank_teknokratis2026,XGBoost,rerank
AHP_WSM_17_vs_Historis_Teknokratis2026_Final,35,A_only,hamalau - ganda,Hamalau - Ganda,13,,normatif_17,AHP_WSM,,refined_rerank_teknokratis2026,XGBoost,rerank
AHP_WSM_17_vs_Historis_Teknokratis2026_Final,35,A_only,simpur - sp 3 muara paring agung,Simpur - Sp. 3 Muara Paring Agung,14,,normatif_17,AHP_WSM,,refined_rerank_teknokratis2026,XGBoost,rerank
AHP_WSM_17_vs_Historis_Teknokratis2026_Final,35,A_only,anggrek,Anggrek,15,,normatif_17,AHP_WSM,,refined_rerank_teknokratis2026,XGBoost,rerank
AHP_WSM_17_vs_Historis_Teknokratis2026_Final,35,A_only,palajau - desa baluti,Palajau - Ds. Baluti,16,,normatif_17,AHP_WSM,,refined_rerank_teknokratis2026,XGBoost,rerank
AHP_WSM_17_vs_Historis_Teknokratis2026_Final,35,A_only,teluk mesjid - sp 4 muara banta,Teluk Mesjid - Sp. 4 Muara Banta,17,,normatif_17,AHP_WSM,,refined_rerank_teknokratis2026,XGBoost,rerank
AHP_WSM_17_vs_Historis_Teknokratis2026_Final,35,A_only,wahab syahrani,Wahab Syahrani,18,,normatif_17,AHP_WSM,,refined_rerank_teknokratis2026,XGBoost,rerank
AHP_WSM_17_vs_Historis_Teknokratis2026_Final,35,A_only,menuju stadion 2 desember,Menuju Stadion 2 Desember,19,,normatif_17,AHP_WSM,,refined_rerank_teknokratis2026,XGBoost,rerank
AHP_WSM_17_vs_Historis_Teknokratis2026_Final,35,A_only,pandak daun - baruh jaya - samuda,Pandak Daun - Baruh Jaya - Samuda,21,,normatif_17,AHP_WSM,,refined_rerank_teknokratis2026,XGBoost,rerank
AHP_WSM_17_vs_Historis_Teknokratis2026_Final,35,A_only,bayanan - habirau tengah,Bayanan - Habirau Tengah,22,,normatif_17,AHP_WSM,,refined_rerank_teknokratis2026,XGBoost,rerank
AHP_WSM_17_vs_Historis_Teknokratis2026_Final,35,A_only,sekolah islam kandangan barat,Sekolah Islam (Kandangan Barat),24,,normatif_17,AHP_WSM,,refined_rerank_teknokratis2026,XGBoost,rerank
AHP_WSM_17_vs_Historis_Teknokratis2026_Final,35,A_only,ks tubun,KS. Tubun,25,,normatif_17,AHP_WSM,,refined_rerank_teknokratis2026,XGBoost,rerank
AHP_WSM_17_vs_Historis_Teknokratis2026_Final,35,A_only,tibung raya - asam cangkuk,Tibung Raya - Asam Cangkuk,27,,normatif_17,AHP_WSM,,refined_rerank_teknokratis2026,XGBoost,rerank
AHP_WSM_17_vs_Historis_Teknokratis2026_Final,35,A_only,taniran selatan - rantauan,Taniran Selatan - Rantauan,28,,normatif_17,AHP_WSM,,refined_rerank_teknokratis2026,XGBoost,rerank
AHP_WSM_17_vs_Historis_Teknokratis2026_Final,35,A_only,amawang muka - getek,Amawang Muka - Getek,29,,normatif_17,AHP_WSM,,refined_rerank_teknokratis2026,XGBoost,rerank
AHP_WSM_17_vs_Historis_Teknokratis2026_Final,35,A_only,hamalau - pahampangan,Hamalau - Pahampangan,30,,normatif_17,AHP_WSM,,refined_rerank_teknokratis2026,XGBoost,rerank
AHP_WSM_17_vs_Historis_Teknokratis2026_Final,35,A_only,rantauan - sei baru pulau,Rantauan - Sungai Baru (Pulau),32,,normatif_17,AHP_WSM,,refined_rerank_teknokratis2026,XGBoost,rerank
AHP_WSM_17_vs_Historis_Teknokratis2026_Final,35,A_only,wasah hilir - sarang halang,Wasah Hilir - Sarang Halang,33,,normatif_17,AHP_WSM,,refined_rerank_teknokratis2026,XGBoost,rerank
AHP_WSM_17_vs_Historis_Teknokratis2026_Final,35,A_only,taal batang kulur - sp 3 muara prg agung,Taal Batang Kulur - Sp. 3 Muara Prg Agung,34,,normatif_17,AHP_WSM,,refined_rerank_teknokratis2026,XGBoost,rerank
AHP_WSM_17_vs_Historis_Teknokratis2026_Final,35,A_only,newangsekarti - desa gambah luar muka,Newangsekarti - Ds. Gambah Luar Muka,35,,normatif_17,AHP_WSM,,refined_rerank_teknokratis2026,XGBoost,rerank
AHP_WSM_17_vs_Historis_Teknokratis2026_Final,35,B_only,padang batung - batulaki - malilingin,padang batung – batulaki – malilingin,,1,normatif_17,AHP_WSM,,refined_rerank_teknokratis2026,XGBoost,rerank
AHP_WSM_17_vs_Historis_Teknokratis2026_Final,35,B_only,samuda - bajayau,samuda – bajayau,,3,normatif_17,AHP_WSM,,refined_rerank_teknokratis2026,XGBoost,rerank
AHP_WSM_17_vs_Historis_Teknokratis2026_Final,35,B_only,palas - desa wasah tengah,palas – desa wasah tengah,,4,normatif_17,AHP_WSM,,refined_rerank_teknokratis2026,XGBoost,rerank
AHP_WSM_17_vs_Historis_Teknokratis2026_Final,35,B_only,mawangi - bukuanin - telaga langsat,mawangi – bukuanin – telaga langsat,,5,normatif_17,AHP_WSM,,refined_rerank_teknokratis2026,XGBoost,rerank
AHP_WSM_17_vs_Historis_Teknokratis2026_Final,35,B_only,tanjung selor - desa badaun,tanjung selor – desa badaun,,6,normatif_17,AHP_WSM,,refined_rerank_teknokratis2026,XGBoost,rerank
AHP_WSM_17_vs_Historis_Teknokratis2026_Final,35,B_only,jarau - parandakan,jarau – parandakan,,7,normatif_17,AHP_WSM,,refined_rerank_teknokratis2026,XGBoost,rerank
AHP_WSM_17_vs_Historis_Teknokratis2026_Final,35,B_only,loklahung - kamawakan,loklahung – kamawakan,,8,normatif_17,AHP_WSM,,refined_rerank_teknokratis2026,XGBoost,rerank
AHP_WSM_17_vs_Historis_Teknokratis2026_Final,35,B_only,teluk haur i,teluk haur i,,9,normatif_17,AHP_WSM,,refined_rerank_teknokratis2026,XGBoost,rerank
AHP_WSM_17_vs_Historis_Teknokratis2026_Final,35,B_only,anjiran rantauan - desa taniran tengah,anjiran rantauan – desa taniran tengah,,10,normatif_17,AHP_WSM,,refined_rerank_teknokratis2026,XGBoost,rerank
AHP_WSM_17_vs_Historis_Teknokratis2026_Final,35,B_only,halunuk - riam tajam talo - hamak umpaya,halunuk – riam tajam talo – hamak umpaya,,11,normatif_17,AHP_WSM,,refined_rerank_teknokratis2026,XGBoost,rerank
AHP_WSM_17_vs_Historis_Teknokratis2026_Final,35,B_only,muning tengah - desa muning dalam,muning tengah – desa muning dalam,,12,normatif_17,AHP_WSM,,refined_rerank_teknokratis2026,XGBoost,rerank
AHP_WSM_17_vs_Historis_Teknokratis2026_Final,35,B_only,rambai - bariang,rambai – bariang,,13,normatif_17,AHP_WSM,,refined_rerank_teknokratis2026,XGBoost,rerank
AHP_WSM_17_vs_Historis_Teknokratis2026_Final,35,B_only,teluk haur ii,teluk haur ii,,14,normatif_17,AHP_WSM,,refined_rerank_teknokratis2026,XGBoost,rerank
AHP_WSM_17_vs_Historis_Teknokratis2026_Final,35,B_only,banua hanyar - desa tanjung selor,banua hanyar – desa tanjung selor,,15,normatif_17,AHP_WSM,,refined_rerank_teknokratis2026,XGBoost,rerank
AHP_WSM_17_vs_Historis_Teknokratis2026_Final,35,B_only,angkinang - kayu abang - panggang hijau,angkinang – kayu abang – panggang hijau,,16,normatif_17,AHP_WSM,,refined_rerank_teknokratis2026,XGBoost,rerank
AHP_WSM_17_vs_Historis_Teknokratis2026_Final,35,B_only,siang gantung - desa baru,siang gantung – desa baru,,17,normatif_17,AHP_WSM,,refined_rerank_teknokratis2026,XGBoost,rerank
AHP_WSM_17_vs_Historis_Teknokratis2026_Final,35,B_only,kayu abang - desa anjiran,kayu abang – desa anjiran,,18,normatif_17,AHP_WSM,,refined_rerank_teknokratis2026,XGBoost,rerank
AHP_WSM_17_vs_Historis_Teknokratis2026_Final,35,B_only,gumbil - masimpan,gumbil – masimpan,,20,normatif_17,AHP_WSM,,refined_rerank_teknokratis2026,XGBoost,rerank
AHP_WSM_17_vs_Historis_Teknokratis2026_Final,35,B_only,haratai 2 balai ujung atas sdn haratai2,haratai 2 balai ujung atas sdn haratai2,,21,normatif_17,AHP_WSM,,refined_rerank_teknokratis2026,XGBoost,rerank
AHP_WSM_17_vs_Historis_Teknokratis2026_Final,35,B_only,kayu abang - paya,kayu abang – paya,,22,normatif_17,AHP_WSM,,refined_rerank_teknokratis2026,XGBoost,rerank
AHP_WSM_17_vs_Historis_Teknokratis2026_Final,35,B_only,muning tengah - batang alai pihanin raya,muning tengah – batang alai pihanin raya,,23,normatif_17,AHP_WSM,,refined_rerank_teknokratis2026,XGBoost,rerank
AHP_WSM_17_vs_Historis_Teknokratis2026_Final,35,B_only,tembok baru - desa baluti,tembok baru – desa baluti,,24,normatif_17,AHP_WSM,,refined_rerank_teknokratis2026,XGBoost,rerank
AHP_WSM_17_vs_Historis_Teknokratis2026_Final,35,B_only,tanuhi - ulang,tanuhi – ulang,,27,normatif_17,AHP_WSM,,refined_rerank_teknokratis2026,XGBoost,rerank
AHP_WSM_17_vs_Historis_Teknokratis2026_Final,35,B_only,loksado - haratai,loksado – haratai,,28,normatif_17,AHP_WSM,,refined_rerank_teknokratis2026,XGBoost,rerank
AHP_WSM_17_vs_Historis_Teknokratis2026_Final,35,B_only,tajun - sp 3 muara paring agung,tajun – sp 3 muara paring agung,,29,normatif_17,AHP_WSM,,refined_rerank_teknokratis2026,XGBoost,rerank
AHP_WSM_17_vs_Historis_Teknokratis2026_Final,35,B_only,samping bappeda - mesjid darul halik,samping bappeda – mesjid darul halik,,30,normatif_17,AHP_WSM,,refined_rerank_teknokratis2026,XGBoost,rerank
AHP_WSM_17_vs_Historis_Teknokratis2026_Final,35,B_only,malinau - katingin - kamawakan,malinau – katingin – kamawakan,,32,normatif_17,AHP_WSM,,refined_rerank_teknokratis2026,XGBoost,rerank
AHP_WSM_17_vs_Historis_Teknokratis2026_Final,35,B_only,hamalau - anjiran,hamalau – anjiran,,33,normatif_17,AHP_WSM,,refined_rerank_teknokratis2026,XGBoost,rerank
AHP_WSM_17_vs_Historis_Teknokratis2026_Final,70,overlap,singakarsa - palas,Singakarsa - Palas,3,1,normatif_17,AHP_WSM,,refined_rerank_teknokratis2026,DecisionTree,rerank
AHP_WSM_17_vs_Historis_Teknokratis2026_Final,70,overlap,wasah hulu - amparaya - simpur,Wasah Hulu - Amparaya - Simpur,6,2,normatif_17,AHP_WSM,,refined_rerank_teknokratis2026,DecisionTree,rerank
AHP_WSM_17_vs_Historis_Teknokratis2026_Final,70,overlap,angkinang - telaga langsat,Angkinang - Telaga Langsat,12,17,normatif_17,AHP_WSM,,refined_rerank_teknokratis2026,DecisionTree,rerank
AHP_WSM_17_vs_Historis_Teknokratis2026_Final,70,overlap,palajau - desa baluti,Palajau - Ds. Baluti,16,45,normatif_17,AHP_WSM,,refined_rerank_teknokratis2026,DecisionTree,rerank
AHP_WSM_17_vs_Historis_Teknokratis2026_Final,70,overlap,sei raya - jambu hulu paku,Sungai Raya - Jambu Hulu/Paku,20,24,normatif_17,AHP_WSM,,refined_rerank_teknokratis2026,DecisionTree,rerank
AHP_WSM_17_vs_Historis_Teknokratis2026_Final,70,overlap,taniran selatan kubah - buntut taniran wawaran,Taniran Selatan Kubah - Buntut Taniran / Wawaran,23,3,normatif_17,AHP_WSM,,refined_rerank_teknokratis2026,DecisionTree,rerank
AHP_WSM_17_vs_Historis_Teknokratis2026_Final,70,overlap,tambangan - desa baruh jaya,Tambangan - Ds. Baruh Jaya,26,41,normatif_17,AHP_WSM,,refined_rerank_teknokratis2026,DecisionTree,rerank
AHP_WSM_17_vs_Historis_Teknokratis2026_Final,70,overlap,amawang muka - getek,Amawang Muka - Getek,29,18,normatif_17,AHP_WSM,,refined_rerank_teknokratis2026,DecisionTree,rerank
AHP_WSM_17_vs_Historis_Teknokratis2026_Final,70,overlap,asam cangkuk - telaga bidadari,Asam Cangkuk - Telaga Bidadari,31,44,normatif_17,AHP_WSM,,refined_rerank_teknokratis2026,DecisionTree,rerank
AHP_WSM_17_vs_Historis_Teknokratis2026_Final,70,overlap,tumbukan banyu - banua hanyar,Tumbukan Banyu - Banua Hanyar,43,19,normatif_17,AHP_WSM,,refined_rerank_teknokratis2026,DecisionTree,rerank
AHP_WSM_17_vs_Historis_Teknokratis2026_Final,70,overlap,panggang hijau - desa tawar,Panggang Hijau - Ds. Tawar,47,20,normatif_17,AHP_WSM,,refined_rerank_teknokratis2026,DecisionTree,rerank
AHP_WSM_17_vs_Historis_Teknokratis2026_Final,70,overlap,padang batung - batulaki - malilingin,Padang Batung - Batulaki - Malilingin,53,5,normatif_17,AHP_WSM,,refined_rerank_teknokratis2026,DecisionTree,rerank
AHP_WSM_17_vs_Historis_Teknokratis2026_Final,70,overlap,tungkaran - desa ulin,Tungkaran - Ds. Ulin,54,60,normatif_17,AHP_WSM,,refined_rerank_teknokratis2026,DecisionTree,rerank
AHP_WSM_17_vs_Historis_Teknokratis2026_Final,70,overlap,sei paring - sei hanyar pantai ulin,Sungai Paring - Sei Hanyar Pantai Ulin,56,4,normatif_17,AHP_WSM,,refined_rerank_teknokratis2026,DecisionTree,rerank
AHP_WSM_17_vs_Historis_Teknokratis2026_Final,70,overlap,pandan sari - desa angkinang,Pandan Sari - Ds. Angkinang,64,36,normatif_17,AHP_WSM,,refined_rerank_teknokratis2026,DecisionTree,rerank
AHP_WSM_17_vs_Historis_Teknokratis2026_Final,70,overlap,pakan dalam - kaminting batu,Pakan Dalam - Kaminting Batu,66,43,normatif_17,AHP_WSM,,refined_rerank_teknokratis2026,DecisionTree,rerank
AHP_WSM_17_vs_Historis_Teknokratis2026_Final,70,A_only,panglima batur,Panglima Batur,1,,normatif_17,AHP_WSM,,refined_rerank_teknokratis2026,DecisionTree,rerank
AHP_WSM_17_vs_Historis_Teknokratis2026_Final,70,A_only,aluh idut,Aluh Idut,2,,normatif_17,AHP_WSM,,refined_rerank_teknokratis2026,DecisionTree,rerank
AHP_WSM_17_vs_Historis_Teknokratis2026_Final,70,A_only,kandangan hulu - sp tabihi,Kandangan Hulu - Sp. Tabihi,4,,normatif_17,AHP_WSM,,refined_rerank_teknokratis2026,DecisionTree,rerank
AHP_WSM_17_vs_Historis_Teknokratis2026_Final,70,A_only,merah johansyah - melati,Merah Johansyah - Melati,5,,normatif_17,AHP_WSM,,refined_rerank_teknokratis2026,DecisionTree,rerank
AHP_WSM_17_vs_Historis_Teknokratis2026_Final,70,A_only,pemuda,Pemuda,7,,normatif_17,AHP_WSM,,refined_rerank_teknokratis2026,DecisionTree,rerank
AHP_WSM_17_vs_Historis_Teknokratis2026_Final,70,A_only,bakarung - rantauan,Bakarung - Rantauan,8,,normatif_17,AHP_WSM,,refined_rerank_teknokratis2026,DecisionTree,rerank
AHP_WSM_17_vs_Historis_Teknokratis2026_Final,70,A_only,parindra,Parindra,9,,normatif_17,AHP_WSM,,refined_rerank_teknokratis2026,DecisionTree,rerank
AHP_WSM_17_vs_Historis_Teknokratis2026_Final,70,A_only,wasah tengah - sei tarap,Wasah Tengah - Sungai Tarap,10,,normatif_17,AHP_WSM,,refined_rerank_teknokratis2026,DecisionTree,rerank
AHP_WSM_17_vs_Historis_Teknokratis2026_Final,70,A_only,kesehatan - komp rmh dokter,Kesehatan - Komp. Rmh Dokter,11,,normatif_17,AHP_WSM,,refined_rerank_teknokratis2026,DecisionTree,rerank
AHP_WSM_17_vs_Historis_Teknokratis2026_Final,70,A_only,hamalau - ganda,Hamalau - Ganda,13,,normatif_17,AHP_WSM,,refined_rerank_teknokratis2026,DecisionTree,rerank
AHP_WSM_17_vs_Historis_Teknokratis2026_Final,70,A_only,simpur - sp 3 muara paring agung,Simpur - Sp. 3 Muara Paring Agung,14,,normatif_17,AHP_WSM,,refined_rerank_teknokratis2026,DecisionTree,rerank
AHP_WSM_17_vs_Historis_Teknokratis2026_Final,70,A_only,anggrek,Anggrek,15,,normatif_17,AHP_WSM,,refined_rerank_teknokratis2026,DecisionTree,rerank
AHP_WSM_17_vs_Historis_Teknokratis2026_Final,70,A_only,teluk mesjid - sp 4 muara banta,Teluk Mesjid - Sp. 4 Muara Banta,17,,normatif_17,AHP_WSM,,refined_rerank_teknokratis2026,DecisionTree,rerank
AHP_WSM_17_vs_Historis_Teknokratis2026_Final,70,A_only,wahab syahrani,Wahab Syahrani,18,,normatif_17,AHP_WSM,,refined_rerank_teknokratis2026,DecisionTree,rerank
AHP_WSM_17_vs_Historis_Teknokratis2026_Final,70,A_only,menuju stadion 2 desember,Menuju Stadion 2 Desember,19,,normatif_17,AHP_WSM,,refined_rerank_teknokratis2026,DecisionTree,rerank
AHP_WSM_17_vs_Historis_Teknokratis2026_Final,70,A_only,pandak daun - baruh jaya - samuda,Pandak Daun - Baruh Jaya - Samuda,21,,normatif_17,AHP_WSM,,refined_rerank_teknokratis2026,DecisionTree,rerank
AHP_WSM_17_vs_Historis_Teknokratis2026_Final,70,A_only,bayanan - habirau tengah,Bayanan - Habirau Tengah,22,,normatif_17,AHP_WSM,,refined_rerank_teknokratis2026,DecisionTree,rerank
AHP_WSM_17_vs_Historis_Teknokratis2026_Final,70,A_only,sekolah islam kandangan barat,Sekolah Islam (Kandangan Barat),24,,normatif_17,AHP_WSM,,refined_rerank_teknokratis2026,DecisionTree,rerank
AHP_WSM_17_vs_Historis_Teknokratis2026_Final,70,A_only,ks tubun,KS. Tubun,25,,normatif_17,AHP_WSM,,refined_rerank_teknokratis2026,DecisionTree,rerank
AHP_WSM_17_vs_Historis_Teknokratis2026_Final,70,A_only,tibung raya - asam cangkuk,Tibung Raya - Asam Cangkuk,27,,normatif_17,AHP_WSM,,refined_rerank_teknokratis2026,DecisionTree,rerank
AHP_WSM_17_vs_Historis_Teknokratis2026_Final,70,A_only,taniran selatan - rantauan,Taniran Selatan - Rantauan,28,,normatif_17,AHP_WSM,,refined_rerank_teknokratis2026,DecisionTree,rerank
AHP_WSM_17_vs_Historis_Teknokratis2026_Final,70,A_only,hamalau - pahampangan,Hamalau - Pahampangan,30,,normatif_17,AHP_WSM,,refined_rerank_teknokratis2026,DecisionTree,rerank
AHP_WSM_17_vs_Historis_Teknokratis2026_Final,70,A_only,rantauan - sei baru pulau,Rantauan - Sungai Baru (Pulau),32,,normatif_17,AHP_WSM,,refined_rerank_teknokratis2026,DecisionTree,rerank
AHP_WSM_17_vs_Historis_Teknokratis2026_Final,70,A_only,wasah hilir - sarang halang,Wasah Hilir - Sarang Halang,33,,normatif_17,AHP_WSM,,refined_rerank_teknokratis2026,DecisionTree,rerank
AHP_WSM_17_vs_Historis_Teknokratis2026_Final,70,A_only,taal batang kulur - sp 3 muara prg agung,Taal Batang Kulur - Sp. 3 Muara Prg Agung,34,,normatif_17,AHP_WSM,,refined_rerank_teknokratis2026,DecisionTree,rerank
AHP_WSM_17_vs_Historis_Teknokratis2026_Final,70,A_only,newangsekarti - desa gambah luar muka,Newangsekarti - Ds. Gambah Luar Muka,35,,normatif_17,AHP_WSM,,refined_rerank_teknokratis2026,DecisionTree,rerank
AHP_WSM_17_vs_Historis_Teknokratis2026_Final,70,A_only,hamalau - telaga bidadari - wasah hilir,Hamalau - Telaga Bidadari - Wasah Hilir,36,,normatif_17,AHP_WSM,,refined_rerank_teknokratis2026,DecisionTree,rerank
AHP_WSM_17_vs_Historis_Teknokratis2026_Final,70,A_only,papancan - desa tanah bangkang,Papancan - Ds. Tanah Bangkang,37,,normatif_17,AHP_WSM,,refined_rerank_teknokratis2026,DecisionTree,rerank
AHP_WSM_17_vs_Historis_Teknokratis2026_Final,70,A_only,air miris - desa wasah hilir,Air Miris - Ds. Wasah Hilir,38,,normatif_17,AHP_WSM,,refined_rerank_teknokratis2026,DecisionTree,rerank
AHP_WSM_17_vs_Historis_Teknokratis2026_Final,70,A_only,kolonel sugiono,Kolonel Sugiono,39,,normatif_17,AHP_WSM,,refined_rerank_teknokratis2026,DecisionTree,rerank
AHP_WSM_17_vs_Historis_Teknokratis2026_Final,70,A_only,aes nasution,AES Nasution,40,,normatif_17,AHP_WSM,,refined_rerank_teknokratis2026,DecisionTree,rerank
AHP_WSM_17_vs_Historis_Teknokratis2026_Final,70,A_only,musyawarah nagara,Musyawarah (Nagara),41,,normatif_17,AHP_WSM,,refined_rerank_teknokratis2026,DecisionTree,rerank
AHP_WSM_17_vs_Historis_Teknokratis2026_Final,70,A_only,pertanian - desa wasah tengah,Pertanian - Ds. Wasah Tengah,42,,normatif_17,AHP_WSM,,refined_rerank_teknokratis2026,DecisionTree,rerank
AHP_WSM_17_vs_Historis_Teknokratis2026_Final,70,A_only,karang intan - tanah bangkang,Karang Intan - Tanah Bangkang,44,,normatif_17,AHP_WSM,,refined_rerank_teknokratis2026,DecisionTree,rerank
AHP_WSM_17_vs_Historis_Teknokratis2026_Final,70,A_only,haritas pt pertani,Haritas (PT. Pertani),45,,normatif_17,AHP_WSM,,refined_rerank_teknokratis2026,DecisionTree,rerank
AHP_WSM_17_vs_Historis_Teknokratis2026_Final,70,A_only,baluti - jambu hulu paku,Baluti - Jambu Hulu (Paku),46,,normatif_17,AHP_WSM,,refined_rerank_teknokratis2026,DecisionTree,rerank
AHP_WSM_17_vs_Historis_Teknokratis2026_Final,70,A_only,tawia - kayu abang,Tawia - Kayu Abang,48,,normatif_17,AHP_WSM,,refined_rerank_teknokratis2026,DecisionTree,rerank
AHP_WSM_17_vs_Historis_Teknokratis2026_Final,70,A_only,tembok kacil sei kudung,Tembok Kacil. Sei. Kudung,49,,normatif_17,AHP_WSM,,refined_rerank_teknokratis2026,DecisionTree,rerank
AHP_WSM_17_vs_Historis_Teknokratis2026_Final,70,A_only,bina bakat,Bina Bakat,50,,normatif_17,AHP_WSM,,refined_rerank_teknokratis2026,DecisionTree,rerank
AHP_WSM_17_vs_Historis_Teknokratis2026_Final,70,A_only,samping bappeda - mesjid darul halik,Samping Bappeda - Mesjid Darul Halik,51,,normatif_17,AHP_WSM,,refined_rerank_teknokratis2026,DecisionTree,rerank
AHP_WSM_17_vs_Historis_Teknokratis2026_Final,70,A_only,sp 4 banjarbaru - pihanin raya,SP.4. Banjarbaru - Pihanin Raya,52,,normatif_17,AHP_WSM,,refined_rerank_teknokratis2026,DecisionTree,rerank
AHP_WSM_17_vs_Historis_Teknokratis2026_Final,70,A_only,slasa garih - desa kapuh,Slasa Garih - Ds. Kapuh,55,,normatif_17,AHP_WSM,,refined_rerank_teknokratis2026,DecisionTree,rerank
AHP_WSM_17_vs_Historis_Teknokratis2026_Final,70,A_only,al - ikhlas - desa baluti,Al - Ikhlas - Ds. Baluti,57,,normatif_17,AHP_WSM,,refined_rerank_teknokratis2026,DecisionTree,rerank
AHP_WSM_17_vs_Historis_Teknokratis2026_Final,70,A_only,gerilya - desa simpur,Gerilya - Ds. Simpur,58,,normatif_17,AHP_WSM,,refined_rerank_teknokratis2026,DecisionTree,rerank
AHP_WSM_17_vs_Historis_Teknokratis2026_Final,70,A_only,kalumpang - baruh,Kalumpang - Baruh,59,,normatif_17,AHP_WSM,,refined_rerank_teknokratis2026,DecisionTree,rerank
AHP_WSM_17_vs_Historis_Teknokratis2026_Final,70,A_only,hamalau - asam cangkok,Hamalau - Asam Cangkok,60,,normatif_17,AHP_WSM,,refined_rerank_teknokratis2026,DecisionTree,rerank
AHP_WSM_17_vs_Historis_Teknokratis2026_Final,70,A_only,wasah hilir - amparaya,Wasah Hilir - Amparaya,61,,normatif_17,AHP_WSM,,refined_rerank_teknokratis2026,DecisionTree,rerank
AHP_WSM_17_vs_Historis_Teknokratis2026_Final,70,A_only,jangkang - desa wasah hilir,Jangkang - Ds. Wasah Hilir,62,,normatif_17,AHP_WSM,,refined_rerank_teknokratis2026,DecisionTree,rerank
AHP_WSM_17_vs_Historis_Teknokratis2026_Final,70,A_only,paku jambu hulu - ganda,Paku (Jambu Hulu) - Ganda,63,,normatif_17,AHP_WSM,,refined_rerank_teknokratis2026,DecisionTree,rerank
AHP_WSM_17_vs_Historis_Teknokratis2026_Final,70,A_only,sp 4 baru tampang - sp bilui pamujaan,Sp. 4 Baru/Tampang - Sp. Bilui Pamujaan,65,,normatif_17,AHP_WSM,,refined_rerank_teknokratis2026,DecisionTree,rerank
AHP_WSM_17_vs_Historis_Teknokratis2026_Final,70,A_only,padang haur - desa wasah tengah,Padang Haur - Ds. Wasah Tengah,67,,normatif_17,AHP_WSM,,refined_rerank_teknokratis2026,DecisionTree,rerank
AHP_WSM_17_vs_Historis_Teknokratis2026_Final,70,A_only,sp bakarung selatan - sei kudung,Sp. Bakarung Selatan - Sungai Kudung,68,,normatif_17,AHP_WSM,,refined_rerank_teknokratis2026,DecisionTree,rerank
AHP_WSM_17_vs_Historis_Teknokratis2026_Final,70,A_only,pangeran antasari - loklua,Pangeran Antasari - Loklua,69,,normatif_17,AHP_WSM,,refined_rerank_teknokratis2026,DecisionTree,rerank
AHP_WSM_17_vs_Historis_Teknokratis2026_Final,70,A_only,rahmah bahran,Rahmah Bahran,70,,normatif_17,AHP_WSM,,refined_rerank_teknokratis2026,DecisionTree,rerank
AHP_WSM_17_vs_Historis_Teknokratis2026_Final,70,B_only,angkinang - kayu abang - panggang hijau,angkinang – kayu abang – panggang hijau,,6,normatif_17,AHP_WSM,,refined_rerank_teknokratis2026,DecisionTree,rerank
AHP_WSM_17_vs_Historis_Teknokratis2026_Final,70,B_only,bajayau - desa bajayau tengah,bajayau – desa bajayau tengah,,7,normatif_17,AHP_WSM,,refined_rerank_teknokratis2026,DecisionTree,rerank
AHP_WSM_17_vs_Historis_Teknokratis2026_Final,70,B_only,sp 4 mesjid sirih - sarang nyamuk - asam tamiyang,sp 4 mesjid sirih – sarang nyamuk – asam tamiyang,,8,normatif_17,AHP_WSM,,refined_rerank_teknokratis2026,DecisionTree,rerank
AHP_WSM_17_vs_Historis_Teknokratis2026_Final,70,B_only,sei raya selatan - malutu - goa berangin,sei raya selatan – malutu – goa berangin,,9,normatif_17,AHP_WSM,,refined_rerank_teknokratis2026,DecisionTree,rerank
AHP_WSM_17_vs_Historis_Teknokratis2026_Final,70,B_only,mandapai - madang,mandapai – madang,,10,normatif_17,AHP_WSM,,refined_rerank_teknokratis2026,DecisionTree,rerank
AHP_WSM_17_vs_Historis_Teknokratis2026_Final,70,B_only,siang gantung - desa baru,siang gantung – desa baru,,11,normatif_17,AHP_WSM,,refined_rerank_teknokratis2026,DecisionTree,rerank
AHP_WSM_17_vs_Historis_Teknokratis2026_Final,70,B_only,malinau - katingin - kamawakan,malinau – katingin – kamawakan,,12,normatif_17,AHP_WSM,,refined_rerank_teknokratis2026,DecisionTree,rerank
AHP_WSM_17_vs_Historis_Teknokratis2026_Final,70,B_only,halunuk - riam tajam talo - hamak umpaya,halunuk – riam tajam talo – hamak umpaya,,13,normatif_17,AHP_WSM,,refined_rerank_teknokratis2026,DecisionTree,rerank
AHP_WSM_17_vs_Historis_Teknokratis2026_Final,70,B_only,gumbil - masimpan,gumbil – masimpan,,14,normatif_17,AHP_WSM,,refined_rerank_teknokratis2026,DecisionTree,rerank
AHP_WSM_17_vs_Historis_Teknokratis2026_Final,70,B_only,tanuhi - ulang,tanuhi – ulang,,15,normatif_17,AHP_WSM,,refined_rerank_teknokratis2026,DecisionTree,rerank
AHP_WSM_17_vs_Historis_Teknokratis2026_Final,70,B_only,angkinang selatan - tawia - wawaran,angkinang selatan – tawia – wawaran,,16,normatif_17,AHP_WSM,,refined_rerank_teknokratis2026,DecisionTree,rerank
AHP_WSM_17_vs_Historis_Teknokratis2026_Final,70,B_only,rel angkinang,rel angkinang – angkinang,,21,normatif_17,AHP_WSM,,refined_rerank_teknokratis2026,DecisionTree,rerank
AHP_WSM_17_vs_Historis_Teknokratis2026_Final,70,B_only,tabihi - telaga langsat,tabihi – telaga langsat,,22,normatif_17,AHP_WSM,,refined_rerank_teknokratis2026,DecisionTree,rerank
AHP_WSM_17_vs_Historis_Teknokratis2026_Final,70,B_only,malilingin - lokbahan - paniungan,malilingin – lokbahan – paniungan,,23,normatif_17,AHP_WSM,,refined_rerank_teknokratis2026,DecisionTree,rerank
AHP_WSM_17_vs_Historis_Teknokratis2026_Final,70,B_only,h m thaib,h m thaib,,25,normatif_17,AHP_WSM,,refined_rerank_teknokratis2026,DecisionTree,rerank
AHP_WSM_17_vs_Historis_Teknokratis2026_Final,70,B_only,sp empat lungau - bangkau,sp empat lungau – bangkau,,26,normatif_17,AHP_WSM,,refined_rerank_teknokratis2026,DecisionTree,rerank
AHP_WSM_17_vs_Historis_Teknokratis2026_Final,70,B_only,sp empat lungau - garis,sp empat lungau – garis,,27,normatif_17,AHP_WSM,,refined_rerank_teknokratis2026,DecisionTree,rerank
AHP_WSM_17_vs_Historis_Teknokratis2026_Final,70,B_only,ida manggala - padang makmur,ida manggala – padang makmur,,28,normatif_17,AHP_WSM,,refined_rerank_teknokratis2026,DecisionTree,rerank
AHP_WSM_17_vs_Historis_Teknokratis2026_Final,70,B_only,teluk haur ii,teluk haur ii,,29,normatif_17,AHP_WSM,,refined_rerank_teknokratis2026,DecisionTree,rerank
AHP_WSM_17_vs_Historis_Teknokratis2026_Final,70,B_only,anjiran rantauan - desa taniran tengah,anjiran rantauan – desa taniran tengah,,30,normatif_17,AHP_WSM,,refined_rerank_teknokratis2026,DecisionTree,rerank
AHP_WSM_17_vs_Historis_Teknokratis2026_Final,70,B_only,jarau - parandakan,jarau – parandakan,,31,normatif_17,AHP_WSM,,refined_rerank_teknokratis2026,DecisionTree,rerank
AHP_WSM_17_vs_Historis_Teknokratis2026_Final,70,B_only,amd - desa lok binuang,amd – desa lok binuang,,32,normatif_17,AHP_WSM,,refined_rerank_teknokratis2026,DecisionTree,rerank
AHP_WSM_17_vs_Historis_Teknokratis2026_Final,70,B_only,kalumpang - balimau,kalumpang – balimau,,33,normatif_17,AHP_WSM,,refined_rerank_teknokratis2026,DecisionTree,rerank
AHP_WSM_17_vs_Historis_Teknokratis2026_Final,70,B_only,loksado - haratai,loksado – haratai,,34,normatif_17,AHP_WSM,,refined_rerank_teknokratis2026,DecisionTree,rerank
AHP_WSM_17_vs_Historis_Teknokratis2026_Final,70,B_only,hariti - sei raya selatan,hariti – sei raya selatan,,35,normatif_17,AHP_WSM,,refined_rerank_teknokratis2026,DecisionTree,rerank
AHP_WSM_17_vs_Historis_Teknokratis2026_Final,70,B_only,bago tanggul - katilang - teratai,bago tanggul – katilang – teratai,,37,normatif_17,AHP_WSM,,refined_rerank_teknokratis2026,DecisionTree,rerank
AHP_WSM_17_vs_Historis_Teknokratis2026_Final,70,B_only,malinau - kandihin,malinau – kandihin,,38,normatif_17,AHP_WSM,,refined_rerank_teknokratis2026,DecisionTree,rerank
AHP_WSM_17_vs_Historis_Teknokratis2026_Final,70,B_only,sei mandala murung raya,sei mandala murung raya,,39,normatif_17,AHP_WSM,,refined_rerank_teknokratis2026,DecisionTree,rerank
AHP_WSM_17_vs_Historis_Teknokratis2026_Final,70,B_only,bayanan - pihanin,bayanan – pihanin,,40,normatif_17,AHP_WSM,,refined_rerank_teknokratis2026,DecisionTree,rerank
AHP_WSM_17_vs_Historis_Teknokratis2026_Final,70,B_only,badaun - desa bjayau lama,badaun – desa bjayau lama,,42,normatif_17,AHP_WSM,,refined_rerank_teknokratis2026,DecisionTree,rerank
AHP_WSM_17_vs_Historis_Teknokratis2026_Final,70,B_only,guru h izim - desa pantai ulin,guru h izim – desa pantai ulin,,46,normatif_17,AHP_WSM,,refined_rerank_teknokratis2026,DecisionTree,rerank
AHP_WSM_17_vs_Historis_Teknokratis2026_Final,70,B_only,pandak daun buntut muradiyah - pakan dalam,pandak daun buntut muradiyah – pakan dalam,,47,normatif_17,AHP_WSM,,refined_rerank_teknokratis2026,DecisionTree,rerank
AHP_WSM_17_vs_Historis_Teknokratis2026_Final,70,B_only,tukang garit tambangan,tukang garit tambangan,,48,normatif_17,AHP_WSM,,refined_rerank_teknokratis2026,DecisionTree,rerank
AHP_WSM_17_vs_Historis_Teknokratis2026_Final,70,B_only,tanjung selor - desa badaun,tanjung selor – desa badaun,,49,normatif_17,AHP_WSM,,refined_rerank_teknokratis2026,DecisionTree,rerank
AHP_WSM_17_vs_Historis_Teknokratis2026_Final,70,B_only,loklahung - malaris,loklahung – malaris,,50,normatif_17,AHP_WSM,,refined_rerank_teknokratis2026,DecisionTree,rerank
AHP_WSM_17_vs_Historis_Teknokratis2026_Final,70,B_only,haratai 2 balai ujung atas sdn haratai2,haratai 2 balai ujung atas sdn haratai2,,51,normatif_17,AHP_WSM,,refined_rerank_teknokratis2026,DecisionTree,rerank
AHP_WSM_17_vs_Historis_Teknokratis2026_Final,70,B_only,palas - desa wasah tengah,palas – desa wasah tengah,,52,normatif_17,AHP_WSM,,refined_rerank_teknokratis2026,DecisionTree,rerank
AHP_WSM_17_vs_Historis_Teknokratis2026_Final,70,B_only,tanah habang - desa simpur,tanah habang – desa simpur,,53,normatif_17,AHP_WSM,,refined_rerank_teknokratis2026,DecisionTree,rerank
AHP_WSM_17_vs_Historis_Teknokratis2026_Final,70,B_only,kaminting batu,kaminting batu,,54,normatif_17,AHP_WSM,,refined_rerank_teknokratis2026,DecisionTree,rerank
AHP_WSM_17_vs_Historis_Teknokratis2026_Final,70,B_only,bamban selatan - tanggang - panggang hijau,bamban selatan – tanggang – panggang hijau,,55,normatif_17,AHP_WSM,,refined_rerank_teknokratis2026,DecisionTree,rerank
AHP_WSM_17_vs_Historis_Teknokratis2026_Final,70,B_only,manggis - desa baru,manggis – desa baru,,56,normatif_17,AHP_WSM,,refined_rerank_teknokratis2026,DecisionTree,rerank
AHP_WSM_17_vs_Historis_Teknokratis2026_Final,70,B_only,kampung kawat,kampung kawat,,57,normatif_17,AHP_WSM,,refined_rerank_teknokratis2026,DecisionTree,rerank
AHP_WSM_17_vs_Historis_Teknokratis2026_Final,70,B_only,sukaramai - keramat,sukaramai – keramat,,58,normatif_17,AHP_WSM,,refined_rerank_teknokratis2026,DecisionTree,rerank
AHP_WSM_17_vs_Historis_Teknokratis2026_Final,70,B_only,gerilya depan pustu habirau,gerilya depan pustu habirau,,59,normatif_17,AHP_WSM,,refined_rerank_teknokratis2026,DecisionTree,rerank
AHP_WSM_17_vs_Historis_Teknokratis2026_Final,70,B_only,asam duhat - desa pantai ulin,asam duhat – desa pantai ulin,,61,normatif_17,AHP_WSM,,refined_rerank_teknokratis2026,DecisionTree,rerank
AHP_WSM_17_vs_Historis_Teknokratis2026_Final,70,B_only,kayu abang - desa anjiran,kayu abang – desa anjiran,,62,normatif_17,AHP_WSM,,refined_rerank_teknokratis2026,DecisionTree,rerank
AHP_WSM_17_vs_Historis_Teknokratis2026_Final,70,B_only,mangaris - limau manis,mangaris – limau manis,,63,normatif_17,AHP_WSM,,refined_rerank_teknokratis2026,DecisionTree,rerank
AHP_WSM_17_vs_Historis_Teknokratis2026_Final,70,B_only,halaban,halaban,,64,normatif_17,AHP_WSM,,refined_rerank_teknokratis2026,DecisionTree,rerank
AHP_WSM_17_vs_Historis_Teknokratis2026_Final,70,B_only,tamiyang - desa tamiyang eks,tamiyang – desa tamiyang eks,,65,normatif_17,AHP_WSM,,refined_rerank_teknokratis2026,DecisionTree,rerank
AHP_WSM_17_vs_Historis_Teknokratis2026_Final,70,B_only,talapak manuk - desa kapuh,talapak manuk – desa kapuh,,66,normatif_17,AHP_WSM,,refined_rerank_teknokratis2026,DecisionTree,rerank
AHP_WSM_17_vs_Historis_Teknokratis2026_Final,70,B_only,gang bidan desa tambak bitin,gang bidan desa tambak bitin,,67,normatif_17,AHP_WSM,,refined_rerank_teknokratis2026,DecisionTree,rerank
AHP_WSM_17_vs_Historis_Teknokratis2026_Final,70,B_only,bamban tibung - martajiwa,bamban tibung – martajiwa,,68,normatif_17,AHP_WSM,,refined_rerank_teknokratis2026,DecisionTree,rerank
AHP_WSM_17_vs_Historis_Teknokratis2026_Final,70,B_only,sei namang - desa tanah bangkang,sei namang – desa tanah bangkang,,69,normatif_17,AHP_WSM,,refined_rerank_teknokratis2026,DecisionTree,rerank
AHP_WSM_17_vs_Historis_Teknokratis2026_Final,70,B_only,teluk haur i,teluk haur i,,70,normatif_17,AHP_WSM,,refined_rerank_teknokratis2026,DecisionTree,rerank
AHP_WSM_17_vs_Historis_Teknokratis2026_Final,105,overlap,panglima batur,Panglima Batur,1,101,normatif_17,AHP_WSM,,refined_rerank_teknokratis2026,DecisionTree,rerank
AHP_WSM_17_vs_Historis_Teknokratis2026_Final,105,overlap,aluh idut,Aluh Idut,2,100,normatif_17,AHP_WSM,,refined_rerank_teknokratis2026,DecisionTree,rerank
AHP_WSM_17_vs_Historis_Teknokratis2026_Final,105,overlap,singakarsa - palas,Singakarsa - Palas,3,1,normatif_17,AHP_WSM,,refined_rerank_teknokratis2026,DecisionTree,rerank
AHP_WSM_17_vs_Historis_Teknokratis2026_Final,105,overlap,kandangan hulu - sp tabihi,Kandangan Hulu - Sp. Tabihi,4,104,normatif_17,AHP_WSM,,refined_rerank_teknokratis2026,DecisionTree,rerank
AHP_WSM_17_vs_Historis_Teknokratis2026_Final,105,overlap,wasah hulu - amparaya - simpur,Wasah Hulu - Amparaya - Simpur,6,2,normatif_17,AHP_WSM,,refined_rerank_teknokratis2026,DecisionTree,rerank
AHP_WSM_17_vs_Historis_Teknokratis2026_Final,105,overlap,angkinang - telaga langsat,Angkinang - Telaga Langsat,12,17,normatif_17,AHP_WSM,,refined_rerank_teknokratis2026,DecisionTree,rerank
AHP_WSM_17_vs_Historis_Teknokratis2026_Final,105,overlap,anggrek,Anggrek,15,105,normatif_17,AHP_WSM,,refined_rerank_teknokratis2026,DecisionTree,rerank
AHP_WSM_17_vs_Historis_Teknokratis2026_Final,105,overlap,palajau - desa baluti,Palajau - Ds. Baluti,16,45,normatif_17,AHP_WSM,,refined_rerank_teknokratis2026,DecisionTree,rerank
AHP_WSM_17_vs_Historis_Teknokratis2026_Final,105,overlap,teluk mesjid - sp 4 muara banta,Teluk Mesjid - Sp. 4 Muara Banta,17,87,normatif_17,AHP_WSM,,refined_rerank_teknokratis2026,DecisionTree,rerank
AHP_WSM_17_vs_Historis_Teknokratis2026_Final,105,overlap,sei raya - jambu hulu paku,Sungai Raya - Jambu Hulu/Paku,20,24,normatif_17,AHP_WSM,,refined_rerank_teknokratis2026,DecisionTree,rerank
AHP_WSM_17_vs_Historis_Teknokratis2026_Final,105,overlap,taniran selatan kubah - buntut taniran wawaran,Taniran Selatan Kubah - Buntut Taniran / Wawaran,23,3,normatif_17,AHP_WSM,,refined_rerank_teknokratis2026,DecisionTree,rerank
AHP_WSM_17_vs_Historis_Teknokratis2026_Final,105,overlap,ks tubun,KS. Tubun,25,83,normatif_17,AHP_WSM,,refined_rerank_teknokratis2026,DecisionTree,rerank
AHP_WSM_17_vs_Historis_Teknokratis2026_Final,105,overlap,tambangan - desa baruh jaya,Tambangan - Ds. Baruh Jaya,26,41,normatif_17,AHP_WSM,,refined_rerank_teknokratis2026,DecisionTree,rerank
AHP_WSM_17_vs_Historis_Teknokratis2026_Final,105,overlap,amawang muka - getek,Amawang Muka - Getek,29,18,normatif_17,AHP_WSM,,refined_rerank_teknokratis2026,DecisionTree,rerank
AHP_WSM_17_vs_Historis_Teknokratis2026_Final,105,overlap,asam cangkuk - telaga bidadari,Asam Cangkuk - Telaga Bidadari,31,44,normatif_17,AHP_WSM,,refined_rerank_teknokratis2026,DecisionTree,rerank
AHP_WSM_17_vs_Historis_Teknokratis2026_Final,105,overlap,taal batang kulur - sp 3 muara prg agung,Taal Batang Kulur - Sp. 3 Muara Prg Agung,34,73,normatif_17,AHP_WSM,,refined_rerank_teknokratis2026,DecisionTree,rerank
AHP_WSM_17_vs_Historis_Teknokratis2026_Final,105,overlap,tumbukan banyu - banua hanyar,Tumbukan Banyu - Banua Hanyar,43,19,normatif_17,AHP_WSM,,refined_rerank_teknokratis2026,DecisionTree,rerank
AHP_WSM_17_vs_Historis_Teknokratis2026_Final,105,overlap,karang intan - tanah bangkang,Karang Intan - Tanah Bangkang,44,71,normatif_17,AHP_WSM,,refined_rerank_teknokratis2026,DecisionTree,rerank
AHP_WSM_17_vs_Historis_Teknokratis2026_Final,105,overlap,panggang hijau - desa tawar,Panggang Hijau - Ds. Tawar,47,20,normatif_17,AHP_WSM,,refined_rerank_teknokratis2026,DecisionTree,rerank
AHP_WSM_17_vs_Historis_Teknokratis2026_Final,105,overlap,samping bappeda - mesjid darul halik,Samping Bappeda - Mesjid Darul Halik,51,96,normatif_17,AHP_WSM,,refined_rerank_teknokratis2026,DecisionTree,rerank
AHP_WSM_17_vs_Historis_Teknokratis2026_Final,105,overlap,padang batung - batulaki - malilingin,Padang Batung - Batulaki - Malilingin,53,5,normatif_17,AHP_WSM,,refined_rerank_teknokratis2026,DecisionTree,rerank
AHP_WSM_17_vs_Historis_Teknokratis2026_Final,105,overlap,tungkaran - desa ulin,Tungkaran - Ds. Ulin,54,60,normatif_17,AHP_WSM,,refined_rerank_teknokratis2026,DecisionTree,rerank
AHP_WSM_17_vs_Historis_Teknokratis2026_Final,105,overlap,sei paring - sei hanyar pantai ulin,Sungai Paring - Sei Hanyar Pantai Ulin,56,4,normatif_17,AHP_WSM,,refined_rerank_teknokratis2026,DecisionTree,rerank
AHP_WSM_17_vs_Historis_Teknokratis2026_Final,105,overlap,pandan sari - desa angkinang,Pandan Sari - Ds. Angkinang,64,36,normatif_17,AHP_WSM,,refined_rerank_teknokratis2026,DecisionTree,rerank
AHP_WSM_17_vs_Historis_Teknokratis2026_Final,105,overlap,pakan dalam - kaminting batu,Pakan Dalam - Kaminting Batu,66,43,normatif_17,AHP_WSM,,refined_rerank_teknokratis2026,DecisionTree,rerank
AHP_WSM_17_vs_Historis_Teknokratis2026_Final,105,overlap,pangeran antasari - loklua,Pangeran Antasari - Loklua,69,82,normatif_17,AHP_WSM,,refined_rerank_teknokratis2026,DecisionTree,rerank
AHP_WSM_17_vs_Historis_Teknokratis2026_Final,105,overlap,rahmah bahran,Rahmah Bahran,70,103,normatif_17,AHP_WSM,,refined_rerank_teknokratis2026,DecisionTree,rerank
AHP_WSM_17_vs_Historis_Teknokratis2026_Final,105,overlap,angkinang - kayu abang - panggang hijau,Angkinang - Kayu Abang - Panggang Hijau,73,6,normatif_17,AHP_WSM,,refined_rerank_teknokratis2026,DecisionTree,rerank
AHP_WSM_17_vs_Historis_Teknokratis2026_Final,105,overlap,anjiran rantauan - desa taniran tengah,Anjiran Rantauan - Ds. Taniran Tengah,77,30,normatif_17,AHP_WSM,,refined_rerank_teknokratis2026,DecisionTree,rerank
AHP_WSM_17_vs_Historis_Teknokratis2026_Final,105,overlap,palas - desa wasah tengah,Palas - Ds. Wasah Tengah,80,52,normatif_17,AHP_WSM,,refined_rerank_teknokratis2026,DecisionTree,rerank
AHP_WSM_17_vs_Historis_Teknokratis2026_Final,105,overlap,kalimput desa wasah hilir,Kalimput Desa Wasah Hilir,94,97,normatif_17,AHP_WSM,,refined_rerank_teknokratis2026,DecisionTree,rerank
AHP_WSM_17_vs_Historis_Teknokratis2026_Final,105,overlap,tanjung selor - desa badaun,Tanjung Selor - Ds. Badaun,104,49,normatif_17,AHP_WSM,,refined_rerank_teknokratis2026,DecisionTree,rerank
AHP_WSM_17_vs_Historis_Teknokratis2026_Final,105,A_only,merah johansyah - melati,Merah Johansyah - Melati,5,,normatif_17,AHP_WSM,,refined_rerank_teknokratis2026,DecisionTree,rerank
AHP_WSM_17_vs_Historis_Teknokratis2026_Final,105,A_only,pemuda,Pemuda,7,,normatif_17,AHP_WSM,,refined_rerank_teknokratis2026,DecisionTree,rerank
AHP_WSM_17_vs_Historis_Teknokratis2026_Final,105,A_only,bakarung - rantauan,Bakarung - Rantauan,8,,normatif_17,AHP_WSM,,refined_rerank_teknokratis2026,DecisionTree,rerank
AHP_WSM_17_vs_Historis_Teknokratis2026_Final,105,A_only,parindra,Parindra,9,,normatif_17,AHP_WSM,,refined_rerank_teknokratis2026,DecisionTree,rerank
AHP_WSM_17_vs_Historis_Teknokratis2026_Final,105,A_only,wasah tengah - sei tarap,Wasah Tengah - Sungai Tarap,10,,normatif_17,AHP_WSM,,refined_rerank_teknokratis2026,DecisionTree,rerank
AHP_WSM_17_vs_Historis_Teknokratis2026_Final,105,A_only,kesehatan - komp rmh dokter,Kesehatan - Komp. Rmh Dokter,11,,normatif_17,AHP_WSM,,refined_rerank_teknokratis2026,DecisionTree,rerank
AHP_WSM_17_vs_Historis_Teknokratis2026_Final,105,A_only,hamalau - ganda,Hamalau - Ganda,13,,normatif_17,AHP_WSM,,refined_rerank_teknokratis2026,DecisionTree,rerank
AHP_WSM_17_vs_Historis_Teknokratis2026_Final,105,A_only,simpur - sp 3 muara paring agung,Simpur - Sp. 3 Muara Paring Agung,14,,normatif_17,AHP_WSM,,refined_rerank_teknokratis2026,DecisionTree,rerank
AHP_WSM_17_vs_Historis_Teknokratis2026_Final,105,A_only,wahab syahrani,Wahab Syahrani,18,,normatif_17,AHP_WSM,,refined_rerank_teknokratis2026,DecisionTree,rerank
AHP_WSM_17_vs_Historis_Teknokratis2026_Final,105,A_only,menuju stadion 2 desember,Menuju Stadion 2 Desember,19,,normatif_17,AHP_WSM,,refined_rerank_teknokratis2026,DecisionTree,rerank
AHP_WSM_17_vs_Historis_Teknokratis2026_Final,105,A_only,pandak daun - baruh jaya - samuda,Pandak Daun - Baruh Jaya - Samuda,21,,normatif_17,AHP_WSM,,refined_rerank_teknokratis2026,DecisionTree,rerank
AHP_WSM_17_vs_Historis_Teknokratis2026_Final,105,A_only,bayanan - habirau tengah,Bayanan - Habirau Tengah,22,,normatif_17,AHP_WSM,,refined_rerank_teknokratis2026,DecisionTree,rerank
AHP_WSM_17_vs_Historis_Teknokratis2026_Final,105,A_only,sekolah islam kandangan barat,Sekolah Islam (Kandangan Barat),24,,normatif_17,AHP_WSM,,refined_rerank_teknokratis2026,DecisionTree,rerank
AHP_WSM_17_vs_Historis_Teknokratis2026_Final,105,A_only,tibung raya - asam cangkuk,Tibung Raya - Asam Cangkuk,27,,normatif_17,AHP_WSM,,refined_rerank_teknokratis2026,DecisionTree,rerank
AHP_WSM_17_vs_Historis_Teknokratis2026_Final,105,A_only,taniran selatan - rantauan,Taniran Selatan - Rantauan,28,,normatif_17,AHP_WSM,,refined_rerank_teknokratis2026,DecisionTree,rerank
AHP_WSM_17_vs_Historis_Teknokratis2026_Final,105,A_only,hamalau - pahampangan,Hamalau - Pahampangan,30,,normatif_17,AHP_WSM,,refined_rerank_teknokratis2026,DecisionTree,rerank
AHP_WSM_17_vs_Historis_Teknokratis2026_Final,105,A_only,rantauan - sei baru pulau,Rantauan - Sungai Baru (Pulau),32,,normatif_17,AHP_WSM,,refined_rerank_teknokratis2026,DecisionTree,rerank
AHP_WSM_17_vs_Historis_Teknokratis2026_Final,105,A_only,wasah hilir - sarang halang,Wasah Hilir - Sarang Halang,33,,normatif_17,AHP_WSM,,refined_rerank_teknokratis2026,DecisionTree,rerank
AHP_WSM_17_vs_Historis_Teknokratis2026_Final,105,A_only,newangsekarti - desa gambah luar muka,Newangsekarti - Ds. Gambah Luar Muka,35,,normatif_17,AHP_WSM,,refined_rerank_teknokratis2026,DecisionTree,rerank
AHP_WSM_17_vs_Historis_Teknokratis2026_Final,105,A_only,hamalau - telaga bidadari - wasah hilir,Hamalau - Telaga Bidadari - Wasah Hilir,36,,normatif_17,AHP_WSM,,refined_rerank_teknokratis2026,DecisionTree,rerank
AHP_WSM_17_vs_Historis_Teknokratis2026_Final,105,A_only,papancan - desa tanah bangkang,Papancan - Ds. Tanah Bangkang,37,,normatif_17,AHP_WSM,,refined_rerank_teknokratis2026,DecisionTree,rerank
AHP_WSM_17_vs_Historis_Teknokratis2026_Final,105,A_only,air miris - desa wasah hilir,Air Miris - Ds. Wasah Hilir,38,,normatif_17,AHP_WSM,,refined_rerank_teknokratis2026,DecisionTree,rerank
AHP_WSM_17_vs_Historis_Teknokratis2026_Final,105,A_only,kolonel sugiono,Kolonel Sugiono,39,,normatif_17,AHP_WSM,,refined_rerank_teknokratis2026,DecisionTree,rerank
AHP_WSM_17_vs_Historis_Teknokratis2026_Final,105,A_only,aes nasution,AES Nasution,40,,normatif_17,AHP_WSM,,refined_rerank_teknokratis2026,DecisionTree,rerank
AHP_WSM_17_vs_Historis_Teknokratis2026_Final,105,A_only,musyawarah nagara,Musyawarah (Nagara),41,,normatif_17,AHP_WSM,,refined_rerank_teknokratis2026,DecisionTree,rerank
AHP_WSM_17_vs_Historis_Teknokratis2026_Final,105,A_only,pertanian - desa wasah tengah,Pertanian - Ds. Wasah Tengah,42,,normatif_17,AHP_WSM,,refined_rerank_teknokratis2026,DecisionTree,rerank
AHP_WSM_17_vs_Historis_Teknokratis2026_Final,105,A_only,haritas pt pertani,Haritas (PT. Pertani),45,,normatif_17,AHP_WSM,,refined_rerank_teknokratis2026,DecisionTree,rerank
AHP_WSM_17_vs_Historis_Teknokratis2026_Final,105,A_only,baluti - jambu hulu paku,Baluti - Jambu Hulu (Paku),46,,normatif_17,AHP_WSM,,refined_rerank_teknokratis2026,DecisionTree,rerank
AHP_WSM_17_vs_Historis_Teknokratis2026_Final,105,A_only,tawia - kayu abang,Tawia - Kayu Abang,48,,normatif_17,AHP_WSM,,refined_rerank_teknokratis2026,DecisionTree,rerank
AHP_WSM_17_vs_Historis_Teknokratis2026_Final,105,A_only,tembok kacil sei kudung,Tembok Kacil. Sei. Kudung,49,,normatif_17,AHP_WSM,,refined_rerank_teknokratis2026,DecisionTree,rerank
AHP_WSM_17_vs_Historis_Teknokratis2026_Final,105,A_only,bina bakat,Bina Bakat,50,,normatif_17,AHP_WSM,,refined_rerank_teknokratis2026,DecisionTree,rerank
AHP_WSM_17_vs_Historis_Teknokratis2026_Final,105,A_only,sp 4 banjarbaru - pihanin raya,SP.4. Banjarbaru - Pihanin Raya,52,,normatif_17,AHP_WSM,,refined_rerank_teknokratis2026,DecisionTree,rerank
AHP_WSM_17_vs_Historis_Teknokratis2026_Final,105,A_only,slasa garih - desa kapuh,Slasa Garih - Ds. Kapuh,55,,normatif_17,AHP_WSM,,refined_rerank_teknokratis2026,DecisionTree,rerank
AHP_WSM_17_vs_Historis_Teknokratis2026_Final,105,A_only,al - ikhlas - desa baluti,Al - Ikhlas - Ds. Baluti,57,,normatif_17,AHP_WSM,,refined_rerank_teknokratis2026,DecisionTree,rerank
AHP_WSM_17_vs_Historis_Teknokratis2026_Final,105,A_only,gerilya - desa simpur,Gerilya - Ds. Simpur,58,,normatif_17,AHP_WSM,,refined_rerank_teknokratis2026,DecisionTree,rerank
AHP_WSM_17_vs_Historis_Teknokratis2026_Final,105,A_only,kalumpang - baruh,Kalumpang - Baruh,59,,normatif_17,AHP_WSM,,refined_rerank_teknokratis2026,DecisionTree,rerank
AHP_WSM_17_vs_Historis_Teknokratis2026_Final,105,A_only,hamalau - asam cangkok,Hamalau - Asam Cangkok,60,,normatif_17,AHP_WSM,,refined_rerank_teknokratis2026,DecisionTree,rerank
AHP_WSM_17_vs_Historis_Teknokratis2026_Final,105,A_only,wasah hilir - amparaya,Wasah Hilir - Amparaya,61,,normatif_17,AHP_WSM,,refined_rerank_teknokratis2026,DecisionTree,rerank
AHP_WSM_17_vs_Historis_Teknokratis2026_Final,105,A_only,jangkang - desa wasah hilir,Jangkang - Ds. Wasah Hilir,62,,normatif_17,AHP_WSM,,refined_rerank_teknokratis2026,DecisionTree,rerank
AHP_WSM_17_vs_Historis_Teknokratis2026_Final,105,A_only,paku jambu hulu - ganda,Paku (Jambu Hulu) - Ganda,63,,normatif_17,AHP_WSM,,refined_rerank_teknokratis2026,DecisionTree,rerank
AHP_WSM_17_vs_Historis_Teknokratis2026_Final,105,A_only,sp 4 baru tampang - sp bilui pamujaan,Sp. 4 Baru/Tampang - Sp. Bilui Pamujaan,65,,normatif_17,AHP_WSM,,refined_rerank_teknokratis2026,DecisionTree,rerank
AHP_WSM_17_vs_Historis_Teknokratis2026_Final,105,A_only,padang haur - desa wasah tengah,Padang Haur - Ds. Wasah Tengah,67,,normatif_17,AHP_WSM,,refined_rerank_teknokratis2026,DecisionTree,rerank
AHP_WSM_17_vs_Historis_Teknokratis2026_Final,105,A_only,sp bakarung selatan - sei kudung,Sp. Bakarung Selatan - Sungai Kudung,68,,normatif_17,AHP_WSM,,refined_rerank_teknokratis2026,DecisionTree,rerank
AHP_WSM_17_vs_Historis_Teknokratis2026_Final,105,A_only,karampaci - desa kapuh,Karampaci - Ds. Kapuh,71,,normatif_17,AHP_WSM,,refined_rerank_teknokratis2026,DecisionTree,rerank
AHP_WSM_17_vs_Historis_Teknokratis2026_Final,105,A_only,tanjungan - sp 10 batang kulur - sei kali,Tanjungan - Sp. 10 Batang Kulur - Sungai Kali,72,,normatif_17,AHP_WSM,,refined_rerank_teknokratis2026,DecisionTree,rerank
AHP_WSM_17_vs_Historis_Teknokratis2026_Final,105,A_only,bakarung - tabihi - karang jawa,Bakarung -Tabihi - Karang Jawa,74,,normatif_17,AHP_WSM,,refined_rerank_teknokratis2026,DecisionTree,rerank
AHP_WSM_17_vs_Historis_Teknokratis2026_Final,105,A_only,banua kambang - desa wasah tengah,Banua Kambang - Ds. Wasah Tengah,75,,normatif_17,AHP_WSM,,refined_rerank_teknokratis2026,DecisionTree,rerank
AHP_WSM_17_vs_Historis_Teknokratis2026_Final,105,A_only,desa kapuh tengah menuju majelis talim,Ds. Kapuh Tengah (Menuju Majelis Talim),76,,normatif_17,AHP_WSM,,refined_rerank_teknokratis2026,DecisionTree,rerank
AHP_WSM_17_vs_Historis_Teknokratis2026_Final,105,A_only,papagaran palangsatan,Papagaran/Palangsatan,78,,normatif_17,AHP_WSM,,refined_rerank_teknokratis2026,DecisionTree,rerank
AHP_WSM_17_vs_Historis_Teknokratis2026_Final,105,A_only,baiturrahim parincahan,Baiturrahim Parincahan,79,,normatif_17,AHP_WSM,,refined_rerank_teknokratis2026,DecisionTree,rerank
AHP_WSM_17_vs_Historis_Teknokratis2026_Final,105,A_only,lorong bupati,Lorong Bupati,81,,normatif_17,AHP_WSM,,refined_rerank_teknokratis2026,DecisionTree,rerank
AHP_WSM_17_vs_Historis_Teknokratis2026_Final,105,A_only,karasikan - sarang halang,Karasikan - Sarang Halang,82,,normatif_17,AHP_WSM,,refined_rerank_teknokratis2026,DecisionTree,rerank
AHP_WSM_17_vs_Historis_Teknokratis2026_Final,105,A_only,teratai menuju komp perumnas hamalau,Teratai Menuju Komplek Perumnas Hamalau,83,,normatif_17,AHP_WSM,,refined_rerank_teknokratis2026,DecisionTree,rerank
AHP_WSM_17_vs_Historis_Teknokratis2026_Final,105,A_only,simpur - simp bilui,Simpur - Simp. Bilui,84,,normatif_17,AHP_WSM,,refined_rerank_teknokratis2026,DecisionTree,rerank
AHP_WSM_17_vs_Historis_Teknokratis2026_Final,105,A_only,banua hanyar - desa tanjung selor,Banua Hanyar - Ds. Tanjung Selor,85,,normatif_17,AHP_WSM,,refined_rerank_teknokratis2026,DecisionTree,rerank
AHP_WSM_17_vs_Historis_Teknokratis2026_Final,105,A_only,sei kacil i - kapuh padang,Sungai Kacil I - Kapuh Padang,86,,normatif_17,AHP_WSM,,refined_rerank_teknokratis2026,DecisionTree,rerank
AHP_WSM_17_vs_Historis_Teknokratis2026_Final,105,A_only,jangkang - pantai ulin,Jangkang - Pantai Ulin,87,,normatif_17,AHP_WSM,,refined_rerank_teknokratis2026,DecisionTree,rerank
AHP_WSM_17_vs_Historis_Teknokratis2026_Final,105,A_only,papagaran - desa amawang kanan,Papagaran - Ds. Amawang Kanan,88,,normatif_17,AHP_WSM,,refined_rerank_teknokratis2026,DecisionTree,rerank
AHP_WSM_17_vs_Historis_Teknokratis2026_Final,105,A_only,munggu raya - desa hariti,Munggu Raya - Ds. Hariti,89,,normatif_17,AHP_WSM,,refined_rerank_teknokratis2026,DecisionTree,rerank
AHP_WSM_17_vs_Historis_Teknokratis2026_Final,105,A_only,budi bakti - tiga desember,Budi Bakti - Tiga Desember,90,,normatif_17,AHP_WSM,,refined_rerank_teknokratis2026,DecisionTree,rerank
AHP_WSM_17_vs_Historis_Teknokratis2026_Final,105,A_only,halayung - hantarukung,Halayung - Hantarukung,91,,normatif_17,AHP_WSM,,refined_rerank_teknokratis2026,DecisionTree,rerank
AHP_WSM_17_vs_Historis_Teknokratis2026_Final,105,A_only,ambarai - madang,Ambarai - Madang,92,,normatif_17,AHP_WSM,,refined_rerank_teknokratis2026,DecisionTree,rerank
AHP_WSM_17_vs_Historis_Teknokratis2026_Final,105,A_only,pianggu,Pianggu,93,,normatif_17,AHP_WSM,,refined_rerank_teknokratis2026,DecisionTree,rerank
AHP_WSM_17_vs_Historis_Teknokratis2026_Final,105,A_only,bakarung tengah - karang jawa,Bakarung Tengah - Karang Jawa,95,,normatif_17,AHP_WSM,,refined_rerank_teknokratis2026,DecisionTree,rerank
AHP_WSM_17_vs_Historis_Teknokratis2026_Final,105,A_only,teluk pinang - padang rasau,Teluk Pinang - Padang Rasau,96,,normatif_17,AHP_WSM,,refined_rerank_teknokratis2026,DecisionTree,rerank
AHP_WSM_17_vs_Historis_Teknokratis2026_Final,105,A_only,jend sudirman,Jend. Sudirman,97,,normatif_17,AHP_WSM,,refined_rerank_teknokratis2026,DecisionTree,rerank
AHP_WSM_17_vs_Historis_Teknokratis2026_Final,105,A_only,at - taubah - desa kapuh,At-Taubah - Ds. Kapuh,98,,normatif_17,AHP_WSM,,refined_rerank_teknokratis2026,DecisionTree,rerank
AHP_WSM_17_vs_Historis_Teknokratis2026_Final,105,A_only,muara banta - karang jawa,Muara Banta - Karang Jawa,99,,normatif_17,AHP_WSM,,refined_rerank_teknokratis2026,DecisionTree,rerank
AHP_WSM_17_vs_Historis_Teknokratis2026_Final,105,A_only,ulin - tanggul balai mas,Ulin - Tanggul (Balai Mas),100,,normatif_17,AHP_WSM,,refined_rerank_teknokratis2026,DecisionTree,rerank
AHP_WSM_17_vs_Historis_Teknokratis2026_Final,105,A_only,pandulangan - kalinduku,Pandulangan - Kalinduku,101,,normatif_17,AHP_WSM,,refined_rerank_teknokratis2026,DecisionTree,rerank
AHP_WSM_17_vs_Historis_Teknokratis2026_Final,105,A_only,rawati - desa panjampang bahagia,Rawati - Ds. Panjampang Bahagia,102,,normatif_17,AHP_WSM,,refined_rerank_teknokratis2026,DecisionTree,rerank
AHP_WSM_17_vs_Historis_Teknokratis2026_Final,105,A_only,firdaus - desa kapuh,Firdaus - Ds. Kapuh,103,,normatif_17,AHP_WSM,,refined_rerank_teknokratis2026,DecisionTree,rerank
AHP_WSM_17_vs_Historis_Teknokratis2026_Final,105,A_only,bangga,Bangga TMMD,105,,normatif_17,AHP_WSM,,refined_rerank_teknokratis2026,DecisionTree,rerank
AHP_WSM_17_vs_Historis_Teknokratis2026_Final,105,B_only,bajayau - desa bajayau tengah,bajayau – desa bajayau tengah,,7,normatif_17,AHP_WSM,,refined_rerank_teknokratis2026,DecisionTree,rerank
AHP_WSM_17_vs_Historis_Teknokratis2026_Final,105,B_only,sp 4 mesjid sirih - sarang nyamuk - asam tamiyang,sp 4 mesjid sirih – sarang nyamuk – asam tamiyang,,8,normatif_17,AHP_WSM,,refined_rerank_teknokratis2026,DecisionTree,rerank
AHP_WSM_17_vs_Historis_Teknokratis2026_Final,105,B_only,sei raya selatan - malutu - goa berangin,sei raya selatan – malutu – goa berangin,,9,normatif_17,AHP_WSM,,refined_rerank_teknokratis2026,DecisionTree,rerank
AHP_WSM_17_vs_Historis_Teknokratis2026_Final,105,B_only,mandapai - madang,mandapai – madang,,10,normatif_17,AHP_WSM,,refined_rerank_teknokratis2026,DecisionTree,rerank
AHP_WSM_17_vs_Historis_Teknokratis2026_Final,105,B_only,siang gantung - desa baru,siang gantung – desa baru,,11,normatif_17,AHP_WSM,,refined_rerank_teknokratis2026,DecisionTree,rerank
AHP_WSM_17_vs_Historis_Teknokratis2026_Final,105,B_only,malinau - katingin - kamawakan,malinau – katingin – kamawakan,,12,normatif_17,AHP_WSM,,refined_rerank_teknokratis2026,DecisionTree,rerank
AHP_WSM_17_vs_Historis_Teknokratis2026_Final,105,B_only,halunuk - riam tajam talo - hamak umpaya,halunuk – riam tajam talo – hamak umpaya,,13,normatif_17,AHP_WSM,,refined_rerank_teknokratis2026,DecisionTree,rerank
AHP_WSM_17_vs_Historis_Teknokratis2026_Final,105,B_only,gumbil - masimpan,gumbil – masimpan,,14,normatif_17,AHP_WSM,,refined_rerank_teknokratis2026,DecisionTree,rerank
AHP_WSM_17_vs_Historis_Teknokratis2026_Final,105,B_only,tanuhi - ulang,tanuhi – ulang,,15,normatif_17,AHP_WSM,,refined_rerank_teknokratis2026,DecisionTree,rerank
AHP_WSM_17_vs_Historis_Teknokratis2026_Final,105,B_only,angkinang selatan - tawia - wawaran,angkinang selatan – tawia – wawaran,,16,normatif_17,AHP_WSM,,refined_rerank_teknokratis2026,DecisionTree,rerank
AHP_WSM_17_vs_Historis_Teknokratis2026_Final,105,B_only,rel angkinang,rel angkinang – angkinang,,21,normatif_17,AHP_WSM,,refined_rerank_teknokratis2026,DecisionTree,rerank
AHP_WSM_17_vs_Historis_Teknokratis2026_Final,105,B_only,tabihi - telaga langsat,tabihi – telaga langsat,,22,normatif_17,AHP_WSM,,refined_rerank_teknokratis2026,DecisionTree,rerank
AHP_WSM_17_vs_Historis_Teknokratis2026_Final,105,B_only,malilingin - lokbahan - paniungan,malilingin – lokbahan – paniungan,,23,normatif_17,AHP_WSM,,refined_rerank_teknokratis2026,DecisionTree,rerank
AHP_WSM_17_vs_Historis_Teknokratis2026_Final,105,B_only,h m thaib,h m thaib,,25,normatif_17,AHP_WSM,,refined_rerank_teknokratis2026,DecisionTree,rerank
AHP_WSM_17_vs_Historis_Teknokratis2026_Final,105,B_only,sp empat lungau - bangkau,sp empat lungau – bangkau,,26,normatif_17,AHP_WSM,,refined_rerank_teknokratis2026,DecisionTree,rerank
AHP_WSM_17_vs_Historis_Teknokratis2026_Final,105,B_only,sp empat lungau - garis,sp empat lungau – garis,,27,normatif_17,AHP_WSM,,refined_rerank_teknokratis2026,DecisionTree,rerank
AHP_WSM_17_vs_Historis_Teknokratis2026_Final,105,B_only,ida manggala - padang makmur,ida manggala – padang makmur,,28,normatif_17,AHP_WSM,,refined_rerank_teknokratis2026,DecisionTree,rerank
AHP_WSM_17_vs_Historis_Teknokratis2026_Final,105,B_only,teluk haur ii,teluk haur ii,,29,normatif_17,AHP_WSM,,refined_rerank_teknokratis2026,DecisionTree,rerank
AHP_WSM_17_vs_Historis_Teknokratis2026_Final,105,B_only,jarau - parandakan,jarau – parandakan,,31,normatif_17,AHP_WSM,,refined_rerank_teknokratis2026,DecisionTree,rerank
AHP_WSM_17_vs_Historis_Teknokratis2026_Final,105,B_only,amd - desa lok binuang,amd – desa lok binuang,,32,normatif_17,AHP_WSM,,refined_rerank_teknokratis2026,DecisionTree,rerank
AHP_WSM_17_vs_Historis_Teknokratis2026_Final,105,B_only,kalumpang - balimau,kalumpang – balimau,,33,normatif_17,AHP_WSM,,refined_rerank_teknokratis2026,DecisionTree,rerank
AHP_WSM_17_vs_Historis_Teknokratis2026_Final,105,B_only,loksado - haratai,loksado – haratai,,34,normatif_17,AHP_WSM,,refined_rerank_teknokratis2026,DecisionTree,rerank
AHP_WSM_17_vs_Historis_Teknokratis2026_Final,105,B_only,hariti - sei raya selatan,hariti – sei raya selatan,,35,normatif_17,AHP_WSM,,refined_rerank_teknokratis2026,DecisionTree,rerank
AHP_WSM_17_vs_Historis_Teknokratis2026_Final,105,B_only,bago tanggul - katilang - teratai,bago tanggul – katilang – teratai,,37,normatif_17,AHP_WSM,,refined_rerank_teknokratis2026,DecisionTree,rerank
AHP_WSM_17_vs_Historis_Teknokratis2026_Final,105,B_only,malinau - kandihin,malinau – kandihin,,38,normatif_17,AHP_WSM,,refined_rerank_teknokratis2026,DecisionTree,rerank
AHP_WSM_17_vs_Historis_Teknokratis2026_Final,105,B_only,sei mandala murung raya,sei mandala murung raya,,39,normatif_17,AHP_WSM,,refined_rerank_teknokratis2026,DecisionTree,rerank
AHP_WSM_17_vs_Historis_Teknokratis2026_Final,105,B_only,bayanan - pihanin,bayanan – pihanin,,40,normatif_17,AHP_WSM,,refined_rerank_teknokratis2026,DecisionTree,rerank
AHP_WSM_17_vs_Historis_Teknokratis2026_Final,105,B_only,badaun - desa bjayau lama,badaun – desa bjayau lama,,42,normatif_17,AHP_WSM,,refined_rerank_teknokratis2026,DecisionTree,rerank
AHP_WSM_17_vs_Historis_Teknokratis2026_Final,105,B_only,guru h izim - desa pantai ulin,guru h izim – desa pantai ulin,,46,normatif_17,AHP_WSM,,refined_rerank_teknokratis2026,DecisionTree,rerank
AHP_WSM_17_vs_Historis_Teknokratis2026_Final,105,B_only,pandak daun buntut muradiyah - pakan dalam,pandak daun buntut muradiyah – pakan dalam,,47,normatif_17,AHP_WSM,,refined_rerank_teknokratis2026,DecisionTree,rerank
AHP_WSM_17_vs_Historis_Teknokratis2026_Final,105,B_only,tukang garit tambangan,tukang garit tambangan,,48,normatif_17,AHP_WSM,,refined_rerank_teknokratis2026,DecisionTree,rerank
AHP_WSM_17_vs_Historis_Teknokratis2026_Final,105,B_only,loklahung - malaris,loklahung – malaris,,50,normatif_17,AHP_WSM,,refined_rerank_teknokratis2026,DecisionTree,rerank
AHP_WSM_17_vs_Historis_Teknokratis2026_Final,105,B_only,haratai 2 balai ujung atas sdn haratai2,haratai 2 balai ujung atas sdn haratai2,,51,normatif_17,AHP_WSM,,refined_rerank_teknokratis2026,DecisionTree,rerank
AHP_WSM_17_vs_Historis_Teknokratis2026_Final,105,B_only,tanah habang - desa simpur,tanah habang – desa simpur,,53,normatif_17,AHP_WSM,,refined_rerank_teknokratis2026,DecisionTree,rerank
AHP_WSM_17_vs_Historis_Teknokratis2026_Final,105,B_only,kaminting batu,kaminting batu,,54,normatif_17,AHP_WSM,,refined_rerank_teknokratis2026,DecisionTree,rerank
AHP_WSM_17_vs_Historis_Teknokratis2026_Final,105,B_only,bamban selatan - tanggang - panggang hijau,bamban selatan – tanggang – panggang hijau,,55,normatif_17,AHP_WSM,,refined_rerank_teknokratis2026,DecisionTree,rerank
AHP_WSM_17_vs_Historis_Teknokratis2026_Final,105,B_only,manggis - desa baru,manggis – desa baru,,56,normatif_17,AHP_WSM,,refined_rerank_teknokratis2026,DecisionTree,rerank
AHP_WSM_17_vs_Historis_Teknokratis2026_Final,105,B_only,kampung kawat,kampung kawat,,57,normatif_17,AHP_WSM,,refined_rerank_teknokratis2026,DecisionTree,rerank
AHP_WSM_17_vs_Historis_Teknokratis2026_Final,105,B_only,sukaramai - keramat,sukaramai – keramat,,58,normatif_17,AHP_WSM,,refined_rerank_teknokratis2026,DecisionTree,rerank
AHP_WSM_17_vs_Historis_Teknokratis2026_Final,105,B_only,gerilya depan pustu habirau,gerilya depan pustu habirau,,59,normatif_17,AHP_WSM,,refined_rerank_teknokratis2026,DecisionTree,rerank
AHP_WSM_17_vs_Historis_Teknokratis2026_Final,105,B_only,asam duhat - desa pantai ulin,asam duhat – desa pantai ulin,,61,normatif_17,AHP_WSM,,refined_rerank_teknokratis2026,DecisionTree,rerank
AHP_WSM_17_vs_Historis_Teknokratis2026_Final,105,B_only,kayu abang - desa anjiran,kayu abang – desa anjiran,,62,normatif_17,AHP_WSM,,refined_rerank_teknokratis2026,DecisionTree,rerank
AHP_WSM_17_vs_Historis_Teknokratis2026_Final,105,B_only,mangaris - limau manis,mangaris – limau manis,,63,normatif_17,AHP_WSM,,refined_rerank_teknokratis2026,DecisionTree,rerank
AHP_WSM_17_vs_Historis_Teknokratis2026_Final,105,B_only,halaban,halaban,,64,normatif_17,AHP_WSM,,refined_rerank_teknokratis2026,DecisionTree,rerank
AHP_WSM_17_vs_Historis_Teknokratis2026_Final,105,B_only,tamiyang - desa tamiyang eks,tamiyang – desa tamiyang eks,,65,normatif_17,AHP_WSM,,refined_rerank_teknokratis2026,DecisionTree,rerank
AHP_WSM_17_vs_Historis_Teknokratis2026_Final,105,B_only,talapak manuk - desa kapuh,talapak manuk – desa kapuh,,66,normatif_17,AHP_WSM,,refined_rerank_teknokratis2026,DecisionTree,rerank
AHP_WSM_17_vs_Historis_Teknokratis2026_Final,105,B_only,gang bidan desa tambak bitin,gang bidan desa tambak bitin,,67,normatif_17,AHP_WSM,,refined_rerank_teknokratis2026,DecisionTree,rerank
AHP_WSM_17_vs_Historis_Teknokratis2026_Final,105,B_only,bamban tibung - martajiwa,bamban tibung – martajiwa,,68,normatif_17,AHP_WSM,,refined_rerank_teknokratis2026,DecisionTree,rerank
AHP_WSM_17_vs_Historis_Teknokratis2026_Final,105,B_only,sei namang - desa tanah bangkang,sei namang – desa tanah bangkang,,69,normatif_17,AHP_WSM,,refined_rerank_teknokratis2026,DecisionTree,rerank
AHP_WSM_17_vs_Historis_Teknokratis2026_Final,105,B_only,teluk haur i,teluk haur i,,70,normatif_17,AHP_WSM,,refined_rerank_teknokratis2026,DecisionTree,rerank
AHP_WSM_17_vs_Historis_Teknokratis2026_Final,105,B_only,batang kulur kanan - batang kulur kiri,batang kulur kanan – batang kulur kiri,,72,normatif_17,AHP_WSM,,refined_rerank_teknokratis2026,DecisionTree,rerank
AHP_WSM_17_vs_Historis_Teknokratis2026_Final,105,B_only,min pandak daun,min pandak daun,,74,normatif_17,AHP_WSM,,refined_rerank_teknokratis2026,DecisionTree,rerank
AHP_WSM_17_vs_Historis_Teknokratis2026_Final,105,B_only,paramaian,paramaian,,75,normatif_17,AHP_WSM,,refined_rerank_teknokratis2026,DecisionTree,rerank
AHP_WSM_17_vs_Historis_Teknokratis2026_Final,105,B_only,batang kulur kanan - bumi berkat kisung,batang kulur kanan – bumi berkat kisung,,76,normatif_17,AHP_WSM,,refined_rerank_teknokratis2026,DecisionTree,rerank
AHP_WSM_17_vs_Historis_Teknokratis2026_Final,105,B_only,sman negara kh abdullah,sman negara kh abdullah,,77,normatif_17,AHP_WSM,,refined_rerank_teknokratis2026,DecisionTree,rerank
AHP_WSM_17_vs_Historis_Teknokratis2026_Final,105,B_only,rs hasan basry ii,rs hasan basry ii,,78,normatif_17,AHP_WSM,,refined_rerank_teknokratis2026,DecisionTree,rerank
AHP_WSM_17_vs_Historis_Teknokratis2026_Final,105,B_only,kalaka dayuh - desa sei raya utara,kalaka dayuh – desa sei raya utara,,79,normatif_17,AHP_WSM,,refined_rerank_teknokratis2026,DecisionTree,rerank
AHP_WSM_17_vs_Historis_Teknokratis2026_Final,105,B_only,asam seranggan - asam tamiyang,asam seranggan – asam tamiyang,,80,normatif_17,AHP_WSM,,refined_rerank_teknokratis2026,DecisionTree,rerank
AHP_WSM_17_vs_Historis_Teknokratis2026_Final,105,B_only,cangkingan herman,cangkingan herman,,81,normatif_17,AHP_WSM,,refined_rerank_teknokratis2026,DecisionTree,rerank
AHP_WSM_17_vs_Historis_Teknokratis2026_Final,105,B_only,tembok baru - desa baluti,tembok baru – desa baluti,,84,normatif_17,AHP_WSM,,refined_rerank_teknokratis2026,DecisionTree,rerank
AHP_WSM_17_vs_Historis_Teknokratis2026_Final,105,B_only,paharuangan - asam dua,paharuangan – asam dua,,85,normatif_17,AHP_WSM,,refined_rerank_teknokratis2026,DecisionTree,rerank
AHP_WSM_17_vs_Historis_Teknokratis2026_Final,105,B_only,sei durian - desa gumbil,sei durian – desa gumbil,,86,normatif_17,AHP_WSM,,refined_rerank_teknokratis2026,DecisionTree,rerank
AHP_WSM_17_vs_Historis_Teknokratis2026_Final,105,B_only,habib ibrahim - desa sei mandala,habib ibrahim – desa sei mandala,,88,normatif_17,AHP_WSM,,refined_rerank_teknokratis2026,DecisionTree,rerank
AHP_WSM_17_vs_Historis_Teknokratis2026_Final,105,B_only,buluh - desa tebing tinggi,buluh – desa tebing tinggi,,89,normatif_17,AHP_WSM,,refined_rerank_teknokratis2026,DecisionTree,rerank
AHP_WSM_17_vs_Historis_Teknokratis2026_Final,105,B_only,pagar haur - malutu,pagar haur – malutu,,90,normatif_17,AHP_WSM,,refined_rerank_teknokratis2026,DecisionTree,rerank
AHP_WSM_17_vs_Historis_Teknokratis2026_Final,105,B_only,kantor camat loksado ii,kantor camat loksado ii,,91,normatif_17,AHP_WSM,,refined_rerank_teknokratis2026,DecisionTree,rerank
AHP_WSM_17_vs_Historis_Teknokratis2026_Final,105,B_only,kalumpang desa balanti - teratai,kalumpang desa balanti – teratai,,92,normatif_17,AHP_WSM,,refined_rerank_teknokratis2026,DecisionTree,rerank
AHP_WSM_17_vs_Historis_Teknokratis2026_Final,105,B_only,tibung raya - hamalau dalam,tibung raya – hamalau dalam,,93,normatif_17,AHP_WSM,,refined_rerank_teknokratis2026,DecisionTree,rerank
AHP_WSM_17_vs_Historis_Teknokratis2026_Final,105,B_only,negara - tumbukan banyu,negara – tumbukan banyu,,94,normatif_17,AHP_WSM,,refined_rerank_teknokratis2026,DecisionTree,rerank
AHP_WSM_17_vs_Historis_Teknokratis2026_Final,105,B_only,sp 4 banjarbaru - pasar negara,sp 4 banjarbaru – pasar negara,,95,normatif_17,AHP_WSM,,refined_rerank_teknokratis2026,DecisionTree,rerank
AHP_WSM_17_vs_Historis_Teknokratis2026_Final,105,B_only,sirih - taro,sirih – taro,,98,normatif_17,AHP_WSM,,refined_rerank_teknokratis2026,DecisionTree,rerank
AHP_WSM_17_vs_Historis_Teknokratis2026_Final,105,B_only,sirih - pacakan,sirih – pacakan,,99,normatif_17,AHP_WSM,,refined_rerank_teknokratis2026,DecisionTree,rerank
AHP_WSM_17_vs_Historis_Teknokratis2026_Final,105,B_only,musyawarah kandangan,musyawarah kandangan,,102,normatif_17,AHP_WSM,,refined_rerank_teknokratis2026,DecisionTree,rerank
AHP_WSM_20_vs_Historis_Any2026_Final,35,overlap,angkinang - telaga langsat,Angkinang - Telaga Langsat,16,19,normatif_20,AHP_WSM,,refined_recall_max_any2026,DecisionTree,rerank_population_focus
AHP_WSM_20_vs_Historis_Any2026_Final,35,overlap,tumbukan banyu - banua hanyar,Tumbukan Banyu - Banua Hanyar,27,17,normatif_20,AHP_WSM,,refined_recall_max_any2026,DecisionTree,rerank_population_focus
AHP_WSM_20_vs_Historis_Any2026_Final,35,overlap,amawang muka - getek,Amawang Muka - Getek,29,20,normatif_20,AHP_WSM,,refined_recall_max_any2026,DecisionTree,rerank_population_focus
AHP_WSM_20_vs_Historis_Any2026_Final,35,overlap,sp 4 banjarbaru - pihanin raya,SP.4. Banjarbaru - Pihanin Raya,35,15,normatif_20,AHP_WSM,,refined_recall_max_any2026,DecisionTree,rerank_population_focus
AHP_WSM_20_vs_Historis_Any2026_Final,35,A_only,panglima batur,Panglima Batur,1,,normatif_20,AHP_WSM,,refined_recall_max_any2026,DecisionTree,rerank_population_focus
AHP_WSM_20_vs_Historis_Any2026_Final,35,A_only,aluh idut,Aluh Idut,2,,normatif_20,AHP_WSM,,refined_recall_max_any2026,DecisionTree,rerank_population_focus
AHP_WSM_20_vs_Historis_Any2026_Final,35,A_only,merah johansyah - melati,Merah Johansyah - Melati,3,,normatif_20,AHP_WSM,,refined_recall_max_any2026,DecisionTree,rerank_population_focus
AHP_WSM_20_vs_Historis_Any2026_Final,35,A_only,pemuda,Pemuda,4,,normatif_20,AHP_WSM,,refined_recall_max_any2026,DecisionTree,rerank_population_focus
AHP_WSM_20_vs_Historis_Any2026_Final,35,A_only,bakarung - rantauan,Bakarung - Rantauan,5,,normatif_20,AHP_WSM,,refined_recall_max_any2026,DecisionTree,rerank_population_focus
AHP_WSM_20_vs_Historis_Any2026_Final,35,A_only,parindra,Parindra,6,,normatif_20,AHP_WSM,,refined_recall_max_any2026,DecisionTree,rerank_population_focus
AHP_WSM_20_vs_Historis_Any2026_Final,35,A_only,wasah tengah - sei tarap,Wasah Tengah - Sungai Tarap,7,,normatif_20,AHP_WSM,,refined_recall_max_any2026,DecisionTree,rerank_population_focus
AHP_WSM_20_vs_Historis_Any2026_Final,35,A_only,kesehatan - komp rmh dokter,Kesehatan - Komp. Rmh Dokter,8,,normatif_20,AHP_WSM,,refined_recall_max_any2026,DecisionTree,rerank_population_focus
AHP_WSM_20_vs_Historis_Any2026_Final,35,A_only,simpur - sp 3 muara paring agung,Simpur - Sp. 3 Muara Paring Agung,9,,normatif_20,AHP_WSM,,refined_recall_max_any2026,DecisionTree,rerank_population_focus
AHP_WSM_20_vs_Historis_Any2026_Final,35,A_only,anggrek,Anggrek,10,,normatif_20,AHP_WSM,,refined_recall_max_any2026,DecisionTree,rerank_population_focus
AHP_WSM_20_vs_Historis_Any2026_Final,35,A_only,wahab syahrani,Wahab Syahrani,11,,normatif_20,AHP_WSM,,refined_recall_max_any2026,DecisionTree,rerank_population_focus
AHP_WSM_20_vs_Historis_Any2026_Final,35,A_only,menuju stadion 2 desember,Menuju Stadion 2 Desember,12,,normatif_20,AHP_WSM,,refined_recall_max_any2026,DecisionTree,rerank_population_focus
AHP_WSM_20_vs_Historis_Any2026_Final,35,A_only,teluk mesjid - sp 4 muara banta,Teluk Mesjid - Sp. 4 Muara Banta,13,,normatif_20,AHP_WSM,,refined_recall_max_any2026,DecisionTree,rerank_population_focus
AHP_WSM_20_vs_Historis_Any2026_Final,35,A_only,taniran selatan - rantauan,Taniran Selatan - Rantauan,14,,normatif_20,AHP_WSM,,refined_recall_max_any2026,DecisionTree,rerank_population_focus
AHP_WSM_20_vs_Historis_Any2026_Final,35,A_only,hamalau - pahampangan,Hamalau - Pahampangan,15,,normatif_20,AHP_WSM,,refined_recall_max_any2026,DecisionTree,rerank_population_focus
AHP_WSM_20_vs_Historis_Any2026_Final,35,A_only,tibung raya - asam cangkuk,Tibung Raya - Asam Cangkuk,17,,normatif_20,AHP_WSM,,refined_recall_max_any2026,DecisionTree,rerank_population_focus
AHP_WSM_20_vs_Historis_Any2026_Final,35,A_only,rantauan - sei baru pulau,Rantauan - Sungai Baru (Pulau),18,,normatif_20,AHP_WSM,,refined_recall_max_any2026,DecisionTree,rerank_population_focus
AHP_WSM_20_vs_Historis_Any2026_Final,35,A_only,taal batang kulur - sp 3 muara prg agung,Taal Batang Kulur - Sp. 3 Muara Prg Agung,19,,normatif_20,AHP_WSM,,refined_recall_max_any2026,DecisionTree,rerank_population_focus
AHP_WSM_20_vs_Historis_Any2026_Final,35,A_only,newangsekarti - desa gambah luar muka,Newangsekarti - Ds. Gambah Luar Muka,20,,normatif_20,AHP_WSM,,refined_recall_max_any2026,DecisionTree,rerank_population_focus
AHP_WSM_20_vs_Historis_Any2026_Final,35,A_only,papancan - desa tanah bangkang,Papancan - Ds. Tanah Bangkang,21,,normatif_20,AHP_WSM,,refined_recall_max_any2026,DecisionTree,rerank_population_focus
AHP_WSM_20_vs_Historis_Any2026_Final,35,A_only,air miris - desa wasah hilir,Air Miris - Ds. Wasah Hilir,22,,normatif_20,AHP_WSM,,refined_recall_max_any2026,DecisionTree,rerank_population_focus
AHP_WSM_20_vs_Historis_Any2026_Final,35,A_only,kolonel sugiono,Kolonel Sugiono,23,,normatif_20,AHP_WSM,,refined_recall_max_any2026,DecisionTree,rerank_population_focus
AHP_WSM_20_vs_Historis_Any2026_Final,35,A_only,aes nasution,AES Nasution,24,,normatif_20,AHP_WSM,,refined_recall_max_any2026,DecisionTree,rerank_population_focus
AHP_WSM_20_vs_Historis_Any2026_Final,35,A_only,musyawarah nagara,Musyawarah (Nagara),25,,normatif_20,AHP_WSM,,refined_recall_max_any2026,DecisionTree,rerank_population_focus
AHP_WSM_20_vs_Historis_Any2026_Final,35,A_only,pertanian - desa wasah tengah,Pertanian - Ds. Wasah Tengah,26,,normatif_20,AHP_WSM,,refined_recall_max_any2026,DecisionTree,rerank_population_focus
AHP_WSM_20_vs_Historis_Any2026_Final,35,A_only,wasah hilir - sarang halang,Wasah Hilir - Sarang Halang,28,,normatif_20,AHP_WSM,,refined_recall_max_any2026,DecisionTree,rerank_population_focus
AHP_WSM_20_vs_Historis_Any2026_Final,35,A_only,karang intan - tanah bangkang,Karang Intan - Tanah Bangkang,30,,normatif_20,AHP_WSM,,refined_recall_max_any2026,DecisionTree,rerank_population_focus
AHP_WSM_20_vs_Historis_Any2026_Final,35,A_only,haritas pt pertani,Haritas (PT. Pertani),31,,normatif_20,AHP_WSM,,refined_recall_max_any2026,DecisionTree,rerank_population_focus
AHP_WSM_20_vs_Historis_Any2026_Final,35,A_only,singakarsa - palas,Singakarsa - Palas,32,,normatif_20,AHP_WSM,,refined_recall_max_any2026,DecisionTree,rerank_population_focus
AHP_WSM_20_vs_Historis_Any2026_Final,35,A_only,tawia - kayu abang,Tawia - Kayu Abang,33,,normatif_20,AHP_WSM,,refined_recall_max_any2026,DecisionTree,rerank_population_focus
AHP_WSM_20_vs_Historis_Any2026_Final,35,A_only,bina bakat,Bina Bakat,34,,normatif_20,AHP_WSM,,refined_recall_max_any2026,DecisionTree,rerank_population_focus
AHP_WSM_20_vs_Historis_Any2026_Final,35,B_only,palajau - desa baluti,palajau – desa baluti,,1,normatif_20,AHP_WSM,,refined_recall_max_any2026,DecisionTree,rerank_population_focus
AHP_WSM_20_vs_Historis_Any2026_Final,35,B_only,padang batung - batulaki - malilingin,padang batung – batulaki – malilingin,,2,normatif_20,AHP_WSM,,refined_recall_max_any2026,DecisionTree,rerank_population_focus
AHP_WSM_20_vs_Historis_Any2026_Final,35,B_only,angkinang - kayu abang - panggang hijau,angkinang – kayu abang – panggang hijau,,3,normatif_20,AHP_WSM,,refined_recall_max_any2026,DecisionTree,rerank_population_focus
AHP_WSM_20_vs_Historis_Any2026_Final,35,B_only,baluti - jambu hulu paku,baluti – jambu hulu paku,,4,normatif_20,AHP_WSM,,refined_recall_max_any2026,DecisionTree,rerank_population_focus
AHP_WSM_20_vs_Historis_Any2026_Final,35,B_only,samuda - bajayau,samuda – bajayau,,5,normatif_20,AHP_WSM,,refined_recall_max_any2026,DecisionTree,rerank_population_focus
AHP_WSM_20_vs_Historis_Any2026_Final,35,B_only,hamalau - telaga bidadari - wasah hilir,hamalau – telaga bidadari – wasah hilir,,6,normatif_20,AHP_WSM,,refined_recall_max_any2026,DecisionTree,rerank_population_focus
AHP_WSM_20_vs_Historis_Any2026_Final,35,B_only,tembok baru - desa baluti,tembok baru – desa baluti,,7,normatif_20,AHP_WSM,,refined_recall_max_any2026,DecisionTree,rerank_population_focus
AHP_WSM_20_vs_Historis_Any2026_Final,35,B_only,baiturrahim parincahan,baiturrahim parincahan,,8,normatif_20,AHP_WSM,,refined_recall_max_any2026,DecisionTree,rerank_population_focus
AHP_WSM_20_vs_Historis_Any2026_Final,35,B_only,tukang garit tambangan,tukang garit tambangan,,9,normatif_20,AHP_WSM,,refined_recall_max_any2026,DecisionTree,rerank_population_focus
AHP_WSM_20_vs_Historis_Any2026_Final,35,B_only,sei raya selatan - malutu - goa berangin,sei raya selatan – malutu – goa berangin,,10,normatif_20,AHP_WSM,,refined_recall_max_any2026,DecisionTree,rerank_population_focus
AHP_WSM_20_vs_Historis_Any2026_Final,35,B_only,sukaramai - keramat,sukaramai – keramat,,11,normatif_20,AHP_WSM,,refined_recall_max_any2026,DecisionTree,rerank_population_focus
AHP_WSM_20_vs_Historis_Any2026_Final,35,B_only,sp 4 mesjid sirih - sarang nyamuk - asam tamiyang,sp 4 mesjid sirih – sarang nyamuk – asam tamiyang,,12,normatif_20,AHP_WSM,,refined_recall_max_any2026,DecisionTree,rerank_population_focus
AHP_WSM_20_vs_Historis_Any2026_Final,35,B_only,padang haur - desa wasah tengah,padang haur – desa wasah tengah,,13,normatif_20,AHP_WSM,,refined_recall_max_any2026,DecisionTree,rerank_population_focus
AHP_WSM_20_vs_Historis_Any2026_Final,35,B_only,gerilya depan pustu habirau,gerilya depan pustu habirau,,14,normatif_20,AHP_WSM,,refined_recall_max_any2026,DecisionTree,rerank_population_focus
AHP_WSM_20_vs_Historis_Any2026_Final,35,B_only,angkinang selatan - tawia - wawaran,angkinang selatan – tawia – wawaran,,16,normatif_20,AHP_WSM,,refined_recall_max_any2026,DecisionTree,rerank_population_focus
AHP_WSM_20_vs_Historis_Any2026_Final,35,B_only,jafri zamzam,jafri zamzam,,18,normatif_20,AHP_WSM,,refined_recall_max_any2026,DecisionTree,rerank_population_focus
AHP_WSM_20_vs_Historis_Any2026_Final,35,B_only,tanjungan - sp 10 batang kulur - sei kali,tanjungan – sp 10 batang kulur – sei kali,,21,normatif_20,AHP_WSM,,refined_recall_max_any2026,DecisionTree,rerank_population_focus
AHP_WSM_20_vs_Historis_Any2026_Final,35,B_only,rambai - bariang,rambai – bariang,,22,normatif_20,AHP_WSM,,refined_recall_max_any2026,DecisionTree,rerank_population_focus
AHP_WSM_20_vs_Historis_Any2026_Final,35,B_only,mawangi - bukuanin - telaga langsat,mawangi – bukuanin – telaga langsat,,23,normatif_20,AHP_WSM,,refined_recall_max_any2026,DecisionTree,rerank_population_focus
AHP_WSM_20_vs_Historis_Any2026_Final,35,B_only,bajayau - desa bajayau tengah,bajayau – desa bajayau tengah,,24,normatif_20,AHP_WSM,,refined_recall_max_any2026,DecisionTree,rerank_population_focus
AHP_WSM_20_vs_Historis_Any2026_Final,35,B_only,sei raya - jambu hulu paku,sei raya – jambu hulu paku,,25,normatif_20,AHP_WSM,,refined_recall_max_any2026,DecisionTree,rerank_population_focus
AHP_WSM_20_vs_Historis_Any2026_Final,35,B_only,tabihi - telaga langsat,tabihi – telaga langsat,,26,normatif_20,AHP_WSM,,refined_recall_max_any2026,DecisionTree,rerank_population_focus
AHP_WSM_20_vs_Historis_Any2026_Final,35,B_only,hamalau - ganda,hamalau – ganda,,27,normatif_20,AHP_WSM,,refined_recall_max_any2026,DecisionTree,rerank_population_focus
AHP_WSM_20_vs_Historis_Any2026_Final,35,B_only,bakarung - tabihi - karang jawa,bakarung – tabihi – karang jawa,,28,normatif_20,AHP_WSM,,refined_recall_max_any2026,DecisionTree,rerank_population_focus
AHP_WSM_20_vs_Historis_Any2026_Final,35,B_only,mandapai - madang,mandapai – madang,,29,normatif_20,AHP_WSM,,refined_recall_max_any2026,DecisionTree,rerank_population_focus
AHP_WSM_20_vs_Historis_Any2026_Final,35,B_only,malinau - katingin - kamawakan,malinau – katingin – kamawakan,,30,normatif_20,AHP_WSM,,refined_recall_max_any2026,DecisionTree,rerank_population_focus
AHP_WSM_20_vs_Historis_Any2026_Final,35,B_only,kaliring - sp padang batung,kaliring – sp padang batung,,31,normatif_20,AHP_WSM,,refined_recall_max_any2026,DecisionTree,rerank_population_focus
AHP_WSM_20_vs_Historis_Any2026_Final,35,B_only,siang gantung - desa baru,siang gantung – desa baru,,32,normatif_20,AHP_WSM,,refined_recall_max_any2026,DecisionTree,rerank_population_focus
AHP_WSM_20_vs_Historis_Any2026_Final,35,B_only,gumbil - masimpan,gumbil – masimpan,,33,normatif_20,AHP_WSM,,refined_recall_max_any2026,DecisionTree,rerank_population_focus
AHP_WSM_20_vs_Historis_Any2026_Final,35,B_only,panggang hijau - desa tawar,panggang hijau – desa tawar,,34,normatif_20,AHP_WSM,,refined_recall_max_any2026,DecisionTree,rerank_population_focus
AHP_WSM_20_vs_Historis_Any2026_Final,35,B_only,sei raya selatan - sarang halang,sei raya selatan – sarang halang,,35,normatif_20,AHP_WSM,,refined_recall_max_any2026,DecisionTree,rerank_population_focus
AHP_WSM_20_vs_Historis_Any2026_Final,70,overlap,angkinang - telaga langsat,Angkinang - Telaga Langsat,16,51,normatif_20,AHP_WSM,,refined_recall_max_any2026,RandomForest,grid_0005
AHP_WSM_20_vs_Historis_Any2026_Final,70,overlap,taal batang kulur - sp 3 muara prg agung,Taal Batang Kulur - Sp. 3 Muara Prg Agung,19,38,normatif_20,AHP_WSM,,refined_recall_max_any2026,RandomForest,grid_0005
AHP_WSM_20_vs_Historis_Any2026_Final,70,overlap,tumbukan banyu - banua hanyar,Tumbukan Banyu - Banua Hanyar,27,44,normatif_20,AHP_WSM,,refined_recall_max_any2026,RandomForest,grid_0005
AHP_WSM_20_vs_Historis_Any2026_Final,70,overlap,amawang muka - getek,Amawang Muka - Getek,29,42,normatif_20,AHP_WSM,,refined_recall_max_any2026,RandomForest,grid_0005
AHP_WSM_20_vs_Historis_Any2026_Final,70,overlap,singakarsa - palas,Singakarsa - Palas,32,11,normatif_20,AHP_WSM,,refined_recall_max_any2026,RandomForest,grid_0005
AHP_WSM_20_vs_Historis_Any2026_Final,70,overlap,sp 4 banjarbaru - pihanin raya,SP.4. Banjarbaru - Pihanin Raya,35,45,normatif_20,AHP_WSM,,refined_recall_max_any2026,RandomForest,grid_0005
AHP_WSM_20_vs_Historis_Any2026_Final,70,overlap,negara - tumbukan banyu,Negara - Tumbukan Banyu,59,68,normatif_20,AHP_WSM,,refined_recall_max_any2026,RandomForest,grid_0005
AHP_WSM_20_vs_Historis_Any2026_Final,70,overlap,kalumpang - balimau,Kalumpang - Balimau,61,64,normatif_20,AHP_WSM,,refined_recall_max_any2026,RandomForest,grid_0005
AHP_WSM_20_vs_Historis_Any2026_Final,70,overlap,bayanan - habirau tengah,Bayanan - Habirau Tengah,66,14,normatif_20,AHP_WSM,,refined_recall_max_any2026,RandomForest,grid_0005
AHP_WSM_20_vs_Historis_Any2026_Final,70,A_only,panglima batur,Panglima Batur,1,,normatif_20,AHP_WSM,,refined_recall_max_any2026,RandomForest,grid_0005
AHP_WSM_20_vs_Historis_Any2026_Final,70,A_only,aluh idut,Aluh Idut,2,,normatif_20,AHP_WSM,,refined_recall_max_any2026,RandomForest,grid_0005
AHP_WSM_20_vs_Historis_Any2026_Final,70,A_only,merah johansyah - melati,Merah Johansyah - Melati,3,,normatif_20,AHP_WSM,,refined_recall_max_any2026,RandomForest,grid_0005
AHP_WSM_20_vs_Historis_Any2026_Final,70,A_only,pemuda,Pemuda,4,,normatif_20,AHP_WSM,,refined_recall_max_any2026,RandomForest,grid_0005
AHP_WSM_20_vs_Historis_Any2026_Final,70,A_only,bakarung - rantauan,Bakarung - Rantauan,5,,normatif_20,AHP_WSM,,refined_recall_max_any2026,RandomForest,grid_0005
AHP_WSM_20_vs_Historis_Any2026_Final,70,A_only,parindra,Parindra,6,,normatif_20,AHP_WSM,,refined_recall_max_any2026,RandomForest,grid_0005
AHP_WSM_20_vs_Historis_Any2026_Final,70,A_only,wasah tengah - sei tarap,Wasah Tengah - Sungai Tarap,7,,normatif_20,AHP_WSM,,refined_recall_max_any2026,RandomForest,grid_0005
AHP_WSM_20_vs_Historis_Any2026_Final,70,A_only,kesehatan - komp rmh dokter,Kesehatan - Komp. Rmh Dokter,8,,normatif_20,AHP_WSM,,refined_recall_max_any2026,RandomForest,grid_0005
AHP_WSM_20_vs_Historis_Any2026_Final,70,A_only,simpur - sp 3 muara paring agung,Simpur - Sp. 3 Muara Paring Agung,9,,normatif_20,AHP_WSM,,refined_recall_max_any2026,RandomForest,grid_0005
AHP_WSM_20_vs_Historis_Any2026_Final,70,A_only,anggrek,Anggrek,10,,normatif_20,AHP_WSM,,refined_recall_max_any2026,RandomForest,grid_0005
AHP_WSM_20_vs_Historis_Any2026_Final,70,A_only,wahab syahrani,Wahab Syahrani,11,,normatif_20,AHP_WSM,,refined_recall_max_any2026,RandomForest,grid_0005
AHP_WSM_20_vs_Historis_Any2026_Final,70,A_only,menuju stadion 2 desember,Menuju Stadion 2 Desember,12,,normatif_20,AHP_WSM,,refined_recall_max_any2026,RandomForest,grid_0005
AHP_WSM_20_vs_Historis_Any2026_Final,70,A_only,teluk mesjid - sp 4 muara banta,Teluk Mesjid - Sp. 4 Muara Banta,13,,normatif_20,AHP_WSM,,refined_recall_max_any2026,RandomForest,grid_0005
AHP_WSM_20_vs_Historis_Any2026_Final,70,A_only,taniran selatan - rantauan,Taniran Selatan - Rantauan,14,,normatif_20,AHP_WSM,,refined_recall_max_any2026,RandomForest,grid_0005
AHP_WSM_20_vs_Historis_Any2026_Final,70,A_only,hamalau - pahampangan,Hamalau - Pahampangan,15,,normatif_20,AHP_WSM,,refined_recall_max_any2026,RandomForest,grid_0005
AHP_WSM_20_vs_Historis_Any2026_Final,70,A_only,tibung raya - asam cangkuk,Tibung Raya - Asam Cangkuk,17,,normatif_20,AHP_WSM,,refined_recall_max_any2026,RandomForest,grid_0005
AHP_WSM_20_vs_Historis_Any2026_Final,70,A_only,rantauan - sei baru pulau,Rantauan - Sungai Baru (Pulau),18,,normatif_20,AHP_WSM,,refined_recall_max_any2026,RandomForest,grid_0005
AHP_WSM_20_vs_Historis_Any2026_Final,70,A_only,newangsekarti - desa gambah luar muka,Newangsekarti - Ds. Gambah Luar Muka,20,,normatif_20,AHP_WSM,,refined_recall_max_any2026,RandomForest,grid_0005
AHP_WSM_20_vs_Historis_Any2026_Final,70,A_only,papancan - desa tanah bangkang,Papancan - Ds. Tanah Bangkang,21,,normatif_20,AHP_WSM,,refined_recall_max_any2026,RandomForest,grid_0005
AHP_WSM_20_vs_Historis_Any2026_Final,70,A_only,air miris - desa wasah hilir,Air Miris - Ds. Wasah Hilir,22,,normatif_20,AHP_WSM,,refined_recall_max_any2026,RandomForest,grid_0005
AHP_WSM_20_vs_Historis_Any2026_Final,70,A_only,kolonel sugiono,Kolonel Sugiono,23,,normatif_20,AHP_WSM,,refined_recall_max_any2026,RandomForest,grid_0005
AHP_WSM_20_vs_Historis_Any2026_Final,70,A_only,aes nasution,AES Nasution,24,,normatif_20,AHP_WSM,,refined_recall_max_any2026,RandomForest,grid_0005
AHP_WSM_20_vs_Historis_Any2026_Final,70,A_only,musyawarah nagara,Musyawarah (Nagara),25,,normatif_20,AHP_WSM,,refined_recall_max_any2026,RandomForest,grid_0005
AHP_WSM_20_vs_Historis_Any2026_Final,70,A_only,pertanian - desa wasah tengah,Pertanian - Ds. Wasah Tengah,26,,normatif_20,AHP_WSM,,refined_recall_max_any2026,RandomForest,grid_0005
AHP_WSM_20_vs_Historis_Any2026_Final,70,A_only,wasah hilir - sarang halang,Wasah Hilir - Sarang Halang,28,,normatif_20,AHP_WSM,,refined_recall_max_any2026,RandomForest,grid_0005
AHP_WSM_20_vs_Historis_Any2026_Final,70,A_only,karang intan - tanah bangkang,Karang Intan - Tanah Bangkang,30,,normatif_20,AHP_WSM,,refined_recall_max_any2026,RandomForest,grid_0005
AHP_WSM_20_vs_Historis_Any2026_Final,70,A_only,haritas pt pertani,Haritas (PT. Pertani),31,,normatif_20,AHP_WSM,,refined_recall_max_any2026,RandomForest,grid_0005
AHP_WSM_20_vs_Historis_Any2026_Final,70,A_only,tawia - kayu abang,Tawia - Kayu Abang,33,,normatif_20,AHP_WSM,,refined_recall_max_any2026,RandomForest,grid_0005
AHP_WSM_20_vs_Historis_Any2026_Final,70,A_only,bina bakat,Bina Bakat,34,,normatif_20,AHP_WSM,,refined_recall_max_any2026,RandomForest,grid_0005
AHP_WSM_20_vs_Historis_Any2026_Final,70,A_only,slasa garih - desa kapuh,Slasa Garih - Ds. Kapuh,36,,normatif_20,AHP_WSM,,refined_recall_max_any2026,RandomForest,grid_0005
AHP_WSM_20_vs_Historis_Any2026_Final,70,A_only,gerilya - desa simpur,Gerilya - Ds. Simpur,37,,normatif_20,AHP_WSM,,refined_recall_max_any2026,RandomForest,grid_0005
AHP_WSM_20_vs_Historis_Any2026_Final,70,A_only,kalumpang - baruh,Kalumpang - Baruh,38,,normatif_20,AHP_WSM,,refined_recall_max_any2026,RandomForest,grid_0005
AHP_WSM_20_vs_Historis_Any2026_Final,70,A_only,jangkang - desa wasah hilir,Jangkang - Ds. Wasah Hilir,39,,normatif_20,AHP_WSM,,refined_recall_max_any2026,RandomForest,grid_0005
AHP_WSM_20_vs_Historis_Any2026_Final,70,A_only,pandan sari - desa angkinang,Pandan Sari - Ds. Angkinang,40,,normatif_20,AHP_WSM,,refined_recall_max_any2026,RandomForest,grid_0005
AHP_WSM_20_vs_Historis_Any2026_Final,70,A_only,karampaci - desa kapuh,Karampaci - Ds. Kapuh,41,,normatif_20,AHP_WSM,,refined_recall_max_any2026,RandomForest,grid_0005
AHP_WSM_20_vs_Historis_Any2026_Final,70,A_only,desa kapuh tengah menuju majelis talim,Ds. Kapuh Tengah (Menuju Majelis Talim),42,,normatif_20,AHP_WSM,,refined_recall_max_any2026,RandomForest,grid_0005
AHP_WSM_20_vs_Historis_Any2026_Final,70,A_only,hamalau - asam cangkok,Hamalau - Asam Cangkok,43,,normatif_20,AHP_WSM,,refined_recall_max_any2026,RandomForest,grid_0005
AHP_WSM_20_vs_Historis_Any2026_Final,70,A_only,teratai menuju komp perumnas hamalau,Teratai Menuju Komplek Perumnas Hamalau,44,,normatif_20,AHP_WSM,,refined_recall_max_any2026,RandomForest,grid_0005
AHP_WSM_20_vs_Historis_Any2026_Final,70,A_only,simpur - simp bilui,Simpur - Simp. Bilui,45,,normatif_20,AHP_WSM,,refined_recall_max_any2026,RandomForest,grid_0005
AHP_WSM_20_vs_Historis_Any2026_Final,70,A_only,sei kacil i - kapuh padang,Sungai Kacil I - Kapuh Padang,46,,normatif_20,AHP_WSM,,refined_recall_max_any2026,RandomForest,grid_0005
AHP_WSM_20_vs_Historis_Any2026_Final,70,A_only,papagaran - desa amawang kanan,Papagaran - Ds. Amawang Kanan,47,,normatif_20,AHP_WSM,,refined_recall_max_any2026,RandomForest,grid_0005
AHP_WSM_20_vs_Historis_Any2026_Final,70,A_only,munggu raya - desa hariti,Munggu Raya - Ds. Hariti,48,,normatif_20,AHP_WSM,,refined_recall_max_any2026,RandomForest,grid_0005
AHP_WSM_20_vs_Historis_Any2026_Final,70,A_only,halayung - hantarukung,Halayung - Hantarukung,49,,normatif_20,AHP_WSM,,refined_recall_max_any2026,RandomForest,grid_0005
AHP_WSM_20_vs_Historis_Any2026_Final,70,A_only,ambarai - madang,Ambarai - Madang,50,,normatif_20,AHP_WSM,,refined_recall_max_any2026,RandomForest,grid_0005
AHP_WSM_20_vs_Historis_Any2026_Final,70,A_only,pianggu,Pianggu,51,,normatif_20,AHP_WSM,,refined_recall_max_any2026,RandomForest,grid_0005
AHP_WSM_20_vs_Historis_Any2026_Final,70,A_only,kalimput desa wasah hilir,Kalimput Desa Wasah Hilir,52,,normatif_20,AHP_WSM,,refined_recall_max_any2026,RandomForest,grid_0005
AHP_WSM_20_vs_Historis_Any2026_Final,70,A_only,at - taubah - desa kapuh,At-Taubah - Ds. Kapuh,53,,normatif_20,AHP_WSM,,refined_recall_max_any2026,RandomForest,grid_0005
AHP_WSM_20_vs_Historis_Any2026_Final,70,A_only,al - ikhlas - desa baluti,Al - Ikhlas - Ds. Baluti,54,,normatif_20,AHP_WSM,,refined_recall_max_any2026,RandomForest,grid_0005
AHP_WSM_20_vs_Historis_Any2026_Final,70,A_only,rawati - desa panjampang bahagia,Rawati - Ds. Panjampang Bahagia,55,,normatif_20,AHP_WSM,,refined_recall_max_any2026,RandomForest,grid_0005
AHP_WSM_20_vs_Historis_Any2026_Final,70,A_only,firdaus - desa kapuh,Firdaus - Ds. Kapuh,56,,normatif_20,AHP_WSM,,refined_recall_max_any2026,RandomForest,grid_0005
AHP_WSM_20_vs_Historis_Any2026_Final,70,A_only,sei kacil ii,Sungai Kacil II,57,,normatif_20,AHP_WSM,,refined_recall_max_any2026,RandomForest,grid_0005
AHP_WSM_20_vs_Historis_Any2026_Final,70,A_only,banua kambang - desa wasah tengah,Banua Kambang - Ds. Wasah Tengah,58,,normatif_20,AHP_WSM,,refined_recall_max_any2026,RandomForest,grid_0005
AHP_WSM_20_vs_Historis_Any2026_Final,70,A_only,sirih - taro,Sirih - Taro,60,,normatif_20,AHP_WSM,,refined_recall_max_any2026,RandomForest,grid_0005
AHP_WSM_20_vs_Historis_Any2026_Final,70,A_only,tembok kacil sei kudung,Tembok Kacil. Sei. Kudung,62,,normatif_20,AHP_WSM,,refined_recall_max_any2026,RandomForest,grid_0005
AHP_WSM_20_vs_Historis_Any2026_Final,70,A_only,balaimas - hanau,Balaimas - Hanau,63,,normatif_20,AHP_WSM,,refined_recall_max_any2026,RandomForest,grid_0005
AHP_WSM_20_vs_Historis_Any2026_Final,70,A_only,h saim garunggang - kalimput,H. Saim Garunggang - Kalimput,64,,normatif_20,AHP_WSM,,refined_recall_max_any2026,RandomForest,grid_0005
AHP_WSM_20_vs_Historis_Any2026_Final,70,A_only,taminung,Taminung,65,,normatif_20,AHP_WSM,,refined_recall_max_any2026,RandomForest,grid_0005
AHP_WSM_20_vs_Historis_Any2026_Final,70,A_only,kh ramli - desa amparaya,KH. Ramli - DS. Amparaya,67,,normatif_20,AHP_WSM,,refined_recall_max_any2026,RandomForest,grid_0005
AHP_WSM_20_vs_Historis_Any2026_Final,70,A_only,telaga banta - patigan,Telaga Banta - Patigan,68,,normatif_20,AHP_WSM,,refined_recall_max_any2026,RandomForest,grid_0005
AHP_WSM_20_vs_Historis_Any2026_Final,70,A_only,paharuangan - sei raya selatan,Paharuangan - Sei. Raya Selatan,69,,normatif_20,AHP_WSM,,refined_recall_max_any2026,RandomForest,grid_0005
AHP_WSM_20_vs_Historis_Any2026_Final,70,A_only,pendawa - desa tebing tinggi,Pendawa - Ds. Tebing Tinggi,70,,normatif_20,AHP_WSM,,refined_recall_max_any2026,RandomForest,grid_0005
AHP_WSM_20_vs_Historis_Any2026_Final,70,B_only,padang batung - batulaki - malilingin,padang batung – batulaki – malilingin,,1,normatif_20,AHP_WSM,,refined_recall_max_any2026,RandomForest,grid_0005
AHP_WSM_20_vs_Historis_Any2026_Final,70,B_only,taniran selatan kubah - buntut taniran wawaran,taniran selatan kubah – buntut taniran wawaran,,2,normatif_20,AHP_WSM,,refined_recall_max_any2026,RandomForest,grid_0005
AHP_WSM_20_vs_Historis_Any2026_Final,70,B_only,palajau - desa baluti,palajau – desa baluti,,3,normatif_20,AHP_WSM,,refined_recall_max_any2026,RandomForest,grid_0005
AHP_WSM_20_vs_Historis_Any2026_Final,70,B_only,padang haur - desa wasah tengah,padang haur – desa wasah tengah,,4,normatif_20,AHP_WSM,,refined_recall_max_any2026,RandomForest,grid_0005
AHP_WSM_20_vs_Historis_Any2026_Final,70,B_only,sei raya selatan - malutu - goa berangin,sei raya selatan – malutu – goa berangin,,5,normatif_20,AHP_WSM,,refined_recall_max_any2026,RandomForest,grid_0005
AHP_WSM_20_vs_Historis_Any2026_Final,70,B_only,sei paring - sei hanyar pantai ulin,sei paring – sei hanyar pantai ulin,,6,normatif_20,AHP_WSM,,refined_recall_max_any2026,RandomForest,grid_0005
AHP_WSM_20_vs_Historis_Any2026_Final,70,B_only,siang gantung - desa baru,siang gantung – desa baru,,7,normatif_20,AHP_WSM,,refined_recall_max_any2026,RandomForest,grid_0005
AHP_WSM_20_vs_Historis_Any2026_Final,70,B_only,jafri zamzam,jafri zamzam,,8,normatif_20,AHP_WSM,,refined_recall_max_any2026,RandomForest,grid_0005
AHP_WSM_20_vs_Historis_Any2026_Final,70,B_only,samuda - bajayau,samuda – bajayau,,9,normatif_20,AHP_WSM,,refined_recall_max_any2026,RandomForest,grid_0005
AHP_WSM_20_vs_Historis_Any2026_Final,70,B_only,tambangan - desa baruh jaya,tambangan – desa baruh jaya,,10,normatif_20,AHP_WSM,,refined_recall_max_any2026,RandomForest,grid_0005
AHP_WSM_20_vs_Historis_Any2026_Final,70,B_only,pandak daun - baruh jaya - samuda,pandak daun – baruh jaya – samuda,,12,normatif_20,AHP_WSM,,refined_recall_max_any2026,RandomForest,grid_0005
AHP_WSM_20_vs_Historis_Any2026_Final,70,B_only,baiturrahim parincahan,baiturrahim parincahan,,13,normatif_20,AHP_WSM,,refined_recall_max_any2026,RandomForest,grid_0005
AHP_WSM_20_vs_Historis_Any2026_Final,70,B_only,sei mandala murung raya,sei mandala murung raya,,15,normatif_20,AHP_WSM,,refined_recall_max_any2026,RandomForest,grid_0005
AHP_WSM_20_vs_Historis_Any2026_Final,70,B_only,dahlia,dahlia,,16,normatif_20,AHP_WSM,,refined_recall_max_any2026,RandomForest,grid_0005
AHP_WSM_20_vs_Historis_Any2026_Final,70,B_only,angkinang - kayu abang - panggang hijau,angkinang – kayu abang – panggang hijau,,17,normatif_20,AHP_WSM,,refined_recall_max_any2026,RandomForest,grid_0005
AHP_WSM_20_vs_Historis_Any2026_Final,70,B_only,mandapai - madang,mandapai – madang,,18,normatif_20,AHP_WSM,,refined_recall_max_any2026,RandomForest,grid_0005
AHP_WSM_20_vs_Historis_Any2026_Final,70,B_only,paku jambu hulu - ganda,paku jambu hulu – ganda,,19,normatif_20,AHP_WSM,,refined_recall_max_any2026,RandomForest,grid_0005
AHP_WSM_20_vs_Historis_Any2026_Final,70,B_only,mawangi - bukuanin - telaga langsat,mawangi – bukuanin – telaga langsat,,20,normatif_20,AHP_WSM,,refined_recall_max_any2026,RandomForest,grid_0005
AHP_WSM_20_vs_Historis_Any2026_Final,70,B_only,bajayau - desa bajayau tengah,bajayau – desa bajayau tengah,,21,normatif_20,AHP_WSM,,refined_recall_max_any2026,RandomForest,grid_0005
AHP_WSM_20_vs_Historis_Any2026_Final,70,B_only,wasah hulu - amparaya - simpur,wasah hulu – amparaya – simpur,,22,normatif_20,AHP_WSM,,refined_recall_max_any2026,RandomForest,grid_0005
AHP_WSM_20_vs_Historis_Any2026_Final,70,B_only,malinau - katingin - kamawakan,malinau – katingin – kamawakan,,23,normatif_20,AHP_WSM,,refined_recall_max_any2026,RandomForest,grid_0005
AHP_WSM_20_vs_Historis_Any2026_Final,70,B_only,bayanan - pihanin,bayanan – pihanin,,24,normatif_20,AHP_WSM,,refined_recall_max_any2026,RandomForest,grid_0005
AHP_WSM_20_vs_Historis_Any2026_Final,70,B_only,loklahung - kamawakan,loklahung – kamawakan,,25,normatif_20,AHP_WSM,,refined_recall_max_any2026,RandomForest,grid_0005
AHP_WSM_20_vs_Historis_Any2026_Final,70,B_only,hamalau - telaga bidadari - wasah hilir,hamalau – telaga bidadari – wasah hilir,,26,normatif_20,AHP_WSM,,refined_recall_max_any2026,RandomForest,grid_0005
AHP_WSM_20_vs_Historis_Any2026_Final,70,B_only,tanuhi - ulang,tanuhi – ulang,,27,normatif_20,AHP_WSM,,refined_recall_max_any2026,RandomForest,grid_0005
AHP_WSM_20_vs_Historis_Any2026_Final,70,B_only,sp 4 mesjid sirih - sarang nyamuk - asam tamiyang,sp 4 mesjid sirih – sarang nyamuk – asam tamiyang,,28,normatif_20,AHP_WSM,,refined_recall_max_any2026,RandomForest,grid_0005
AHP_WSM_20_vs_Historis_Any2026_Final,70,B_only,halunuk - riam tajam talo - hamak umpaya,halunuk – riam tajam talo – hamak umpaya,,29,normatif_20,AHP_WSM,,refined_recall_max_any2026,RandomForest,grid_0005
AHP_WSM_20_vs_Historis_Any2026_Final,70,B_only,tembok lama - loklua,tembok lama – loklua,,30,normatif_20,AHP_WSM,,refined_recall_max_any2026,RandomForest,grid_0005
AHP_WSM_20_vs_Historis_Any2026_Final,70,B_only,gumbil - masimpan,gumbil – masimpan,,31,normatif_20,AHP_WSM,,refined_recall_max_any2026,RandomForest,grid_0005
AHP_WSM_20_vs_Historis_Any2026_Final,70,B_only,asam cangkuk - telaga bidadari,asam cangkuk – telaga bidadari,,32,normatif_20,AHP_WSM,,refined_recall_max_any2026,RandomForest,grid_0005
AHP_WSM_20_vs_Historis_Any2026_Final,70,B_only,baluti - jambu hulu paku,baluti – jambu hulu paku,,33,normatif_20,AHP_WSM,,refined_recall_max_any2026,RandomForest,grid_0005
AHP_WSM_20_vs_Historis_Any2026_Final,70,B_only,pakan dalam - kaminting batu,pakan dalam – kaminting batu,,34,normatif_20,AHP_WSM,,refined_recall_max_any2026,RandomForest,grid_0005
AHP_WSM_20_vs_Historis_Any2026_Final,70,B_only,karasikan - sarang halang,karasikan – sarang halang,,35,normatif_20,AHP_WSM,,refined_recall_max_any2026,RandomForest,grid_0005
AHP_WSM_20_vs_Historis_Any2026_Final,70,B_only,wasah hilir - amparaya,wasah hilir – amparaya,,36,normatif_20,AHP_WSM,,refined_recall_max_any2026,RandomForest,grid_0005
AHP_WSM_20_vs_Historis_Any2026_Final,70,B_only,gerilya depan pustu habirau,gerilya depan pustu habirau,,37,normatif_20,AHP_WSM,,refined_recall_max_any2026,RandomForest,grid_0005
AHP_WSM_20_vs_Historis_Any2026_Final,70,B_only,tukang garit tambangan,tukang garit tambangan,,39,normatif_20,AHP_WSM,,refined_recall_max_any2026,RandomForest,grid_0005
AHP_WSM_20_vs_Historis_Any2026_Final,70,B_only,tembok baru - desa baluti,tembok baru – desa baluti,,40,normatif_20,AHP_WSM,,refined_recall_max_any2026,RandomForest,grid_0005
AHP_WSM_20_vs_Historis_Any2026_Final,70,B_only,samping bappeda - mesjid darul halik,samping bappeda – mesjid darul halik,,41,normatif_20,AHP_WSM,,refined_recall_max_any2026,RandomForest,grid_0005
AHP_WSM_20_vs_Historis_Any2026_Final,70,B_only,karang jawa - ambarai - sei bungur,karang jawa – ambarai – sei bungur,,43,normatif_20,AHP_WSM,,refined_recall_max_any2026,RandomForest,grid_0005
AHP_WSM_20_vs_Historis_Any2026_Final,70,B_only,mawangi - pariangan,mawangi – pariangan,,46,normatif_20,AHP_WSM,,refined_recall_max_any2026,RandomForest,grid_0005
AHP_WSM_20_vs_Historis_Any2026_Final,70,B_only,tabihi - telaga langsat,tabihi – telaga langsat,,47,normatif_20,AHP_WSM,,refined_recall_max_any2026,RandomForest,grid_0005
AHP_WSM_20_vs_Historis_Any2026_Final,70,B_only,rel angkinang,rel angkinang – angkinang,,48,normatif_20,AHP_WSM,,refined_recall_max_any2026,RandomForest,grid_0005
AHP_WSM_20_vs_Historis_Any2026_Final,70,B_only,hamalau - ganda,hamalau – ganda,,49,normatif_20,AHP_WSM,,refined_recall_max_any2026,RandomForest,grid_0005
AHP_WSM_20_vs_Historis_Any2026_Final,70,B_only,kaminting batu,kaminting batu,,50,normatif_20,AHP_WSM,,refined_recall_max_any2026,RandomForest,grid_0005
AHP_WSM_20_vs_Historis_Any2026_Final,70,B_only,bakarung - tabihi - karang jawa,bakarung – tabihi – karang jawa,,52,normatif_20,AHP_WSM,,refined_recall_max_any2026,RandomForest,grid_0005
AHP_WSM_20_vs_Historis_Any2026_Final,70,B_only,telaga langsat - pakuan timur,telaga langsat – pakuan timur,,53,normatif_20,AHP_WSM,,refined_recall_max_any2026,RandomForest,grid_0005
AHP_WSM_20_vs_Historis_Any2026_Final,70,B_only,malilingin - lokbahan - paniungan,malilingin – lokbahan – paniungan,,54,normatif_20,AHP_WSM,,refined_recall_max_any2026,RandomForest,grid_0005
AHP_WSM_20_vs_Historis_Any2026_Final,70,B_only,tanayung - simp ambarai,tanayung – simp ambarai,,55,normatif_20,AHP_WSM,,refined_recall_max_any2026,RandomForest,grid_0005
AHP_WSM_20_vs_Historis_Any2026_Final,70,B_only,sei raya - jambu hulu paku,sei raya – jambu hulu paku,,56,normatif_20,AHP_WSM,,refined_recall_max_any2026,RandomForest,grid_0005
AHP_WSM_20_vs_Historis_Any2026_Final,70,B_only,panjampang bahagia - hanau,panjampang bahagia – hanau,,57,normatif_20,AHP_WSM,,refined_recall_max_any2026,RandomForest,grid_0005
AHP_WSM_20_vs_Historis_Any2026_Final,70,B_only,kaliring - sp padang batung,kaliring – sp padang batung,,58,normatif_20,AHP_WSM,,refined_recall_max_any2026,RandomForest,grid_0005
AHP_WSM_20_vs_Historis_Any2026_Final,70,B_only,bamban selatan - pakuan,bamban selatan – pakuan,,59,normatif_20,AHP_WSM,,refined_recall_max_any2026,RandomForest,grid_0005
AHP_WSM_20_vs_Historis_Any2026_Final,70,B_only,hamalau - anjiran,hamalau – anjiran,,60,normatif_20,AHP_WSM,,refined_recall_max_any2026,RandomForest,grid_0005
AHP_WSM_20_vs_Historis_Any2026_Final,70,B_only,sp hamalau - teluk pinang,sp hamalau – teluk pinang,,61,normatif_20,AHP_WSM,,refined_recall_max_any2026,RandomForest,grid_0005
AHP_WSM_20_vs_Historis_Any2026_Final,70,B_only,panggang hijau - desa tawar,panggang hijau – desa tawar,,62,normatif_20,AHP_WSM,,refined_recall_max_any2026,RandomForest,grid_0005
AHP_WSM_20_vs_Historis_Any2026_Final,70,B_only,bumi berkat - mungkur galah,bumi berkat – mungkur galah,,63,normatif_20,AHP_WSM,,refined_recall_max_any2026,RandomForest,grid_0005
AHP_WSM_20_vs_Historis_Any2026_Final,70,B_only,pagat batu - muara hariang,pagat batu – muara hariang,,65,normatif_20,AHP_WSM,,refined_recall_max_any2026,RandomForest,grid_0005
AHP_WSM_20_vs_Historis_Any2026_Final,70,B_only,pangeran antasari - loklua,pangeran antasari – loklua,,66,normatif_20,AHP_WSM,,refined_recall_max_any2026,RandomForest,grid_0005
AHP_WSM_20_vs_Historis_Any2026_Final,70,B_only,sei raya selatan - sarang halang,sei raya selatan – sarang halang,,67,normatif_20,AHP_WSM,,refined_recall_max_any2026,RandomForest,grid_0005
AHP_WSM_20_vs_Historis_Any2026_Final,70,B_only,teluk pinang - baluti,teluk pinang – baluti,,69,normatif_20,AHP_WSM,,refined_recall_max_any2026,RandomForest,grid_0005
AHP_WSM_20_vs_Historis_Any2026_Final,70,B_only,angkinang selatan - tawia - wawaran,angkinang selatan – tawia – wawaran,,70,normatif_20,AHP_WSM,,refined_recall_max_any2026,RandomForest,grid_0005
AHP_WSM_20_vs_Historis_Any2026_Final,105,overlap,bakarung - rantauan,Bakarung - Rantauan,5,91,normatif_20,AHP_WSM,,refined_recall_max_any2026,RandomForest,rerank_medium
AHP_WSM_20_vs_Historis_Any2026_Final,105,overlap,teluk mesjid - sp 4 muara banta,Teluk Mesjid - Sp. 4 Muara Banta,13,84,normatif_20,AHP_WSM,,refined_recall_max_any2026,RandomForest,rerank_medium
AHP_WSM_20_vs_Historis_Any2026_Final,105,overlap,angkinang - telaga langsat,Angkinang - Telaga Langsat,16,40,normatif_20,AHP_WSM,,refined_recall_max_any2026,RandomForest,rerank_medium
AHP_WSM_20_vs_Historis_Any2026_Final,105,overlap,taal batang kulur - sp 3 muara prg agung,Taal Batang Kulur - Sp. 3 Muara Prg Agung,19,47,normatif_20,AHP_WSM,,refined_recall_max_any2026,RandomForest,rerank_medium
AHP_WSM_20_vs_Historis_Any2026_Final,105,overlap,tumbukan banyu - banua hanyar,Tumbukan Banyu - Banua Hanyar,27,36,normatif_20,AHP_WSM,,refined_recall_max_any2026,RandomForest,rerank_medium
AHP_WSM_20_vs_Historis_Any2026_Final,105,overlap,amawang muka - getek,Amawang Muka - Getek,29,27,normatif_20,AHP_WSM,,refined_recall_max_any2026,RandomForest,rerank_medium
AHP_WSM_20_vs_Historis_Any2026_Final,105,overlap,singakarsa - palas,Singakarsa - Palas,32,13,normatif_20,AHP_WSM,,refined_recall_max_any2026,RandomForest,rerank_medium
AHP_WSM_20_vs_Historis_Any2026_Final,105,overlap,sp 4 banjarbaru - pihanin raya,SP.4. Banjarbaru - Pihanin Raya,35,35,normatif_20,AHP_WSM,,refined_recall_max_any2026,RandomForest,rerank_medium
AHP_WSM_20_vs_Historis_Any2026_Final,105,overlap,hamalau - asam cangkok,Hamalau - Asam Cangkok,43,73,normatif_20,AHP_WSM,,refined_recall_max_any2026,RandomForest,rerank_medium
AHP_WSM_20_vs_Historis_Any2026_Final,105,overlap,kalimput desa wasah hilir,Kalimput Desa Wasah Hilir,52,103,normatif_20,AHP_WSM,,refined_recall_max_any2026,RandomForest,rerank_medium
AHP_WSM_20_vs_Historis_Any2026_Final,105,overlap,negara - tumbukan banyu,Negara - Tumbukan Banyu,59,60,normatif_20,AHP_WSM,,refined_recall_max_any2026,RandomForest,rerank_medium
AHP_WSM_20_vs_Historis_Any2026_Final,105,overlap,kalumpang - balimau,Kalumpang - Balimau,61,49,normatif_20,AHP_WSM,,refined_recall_max_any2026,RandomForest,rerank_medium
AHP_WSM_20_vs_Historis_Any2026_Final,105,overlap,bayanan - habirau tengah,Bayanan - Habirau Tengah,66,22,normatif_20,AHP_WSM,,refined_recall_max_any2026,RandomForest,rerank_medium
AHP_WSM_20_vs_Historis_Any2026_Final,105,overlap,pandak daun - baruh jaya - samuda,Pandak Daun - Baruh Jaya - Samuda,71,10,normatif_20,AHP_WSM,,refined_recall_max_any2026,RandomForest,rerank_medium
AHP_WSM_20_vs_Historis_Any2026_Final,105,overlap,harapan sdn habirau ii sei palangan,Harapan (SDN Habirau II)/ Sei. Palangan,88,83,normatif_20,AHP_WSM,,refined_recall_max_any2026,RandomForest,rerank_medium
AHP_WSM_20_vs_Historis_Any2026_Final,105,overlap,baluti - jambu hulu paku,Baluti - Jambu Hulu (Paku),91,44,normatif_20,AHP_WSM,,refined_recall_max_any2026,RandomForest,rerank_medium
AHP_WSM_20_vs_Historis_Any2026_Final,105,overlap,wasah hulu - amparaya - simpur,Wasah Hulu - Amparaya - Simpur,93,33,normatif_20,AHP_WSM,,refined_recall_max_any2026,RandomForest,rerank_medium
AHP_WSM_20_vs_Historis_Any2026_Final,105,overlap,taniran selatan kubah - buntut taniran wawaran,Taniran Selatan Kubah - Buntut Taniran / Wawaran,94,2,normatif_20,AHP_WSM,,refined_recall_max_any2026,RandomForest,rerank_medium
AHP_WSM_20_vs_Historis_Any2026_Final,105,overlap,pangeran antasari - loklua,Pangeran Antasari - Loklua,96,58,normatif_20,AHP_WSM,,refined_recall_max_any2026,RandomForest,rerank_medium
AHP_WSM_20_vs_Historis_Any2026_Final,105,overlap,bakarung - tabihi - karang jawa,Bakarung -Tabihi - Karang Jawa,98,42,normatif_20,AHP_WSM,,refined_recall_max_any2026,RandomForest,rerank_medium
AHP_WSM_20_vs_Historis_Any2026_Final,105,overlap,longawang - gumbil,Longawang - Gumbil,99,63,normatif_20,AHP_WSM,,refined_recall_max_any2026,RandomForest,rerank_medium
AHP_WSM_20_vs_Historis_Any2026_Final,105,overlap,tanjungan - sp 10 batang kulur - sei kali,Tanjungan - Sp. 10 Batang Kulur - Sungai Kali,101,68,normatif_20,AHP_WSM,,refined_recall_max_any2026,RandomForest,rerank_medium
AHP_WSM_20_vs_Historis_Any2026_Final,105,overlap,tungkaran - desa ulin,Tungkaran - Ds. Ulin,102,99,normatif_20,AHP_WSM,,refined_recall_max_any2026,RandomForest,rerank_medium
AHP_WSM_20_vs_Historis_Any2026_Final,105,overlap,hamalau - telaga bidadari - wasah hilir,Hamalau - Telaga Bidadari - Wasah Hilir,104,26,normatif_20,AHP_WSM,,refined_recall_max_any2026,RandomForest,rerank_medium
AHP_WSM_20_vs_Historis_Any2026_Final,105,A_only,panglima batur,Panglima Batur,1,,normatif_20,AHP_WSM,,refined_recall_max_any2026,RandomForest,rerank_medium
AHP_WSM_20_vs_Historis_Any2026_Final,105,A_only,aluh idut,Aluh Idut,2,,normatif_20,AHP_WSM,,refined_recall_max_any2026,RandomForest,rerank_medium
AHP_WSM_20_vs_Historis_Any2026_Final,105,A_only,merah johansyah - melati,Merah Johansyah - Melati,3,,normatif_20,AHP_WSM,,refined_recall_max_any2026,RandomForest,rerank_medium
AHP_WSM_20_vs_Historis_Any2026_Final,105,A_only,pemuda,Pemuda,4,,normatif_20,AHP_WSM,,refined_recall_max_any2026,RandomForest,rerank_medium
AHP_WSM_20_vs_Historis_Any2026_Final,105,A_only,parindra,Parindra,6,,normatif_20,AHP_WSM,,refined_recall_max_any2026,RandomForest,rerank_medium
AHP_WSM_20_vs_Historis_Any2026_Final,105,A_only,wasah tengah - sei tarap,Wasah Tengah - Sungai Tarap,7,,normatif_20,AHP_WSM,,refined_recall_max_any2026,RandomForest,rerank_medium
AHP_WSM_20_vs_Historis_Any2026_Final,105,A_only,kesehatan - komp rmh dokter,Kesehatan - Komp. Rmh Dokter,8,,normatif_20,AHP_WSM,,refined_recall_max_any2026,RandomForest,rerank_medium
AHP_WSM_20_vs_Historis_Any2026_Final,105,A_only,simpur - sp 3 muara paring agung,Simpur - Sp. 3 Muara Paring Agung,9,,normatif_20,AHP_WSM,,refined_recall_max_any2026,RandomForest,rerank_medium
AHP_WSM_20_vs_Historis_Any2026_Final,105,A_only,anggrek,Anggrek,10,,normatif_20,AHP_WSM,,refined_recall_max_any2026,RandomForest,rerank_medium
AHP_WSM_20_vs_Historis_Any2026_Final,105,A_only,wahab syahrani,Wahab Syahrani,11,,normatif_20,AHP_WSM,,refined_recall_max_any2026,RandomForest,rerank_medium
AHP_WSM_20_vs_Historis_Any2026_Final,105,A_only,menuju stadion 2 desember,Menuju Stadion 2 Desember,12,,normatif_20,AHP_WSM,,refined_recall_max_any2026,RandomForest,rerank_medium
AHP_WSM_20_vs_Historis_Any2026_Final,105,A_only,taniran selatan - rantauan,Taniran Selatan - Rantauan,14,,normatif_20,AHP_WSM,,refined_recall_max_any2026,RandomForest,rerank_medium
AHP_WSM_20_vs_Historis_Any2026_Final,105,A_only,hamalau - pahampangan,Hamalau - Pahampangan,15,,normatif_20,AHP_WSM,,refined_recall_max_any2026,RandomForest,rerank_medium
AHP_WSM_20_vs_Historis_Any2026_Final,105,A_only,tibung raya - asam cangkuk,Tibung Raya - Asam Cangkuk,17,,normatif_20,AHP_WSM,,refined_recall_max_any2026,RandomForest,rerank_medium
AHP_WSM_20_vs_Historis_Any2026_Final,105,A_only,rantauan - sei baru pulau,Rantauan - Sungai Baru (Pulau),18,,normatif_20,AHP_WSM,,refined_recall_max_any2026,RandomForest,rerank_medium
AHP_WSM_20_vs_Historis_Any2026_Final,105,A_only,newangsekarti - desa gambah luar muka,Newangsekarti - Ds. Gambah Luar Muka,20,,normatif_20,AHP_WSM,,refined_recall_max_any2026,RandomForest,rerank_medium
AHP_WSM_20_vs_Historis_Any2026_Final,105,A_only,papancan - desa tanah bangkang,Papancan - Ds. Tanah Bangkang,21,,normatif_20,AHP_WSM,,refined_recall_max_any2026,RandomForest,rerank_medium
AHP_WSM_20_vs_Historis_Any2026_Final,105,A_only,air miris - desa wasah hilir,Air Miris - Ds. Wasah Hilir,22,,normatif_20,AHP_WSM,,refined_recall_max_any2026,RandomForest,rerank_medium
AHP_WSM_20_vs_Historis_Any2026_Final,105,A_only,kolonel sugiono,Kolonel Sugiono,23,,normatif_20,AHP_WSM,,refined_recall_max_any2026,RandomForest,rerank_medium
AHP_WSM_20_vs_Historis_Any2026_Final,105,A_only,aes nasution,AES Nasution,24,,normatif_20,AHP_WSM,,refined_recall_max_any2026,RandomForest,rerank_medium
AHP_WSM_20_vs_Historis_Any2026_Final,105,A_only,musyawarah nagara,Musyawarah (Nagara),25,,normatif_20,AHP_WSM,,refined_recall_max_any2026,RandomForest,rerank_medium
AHP_WSM_20_vs_Historis_Any2026_Final,105,A_only,pertanian - desa wasah tengah,Pertanian - Ds. Wasah Tengah,26,,normatif_20,AHP_WSM,,refined_recall_max_any2026,RandomForest,rerank_medium
AHP_WSM_20_vs_Historis_Any2026_Final,105,A_only,wasah hilir - sarang halang,Wasah Hilir - Sarang Halang,28,,normatif_20,AHP_WSM,,refined_recall_max_any2026,RandomForest,rerank_medium
AHP_WSM_20_vs_Historis_Any2026_Final,105,A_only,karang intan - tanah bangkang,Karang Intan - Tanah Bangkang,30,,normatif_20,AHP_WSM,,refined_recall_max_any2026,RandomForest,rerank_medium
AHP_WSM_20_vs_Historis_Any2026_Final,105,A_only,haritas pt pertani,Haritas (PT. Pertani),31,,normatif_20,AHP_WSM,,refined_recall_max_any2026,RandomForest,rerank_medium
AHP_WSM_20_vs_Historis_Any2026_Final,105,A_only,tawia - kayu abang,Tawia - Kayu Abang,33,,normatif_20,AHP_WSM,,refined_recall_max_any2026,RandomForest,rerank_medium
AHP_WSM_20_vs_Historis_Any2026_Final,105,A_only,bina bakat,Bina Bakat,34,,normatif_20,AHP_WSM,,refined_recall_max_any2026,RandomForest,rerank_medium
AHP_WSM_20_vs_Historis_Any2026_Final,105,A_only,slasa garih - desa kapuh,Slasa Garih - Ds. Kapuh,36,,normatif_20,AHP_WSM,,refined_recall_max_any2026,RandomForest,rerank_medium
AHP_WSM_20_vs_Historis_Any2026_Final,105,A_only,gerilya - desa simpur,Gerilya - Ds. Simpur,37,,normatif_20,AHP_WSM,,refined_recall_max_any2026,RandomForest,rerank_medium
AHP_WSM_20_vs_Historis_Any2026_Final,105,A_only,kalumpang - baruh,Kalumpang - Baruh,38,,normatif_20,AHP_WSM,,refined_recall_max_any2026,RandomForest,rerank_medium
AHP_WSM_20_vs_Historis_Any2026_Final,105,A_only,jangkang - desa wasah hilir,Jangkang - Ds. Wasah Hilir,39,,normatif_20,AHP_WSM,,refined_recall_max_any2026,RandomForest,rerank_medium
AHP_WSM_20_vs_Historis_Any2026_Final,105,A_only,pandan sari - desa angkinang,Pandan Sari - Ds. Angkinang,40,,normatif_20,AHP_WSM,,refined_recall_max_any2026,RandomForest,rerank_medium
AHP_WSM_20_vs_Historis_Any2026_Final,105,A_only,karampaci - desa kapuh,Karampaci - Ds. Kapuh,41,,normatif_20,AHP_WSM,,refined_recall_max_any2026,RandomForest,rerank_medium
AHP_WSM_20_vs_Historis_Any2026_Final,105,A_only,desa kapuh tengah menuju majelis talim,Ds. Kapuh Tengah (Menuju Majelis Talim),42,,normatif_20,AHP_WSM,,refined_recall_max_any2026,RandomForest,rerank_medium
AHP_WSM_20_vs_Historis_Any2026_Final,105,A_only,teratai menuju komp perumnas hamalau,Teratai Menuju Komplek Perumnas Hamalau,44,,normatif_20,AHP_WSM,,refined_recall_max_any2026,RandomForest,rerank_medium
AHP_WSM_20_vs_Historis_Any2026_Final,105,A_only,simpur - simp bilui,Simpur - Simp. Bilui,45,,normatif_20,AHP_WSM,,refined_recall_max_any2026,RandomForest,rerank_medium
AHP_WSM_20_vs_Historis_Any2026_Final,105,A_only,sei kacil i - kapuh padang,Sungai Kacil I - Kapuh Padang,46,,normatif_20,AHP_WSM,,refined_recall_max_any2026,RandomForest,rerank_medium
AHP_WSM_20_vs_Historis_Any2026_Final,105,A_only,papagaran - desa amawang kanan,Papagaran - Ds. Amawang Kanan,47,,normatif_20,AHP_WSM,,refined_recall_max_any2026,RandomForest,rerank_medium
AHP_WSM_20_vs_Historis_Any2026_Final,105,A_only,munggu raya - desa hariti,Munggu Raya - Ds. Hariti,48,,normatif_20,AHP_WSM,,refined_recall_max_any2026,RandomForest,rerank_medium
AHP_WSM_20_vs_Historis_Any2026_Final,105,A_only,halayung - hantarukung,Halayung - Hantarukung,49,,normatif_20,AHP_WSM,,refined_recall_max_any2026,RandomForest,rerank_medium
AHP_WSM_20_vs_Historis_Any2026_Final,105,A_only,ambarai - madang,Ambarai - Madang,50,,normatif_20,AHP_WSM,,refined_recall_max_any2026,RandomForest,rerank_medium
AHP_WSM_20_vs_Historis_Any2026_Final,105,A_only,pianggu,Pianggu,51,,normatif_20,AHP_WSM,,refined_recall_max_any2026,RandomForest,rerank_medium
AHP_WSM_20_vs_Historis_Any2026_Final,105,A_only,at - taubah - desa kapuh,At-Taubah - Ds. Kapuh,53,,normatif_20,AHP_WSM,,refined_recall_max_any2026,RandomForest,rerank_medium
AHP_WSM_20_vs_Historis_Any2026_Final,105,A_only,al - ikhlas - desa baluti,Al - Ikhlas - Ds. Baluti,54,,normatif_20,AHP_WSM,,refined_recall_max_any2026,RandomForest,rerank_medium
AHP_WSM_20_vs_Historis_Any2026_Final,105,A_only,rawati - desa panjampang bahagia,Rawati - Ds. Panjampang Bahagia,55,,normatif_20,AHP_WSM,,refined_recall_max_any2026,RandomForest,rerank_medium
AHP_WSM_20_vs_Historis_Any2026_Final,105,A_only,firdaus - desa kapuh,Firdaus - Ds. Kapuh,56,,normatif_20,AHP_WSM,,refined_recall_max_any2026,RandomForest,rerank_medium
AHP_WSM_20_vs_Historis_Any2026_Final,105,A_only,sei kacil ii,Sungai Kacil II,57,,normatif_20,AHP_WSM,,refined_recall_max_any2026,RandomForest,rerank_medium
AHP_WSM_20_vs_Historis_Any2026_Final,105,A_only,banua kambang - desa wasah tengah,Banua Kambang - Ds. Wasah Tengah,58,,normatif_20,AHP_WSM,,refined_recall_max_any2026,RandomForest,rerank_medium
AHP_WSM_20_vs_Historis_Any2026_Final,105,A_only,sirih - taro,Sirih - Taro,60,,normatif_20,AHP_WSM,,refined_recall_max_any2026,RandomForest,rerank_medium
AHP_WSM_20_vs_Historis_Any2026_Final,105,A_only,tembok kacil sei kudung,Tembok Kacil. Sei. Kudung,62,,normatif_20,AHP_WSM,,refined_recall_max_any2026,RandomForest,rerank_medium
AHP_WSM_20_vs_Historis_Any2026_Final,105,A_only,balaimas - hanau,Balaimas - Hanau,63,,normatif_20,AHP_WSM,,refined_recall_max_any2026,RandomForest,rerank_medium
AHP_WSM_20_vs_Historis_Any2026_Final,105,A_only,h saim garunggang - kalimput,H. Saim Garunggang - Kalimput,64,,normatif_20,AHP_WSM,,refined_recall_max_any2026,RandomForest,rerank_medium
AHP_WSM_20_vs_Historis_Any2026_Final,105,A_only,taminung,Taminung,65,,normatif_20,AHP_WSM,,refined_recall_max_any2026,RandomForest,rerank_medium
AHP_WSM_20_vs_Historis_Any2026_Final,105,A_only,kh ramli - desa amparaya,KH. Ramli - DS. Amparaya,67,,normatif_20,AHP_WSM,,refined_recall_max_any2026,RandomForest,rerank_medium
AHP_WSM_20_vs_Historis_Any2026_Final,105,A_only,telaga banta - patigan,Telaga Banta - Patigan,68,,normatif_20,AHP_WSM,,refined_recall_max_any2026,RandomForest,rerank_medium
AHP_WSM_20_vs_Historis_Any2026_Final,105,A_only,paharuangan - sei raya selatan,Paharuangan - Sei. Raya Selatan,69,,normatif_20,AHP_WSM,,refined_recall_max_any2026,RandomForest,rerank_medium
AHP_WSM_20_vs_Historis_Any2026_Final,105,A_only,pendawa - desa tebing tinggi,Pendawa - Ds. Tebing Tinggi,70,,normatif_20,AHP_WSM,,refined_recall_max_any2026,RandomForest,rerank_medium
AHP_WSM_20_vs_Historis_Any2026_Final,105,A_only,kantor camat daha selatan ii,Kantor Camat Daha Selatan II,72,,normatif_20,AHP_WSM,,refined_recall_max_any2026,RandomForest,rerank_medium
AHP_WSM_20_vs_Historis_Any2026_Final,105,A_only,lorong bupati,Lorong Bupati,73,,normatif_20,AHP_WSM,,refined_recall_max_any2026,RandomForest,rerank_medium
AHP_WSM_20_vs_Historis_Any2026_Final,105,A_only,pajah api - desa kapuh,Pajah Api - Ds. Kapuh,74,,normatif_20,AHP_WSM,,refined_recall_max_any2026,RandomForest,rerank_medium
AHP_WSM_20_vs_Historis_Any2026_Final,105,A_only,ks tubun,KS. Tubun,75,,normatif_20,AHP_WSM,,refined_recall_max_any2026,RandomForest,rerank_medium
AHP_WSM_20_vs_Historis_Any2026_Final,105,A_only,kandangan hulu - sp tabihi,Kandangan Hulu - Sp. Tabihi,76,,normatif_20,AHP_WSM,,refined_recall_max_any2026,RandomForest,rerank_medium
AHP_WSM_20_vs_Historis_Any2026_Final,105,A_only,balanti - p3dt,Balanti - (Ex. P3DT),77,,normatif_20,AHP_WSM,,refined_recall_max_any2026,RandomForest,rerank_medium
AHP_WSM_20_vs_Historis_Any2026_Final,105,A_only,goha - desa amawang kanan,Goha - Ds. Amawang Kanan,78,,normatif_20,AHP_WSM,,refined_recall_max_any2026,RandomForest,rerank_medium
AHP_WSM_20_vs_Historis_Any2026_Final,105,A_only,angkakai - desa amawang kiri,Angkakai - Ds. Amawang Kiri,79,,normatif_20,AHP_WSM,,refined_recall_max_any2026,RandomForest,rerank_medium
AHP_WSM_20_vs_Historis_Any2026_Final,105,A_only,sei durian - desa gumbil,Sungai Durian - Ds. Gumbil,80,,normatif_20,AHP_WSM,,refined_recall_max_any2026,RandomForest,rerank_medium
AHP_WSM_20_vs_Historis_Any2026_Final,105,A_only,batang kulur kiri - durian landung,Batang Kulur Kiri - Durian Landung,81,,normatif_20,AHP_WSM,,refined_recall_max_any2026,RandomForest,rerank_medium
AHP_WSM_20_vs_Historis_Any2026_Final,105,A_only,mangamol - desa pantai ulin,Mangamol - Ds. Pantai Ulin,82,,normatif_20,AHP_WSM,,refined_recall_max_any2026,RandomForest,rerank_medium
AHP_WSM_20_vs_Historis_Any2026_Final,105,A_only,sekolah islam sei pinang,Sekolah Islam (Sungai Pinang),83,,normatif_20,AHP_WSM,,refined_recall_max_any2026,RandomForest,rerank_medium
AHP_WSM_20_vs_Historis_Any2026_Final,105,A_only,gambah dalam barat - mahulung,Gambah Dalam Barat - Mahulung,84,,normatif_20,AHP_WSM,,refined_recall_max_any2026,RandomForest,rerank_medium
AHP_WSM_20_vs_Historis_Any2026_Final,105,A_only,satria,Satria,85,,normatif_20,AHP_WSM,,refined_recall_max_any2026,RandomForest,rerank_medium
AHP_WSM_20_vs_Historis_Any2026_Final,105,A_only,matang gadung - halalang,Matang Gadung - Halalang,86,,normatif_20,AHP_WSM,,refined_recall_max_any2026,RandomForest,rerank_medium
AHP_WSM_20_vs_Historis_Any2026_Final,105,A_only,pakan dalam ii,Pakan Dalam II,87,,normatif_20,AHP_WSM,,refined_recall_max_any2026,RandomForest,rerank_medium
AHP_WSM_20_vs_Historis_Any2026_Final,105,A_only,nusa indah,Nusa Indah,89,,normatif_20,AHP_WSM,,refined_recall_max_any2026,RandomForest,rerank_medium
AHP_WSM_20_vs_Historis_Any2026_Final,105,A_only,pakan dalam iii,Pakan Dalam III,90,,normatif_20,AHP_WSM,,refined_recall_max_any2026,RandomForest,rerank_medium
AHP_WSM_20_vs_Historis_Any2026_Final,105,A_only,brigjen katamso,Brigjen Katamso,92,,normatif_20,AHP_WSM,,refined_recall_max_any2026,RandomForest,rerank_medium
AHP_WSM_20_vs_Historis_Any2026_Final,105,A_only,galuntang tayub - desa madang,Galuntang Tayub - Ds. Madang,95,,normatif_20,AHP_WSM,,refined_recall_max_any2026,RandomForest,rerank_medium
AHP_WSM_20_vs_Historis_Any2026_Final,105,A_only,rahmah bahran,Rahmah Bahran,97,,normatif_20,AHP_WSM,,refined_recall_max_any2026,RandomForest,rerank_medium
AHP_WSM_20_vs_Historis_Any2026_Final,105,A_only,jangkang - pantai ulin,Jangkang - Pantai Ulin,100,,normatif_20,AHP_WSM,,refined_recall_max_any2026,RandomForest,rerank_medium
AHP_WSM_20_vs_Historis_Any2026_Final,105,A_only,tandik - desa wasah hilir,Tandik - Ds. Wasah Hilir,103,,normatif_20,AHP_WSM,,refined_recall_max_any2026,RandomForest,rerank_medium
AHP_WSM_20_vs_Historis_Any2026_Final,105,A_only,pesantren muradiyah,Pesantren Muradiyah,105,,normatif_20,AHP_WSM,,refined_recall_max_any2026,RandomForest,rerank_medium
AHP_WSM_20_vs_Historis_Any2026_Final,105,B_only,padang batung - batulaki - malilingin,padang batung – batulaki – malilingin,,1,normatif_20,AHP_WSM,,refined_recall_max_any2026,RandomForest,rerank_medium
AHP_WSM_20_vs_Historis_Any2026_Final,105,B_only,siang gantung - desa baru,siang gantung – desa baru,,3,normatif_20,AHP_WSM,,refined_recall_max_any2026,RandomForest,rerank_medium
AHP_WSM_20_vs_Historis_Any2026_Final,105,B_only,sei raya selatan - malutu - goa berangin,sei raya selatan – malutu – goa berangin,,4,normatif_20,AHP_WSM,,refined_recall_max_any2026,RandomForest,rerank_medium
AHP_WSM_20_vs_Historis_Any2026_Final,105,B_only,padang haur - desa wasah tengah,padang haur – desa wasah tengah,,5,normatif_20,AHP_WSM,,refined_recall_max_any2026,RandomForest,rerank_medium
AHP_WSM_20_vs_Historis_Any2026_Final,105,B_only,palajau - desa baluti,palajau – desa baluti,,6,normatif_20,AHP_WSM,,refined_recall_max_any2026,RandomForest,rerank_medium
AHP_WSM_20_vs_Historis_Any2026_Final,105,B_only,jafri zamzam,jafri zamzam,,7,normatif_20,AHP_WSM,,refined_recall_max_any2026,RandomForest,rerank_medium
AHP_WSM_20_vs_Historis_Any2026_Final,105,B_only,sei paring - sei hanyar pantai ulin,sei paring – sei hanyar pantai ulin,,8,normatif_20,AHP_WSM,,refined_recall_max_any2026,RandomForest,rerank_medium
AHP_WSM_20_vs_Historis_Any2026_Final,105,B_only,samuda - bajayau,samuda – bajayau,,9,normatif_20,AHP_WSM,,refined_recall_max_any2026,RandomForest,rerank_medium
AHP_WSM_20_vs_Historis_Any2026_Final,105,B_only,bajayau - desa bajayau tengah,bajayau – desa bajayau tengah,,11,normatif_20,AHP_WSM,,refined_recall_max_any2026,RandomForest,rerank_medium
AHP_WSM_20_vs_Historis_Any2026_Final,105,B_only,tambangan - desa baruh jaya,tambangan – desa baruh jaya,,12,normatif_20,AHP_WSM,,refined_recall_max_any2026,RandomForest,rerank_medium
AHP_WSM_20_vs_Historis_Any2026_Final,105,B_only,malinau - katingin - kamawakan,malinau – katingin – kamawakan,,14,normatif_20,AHP_WSM,,refined_recall_max_any2026,RandomForest,rerank_medium
AHP_WSM_20_vs_Historis_Any2026_Final,105,B_only,mawangi - bukuanin - telaga langsat,mawangi – bukuanin – telaga langsat,,15,normatif_20,AHP_WSM,,refined_recall_max_any2026,RandomForest,rerank_medium
AHP_WSM_20_vs_Historis_Any2026_Final,105,B_only,baiturrahim parincahan,baiturrahim parincahan,,16,normatif_20,AHP_WSM,,refined_recall_max_any2026,RandomForest,rerank_medium
AHP_WSM_20_vs_Historis_Any2026_Final,105,B_only,tanuhi - ulang,tanuhi – ulang,,17,normatif_20,AHP_WSM,,refined_recall_max_any2026,RandomForest,rerank_medium
AHP_WSM_20_vs_Historis_Any2026_Final,105,B_only,mandapai - madang,mandapai – madang,,18,normatif_20,AHP_WSM,,refined_recall_max_any2026,RandomForest,rerank_medium
AHP_WSM_20_vs_Historis_Any2026_Final,105,B_only,dahlia,dahlia,,19,normatif_20,AHP_WSM,,refined_recall_max_any2026,RandomForest,rerank_medium
AHP_WSM_20_vs_Historis_Any2026_Final,105,B_only,sei mandala murung raya,sei mandala murung raya,,20,normatif_20,AHP_WSM,,refined_recall_max_any2026,RandomForest,rerank_medium
AHP_WSM_20_vs_Historis_Any2026_Final,105,B_only,paku jambu hulu - ganda,paku jambu hulu – ganda,,21,normatif_20,AHP_WSM,,refined_recall_max_any2026,RandomForest,rerank_medium
AHP_WSM_20_vs_Historis_Any2026_Final,105,B_only,loklahung - kamawakan,loklahung – kamawakan,,23,normatif_20,AHP_WSM,,refined_recall_max_any2026,RandomForest,rerank_medium
AHP_WSM_20_vs_Historis_Any2026_Final,105,B_only,angkinang - kayu abang - panggang hijau,angkinang – kayu abang – panggang hijau,,24,normatif_20,AHP_WSM,,refined_recall_max_any2026,RandomForest,rerank_medium
AHP_WSM_20_vs_Historis_Any2026_Final,105,B_only,bayanan - pihanin,bayanan – pihanin,,25,normatif_20,AHP_WSM,,refined_recall_max_any2026,RandomForest,rerank_medium
AHP_WSM_20_vs_Historis_Any2026_Final,105,B_only,gumbil - masimpan,gumbil – masimpan,,28,normatif_20,AHP_WSM,,refined_recall_max_any2026,RandomForest,rerank_medium
AHP_WSM_20_vs_Historis_Any2026_Final,105,B_only,samping bappeda - mesjid darul halik,samping bappeda – mesjid darul halik,,29,normatif_20,AHP_WSM,,refined_recall_max_any2026,RandomForest,rerank_medium
AHP_WSM_20_vs_Historis_Any2026_Final,105,B_only,halunuk - riam tajam talo - hamak umpaya,halunuk – riam tajam talo – hamak umpaya,,30,normatif_20,AHP_WSM,,refined_recall_max_any2026,RandomForest,rerank_medium
AHP_WSM_20_vs_Historis_Any2026_Final,105,B_only,tembok baru - desa baluti,tembok baru – desa baluti,,31,normatif_20,AHP_WSM,,refined_recall_max_any2026,RandomForest,rerank_medium
AHP_WSM_20_vs_Historis_Any2026_Final,105,B_only,tukang garit tambangan,tukang garit tambangan,,32,normatif_20,AHP_WSM,,refined_recall_max_any2026,RandomForest,rerank_medium
AHP_WSM_20_vs_Historis_Any2026_Final,105,B_only,sp 4 mesjid sirih - sarang nyamuk - asam tamiyang,sp 4 mesjid sirih – sarang nyamuk – asam tamiyang,,34,normatif_20,AHP_WSM,,refined_recall_max_any2026,RandomForest,rerank_medium
AHP_WSM_20_vs_Historis_Any2026_Final,105,B_only,tembok lama - loklua,tembok lama – loklua,,37,normatif_20,AHP_WSM,,refined_recall_max_any2026,RandomForest,rerank_medium
AHP_WSM_20_vs_Historis_Any2026_Final,105,B_only,tabihi - telaga langsat,tabihi – telaga langsat,,38,normatif_20,AHP_WSM,,refined_recall_max_any2026,RandomForest,rerank_medium
AHP_WSM_20_vs_Historis_Any2026_Final,105,B_only,hamalau - ganda,hamalau – ganda,,39,normatif_20,AHP_WSM,,refined_recall_max_any2026,RandomForest,rerank_medium
AHP_WSM_20_vs_Historis_Any2026_Final,105,B_only,sei raya - jambu hulu paku,sei raya – jambu hulu paku,,41,normatif_20,AHP_WSM,,refined_recall_max_any2026,RandomForest,rerank_medium
AHP_WSM_20_vs_Historis_Any2026_Final,105,B_only,bamban selatan - pakuan,bamban selatan – pakuan,,43,normatif_20,AHP_WSM,,refined_recall_max_any2026,RandomForest,rerank_medium
AHP_WSM_20_vs_Historis_Any2026_Final,105,B_only,bumi berkat - mungkur galah,bumi berkat – mungkur galah,,45,normatif_20,AHP_WSM,,refined_recall_max_any2026,RandomForest,rerank_medium
AHP_WSM_20_vs_Historis_Any2026_Final,105,B_only,hamalau - anjiran,hamalau – anjiran,,46,normatif_20,AHP_WSM,,refined_recall_max_any2026,RandomForest,rerank_medium
AHP_WSM_20_vs_Historis_Any2026_Final,105,B_only,asam cangkuk - telaga bidadari,asam cangkuk – telaga bidadari,,48,normatif_20,AHP_WSM,,refined_recall_max_any2026,RandomForest,rerank_medium
AHP_WSM_20_vs_Historis_Any2026_Final,105,B_only,karasikan - sarang halang,karasikan – sarang halang,,50,normatif_20,AHP_WSM,,refined_recall_max_any2026,RandomForest,rerank_medium
AHP_WSM_20_vs_Historis_Any2026_Final,105,B_only,pakan dalam - kaminting batu,pakan dalam – kaminting batu,,51,normatif_20,AHP_WSM,,refined_recall_max_any2026,RandomForest,rerank_medium
AHP_WSM_20_vs_Historis_Any2026_Final,105,B_only,wasah hilir - amparaya,wasah hilir – amparaya,,52,normatif_20,AHP_WSM,,refined_recall_max_any2026,RandomForest,rerank_medium
AHP_WSM_20_vs_Historis_Any2026_Final,105,B_only,bago tanggul - katilang - teratai,bago tanggul – katilang – teratai,,53,normatif_20,AHP_WSM,,refined_recall_max_any2026,RandomForest,rerank_medium
AHP_WSM_20_vs_Historis_Any2026_Final,105,B_only,panggang hijau - desa tawar,panggang hijau – desa tawar,,54,normatif_20,AHP_WSM,,refined_recall_max_any2026,RandomForest,rerank_medium
AHP_WSM_20_vs_Historis_Any2026_Final,105,B_only,sp empat lungau - bangkau,sp empat lungau – bangkau,,55,normatif_20,AHP_WSM,,refined_recall_max_any2026,RandomForest,rerank_medium
AHP_WSM_20_vs_Historis_Any2026_Final,105,B_only,teluk pinang - baluti,teluk pinang – baluti,,56,normatif_20,AHP_WSM,,refined_recall_max_any2026,RandomForest,rerank_medium
AHP_WSM_20_vs_Historis_Any2026_Final,105,B_only,gerilya depan pustu habirau,gerilya depan pustu habirau,,57,normatif_20,AHP_WSM,,refined_recall_max_any2026,RandomForest,rerank_medium
AHP_WSM_20_vs_Historis_Any2026_Final,105,B_only,malilingin - lokbahan - paniungan,malilingin – lokbahan – paniungan,,59,normatif_20,AHP_WSM,,refined_recall_max_any2026,RandomForest,rerank_medium
AHP_WSM_20_vs_Historis_Any2026_Final,105,B_only,mawangi - pariangan,mawangi – pariangan,,61,normatif_20,AHP_WSM,,refined_recall_max_any2026,RandomForest,rerank_medium
AHP_WSM_20_vs_Historis_Any2026_Final,105,B_only,angkinang selatan - tawia - wawaran,angkinang selatan – tawia – wawaran,,62,normatif_20,AHP_WSM,,refined_recall_max_any2026,RandomForest,rerank_medium
AHP_WSM_20_vs_Historis_Any2026_Final,105,B_only,karang jawa - ambarai - sei bungur,karang jawa – ambarai – sei bungur,,64,normatif_20,AHP_WSM,,refined_recall_max_any2026,RandomForest,rerank_medium
AHP_WSM_20_vs_Historis_Any2026_Final,105,B_only,sp 4 banjarbaru - pasar negara,sp 4 banjarbaru – pasar negara,,65,normatif_20,AHP_WSM,,refined_recall_max_any2026,RandomForest,rerank_medium
AHP_WSM_20_vs_Historis_Any2026_Final,105,B_only,rel angkinang,rel angkinang – angkinang,,66,normatif_20,AHP_WSM,,refined_recall_max_any2026,RandomForest,rerank_medium
AHP_WSM_20_vs_Historis_Any2026_Final,105,B_only,teluk pinang - padang rasau,teluk pinang – padang rasau,,67,normatif_20,AHP_WSM,,refined_recall_max_any2026,RandomForest,rerank_medium
AHP_WSM_20_vs_Historis_Any2026_Final,105,B_only,tanayung - simp ambarai,tanayung – simp ambarai,,69,normatif_20,AHP_WSM,,refined_recall_max_any2026,RandomForest,rerank_medium
AHP_WSM_20_vs_Historis_Any2026_Final,105,B_only,telaga langsat - pakuan timur,telaga langsat – pakuan timur,,70,normatif_20,AHP_WSM,,refined_recall_max_any2026,RandomForest,rerank_medium
AHP_WSM_20_vs_Historis_Any2026_Final,105,B_only,pagat batu - muara hariang,pagat batu – muara hariang,,71,normatif_20,AHP_WSM,,refined_recall_max_any2026,RandomForest,rerank_medium
AHP_WSM_20_vs_Historis_Any2026_Final,105,B_only,mawar daha selatan,mawar daha selatan,,72,normatif_20,AHP_WSM,,refined_recall_max_any2026,RandomForest,rerank_medium
AHP_WSM_20_vs_Historis_Any2026_Final,105,B_only,kaliring - sp padang batung,kaliring – sp padang batung,,74,normatif_20,AHP_WSM,,refined_recall_max_any2026,RandomForest,rerank_medium
AHP_WSM_20_vs_Historis_Any2026_Final,105,B_only,bakarung tengah - karang jawa,bakarung tengah – karang jawa,,75,normatif_20,AHP_WSM,,refined_recall_max_any2026,RandomForest,rerank_medium
AHP_WSM_20_vs_Historis_Any2026_Final,105,B_only,panjampang bahagia - hanau,panjampang bahagia – hanau,,76,normatif_20,AHP_WSM,,refined_recall_max_any2026,RandomForest,rerank_medium
AHP_WSM_20_vs_Historis_Any2026_Final,105,B_only,tibung raya - hamalau dalam,tibung raya – hamalau dalam,,77,normatif_20,AHP_WSM,,refined_recall_max_any2026,RandomForest,rerank_medium
AHP_WSM_20_vs_Historis_Any2026_Final,105,B_only,kaminting batu,kaminting batu,,78,normatif_20,AHP_WSM,,refined_recall_max_any2026,RandomForest,rerank_medium
AHP_WSM_20_vs_Historis_Any2026_Final,105,B_only,sp hamalau - teluk pinang,sp hamalau – teluk pinang,,79,normatif_20,AHP_WSM,,refined_recall_max_any2026,RandomForest,rerank_medium
AHP_WSM_20_vs_Historis_Any2026_Final,105,B_only,banyu barau - sei kalang,banyu barau – sei kalang,,80,normatif_20,AHP_WSM,,refined_recall_max_any2026,RandomForest,rerank_medium
AHP_WSM_20_vs_Historis_Any2026_Final,105,B_only,tajun - sp 3 muara paring agung,tajun – sp 3 muara paring agung,,81,normatif_20,AHP_WSM,,refined_recall_max_any2026,RandomForest,rerank_medium
AHP_WSM_20_vs_Historis_Any2026_Final,105,B_only,jend sudirman,jend sudirman,,82,normatif_20,AHP_WSM,,refined_recall_max_any2026,RandomForest,rerank_medium
AHP_WSM_20_vs_Historis_Any2026_Final,105,B_only,baru - desa bajayau,baru – desa bajayau,,85,normatif_20,AHP_WSM,,refined_recall_max_any2026,RandomForest,rerank_medium
AHP_WSM_20_vs_Historis_Any2026_Final,105,B_only,tamiyang - desa tamiyang eks,tamiyang – desa tamiyang eks,,86,normatif_20,AHP_WSM,,refined_recall_max_any2026,RandomForest,rerank_medium
AHP_WSM_20_vs_Historis_Any2026_Final,105,B_only,karya bakti - desa balimau,karya bakti – desa balimau,,87,normatif_20,AHP_WSM,,refined_recall_max_any2026,RandomForest,rerank_medium
AHP_WSM_20_vs_Historis_Any2026_Final,105,B_only,amawang kanan - wasah hulu,amawang kanan – wasah hulu,,88,normatif_20,AHP_WSM,,refined_recall_max_any2026,RandomForest,rerank_medium
AHP_WSM_20_vs_Historis_Any2026_Final,105,B_only,balimau - murung dalam,balimau – murung dalam,,89,normatif_20,AHP_WSM,,refined_recall_max_any2026,RandomForest,rerank_medium
AHP_WSM_20_vs_Historis_Any2026_Final,105,B_only,taal jarau - sp baru tampang,taal jarau – sp baru tampang,,90,normatif_20,AHP_WSM,,refined_recall_max_any2026,RandomForest,rerank_medium
AHP_WSM_20_vs_Historis_Any2026_Final,105,B_only,loksado - haratai,loksado – haratai,,92,normatif_20,AHP_WSM,,refined_recall_max_any2026,RandomForest,rerank_medium
AHP_WSM_20_vs_Historis_Any2026_Final,105,B_only,hulu banyu - datar mangkung - tumingki,hulu banyu – datar mangkung – tumingki,,93,normatif_20,AHP_WSM,,refined_recall_max_any2026,RandomForest,rerank_medium
AHP_WSM_20_vs_Historis_Any2026_Final,105,B_only,papagaran palangsatan,papagaran palangsatan,,94,normatif_20,AHP_WSM,,refined_recall_max_any2026,RandomForest,rerank_medium
AHP_WSM_20_vs_Historis_Any2026_Final,105,B_only,sei raya selatan - sarang halang,sei raya selatan – sarang halang,,95,normatif_20,AHP_WSM,,refined_recall_max_any2026,RandomForest,rerank_medium
AHP_WSM_20_vs_Historis_Any2026_Final,105,B_only,teluk haur ii,teluk haur ii,,96,normatif_20,AHP_WSM,,refined_recall_max_any2026,RandomForest,rerank_medium
AHP_WSM_20_vs_Historis_Any2026_Final,105,B_only,bariang - getek,bariang – getek,,97,normatif_20,AHP_WSM,,refined_recall_max_any2026,RandomForest,rerank_medium
AHP_WSM_20_vs_Historis_Any2026_Final,105,B_only,asam duhat - desa pantai ulin,asam duhat – desa pantai ulin,,98,normatif_20,AHP_WSM,,refined_recall_max_any2026,RandomForest,rerank_medium
AHP_WSM_20_vs_Historis_Any2026_Final,105,B_only,ida manggala - padang makmur,ida manggala – padang makmur,,100,normatif_20,AHP_WSM,,refined_recall_max_any2026,RandomForest,rerank_medium
AHP_WSM_20_vs_Historis_Any2026_Final,105,B_only,sei kudung - kalinduku,sei kudung – kalinduku,,101,normatif_20,AHP_WSM,,refined_recall_max_any2026,RandomForest,rerank_medium
AHP_WSM_20_vs_Historis_Any2026_Final,105,B_only,hariti - sei raya selatan,hariti – sei raya selatan,,102,normatif_20,AHP_WSM,,refined_recall_max_any2026,RandomForest,rerank_medium
AHP_WSM_20_vs_Historis_Any2026_Final,105,B_only,pandak daun buntut muradiyah - pakan dalam,pandak daun buntut muradiyah – pakan dalam,,104,normatif_20,AHP_WSM,,refined_recall_max_any2026,RandomForest,rerank_medium
AHP_WSM_20_vs_Historis_Any2026_Final,105,B_only,sukaramai - keramat,sukaramai – keramat,,105,normatif_20,AHP_WSM,,refined_recall_max_any2026,RandomForest,rerank_medium
AHP_WSM_20_vs_Historis_Teknokratis2026_Final,35,overlap,angkinang - telaga langsat,Angkinang - Telaga Langsat,16,31,normatif_20,AHP_WSM,,refined_rerank_teknokratis2026,XGBoost,rerank
AHP_WSM_20_vs_Historis_Teknokratis2026_Final,35,overlap,singakarsa - palas,Singakarsa - Palas,32,34,normatif_20,AHP_WSM,,refined_rerank_teknokratis2026,XGBoost,rerank
AHP_WSM_20_vs_Historis_Teknokratis2026_Final,35,A_only,panglima batur,Panglima Batur,1,,normatif_20,AHP_WSM,,refined_rerank_teknokratis2026,XGBoost,rerank
AHP_WSM_20_vs_Historis_Teknokratis2026_Final,35,A_only,aluh idut,Aluh Idut,2,,normatif_20,AHP_WSM,,refined_rerank_teknokratis2026,XGBoost,rerank
AHP_WSM_20_vs_Historis_Teknokratis2026_Final,35,A_only,merah johansyah - melati,Merah Johansyah - Melati,3,,normatif_20,AHP_WSM,,refined_rerank_teknokratis2026,XGBoost,rerank
AHP_WSM_20_vs_Historis_Teknokratis2026_Final,35,A_only,pemuda,Pemuda,4,,normatif_20,AHP_WSM,,refined_rerank_teknokratis2026,XGBoost,rerank
AHP_WSM_20_vs_Historis_Teknokratis2026_Final,35,A_only,bakarung - rantauan,Bakarung - Rantauan,5,,normatif_20,AHP_WSM,,refined_rerank_teknokratis2026,XGBoost,rerank
AHP_WSM_20_vs_Historis_Teknokratis2026_Final,35,A_only,parindra,Parindra,6,,normatif_20,AHP_WSM,,refined_rerank_teknokratis2026,XGBoost,rerank
AHP_WSM_20_vs_Historis_Teknokratis2026_Final,35,A_only,wasah tengah - sei tarap,Wasah Tengah - Sungai Tarap,7,,normatif_20,AHP_WSM,,refined_rerank_teknokratis2026,XGBoost,rerank
AHP_WSM_20_vs_Historis_Teknokratis2026_Final,35,A_only,kesehatan - komp rmh dokter,Kesehatan - Komp. Rmh Dokter,8,,normatif_20,AHP_WSM,,refined_rerank_teknokratis2026,XGBoost,rerank
AHP_WSM_20_vs_Historis_Teknokratis2026_Final,35,A_only,simpur - sp 3 muara paring agung,Simpur - Sp. 3 Muara Paring Agung,9,,normatif_20,AHP_WSM,,refined_rerank_teknokratis2026,XGBoost,rerank
AHP_WSM_20_vs_Historis_Teknokratis2026_Final,35,A_only,anggrek,Anggrek,10,,normatif_20,AHP_WSM,,refined_rerank_teknokratis2026,XGBoost,rerank
AHP_WSM_20_vs_Historis_Teknokratis2026_Final,35,A_only,wahab syahrani,Wahab Syahrani,11,,normatif_20,AHP_WSM,,refined_rerank_teknokratis2026,XGBoost,rerank
AHP_WSM_20_vs_Historis_Teknokratis2026_Final,35,A_only,menuju stadion 2 desember,Menuju Stadion 2 Desember,12,,normatif_20,AHP_WSM,,refined_rerank_teknokratis2026,XGBoost,rerank
AHP_WSM_20_vs_Historis_Teknokratis2026_Final,35,A_only,teluk mesjid - sp 4 muara banta,Teluk Mesjid - Sp. 4 Muara Banta,13,,normatif_20,AHP_WSM,,refined_rerank_teknokratis2026,XGBoost,rerank
AHP_WSM_20_vs_Historis_Teknokratis2026_Final,35,A_only,taniran selatan - rantauan,Taniran Selatan - Rantauan,14,,normatif_20,AHP_WSM,,refined_rerank_teknokratis2026,XGBoost,rerank
AHP_WSM_20_vs_Historis_Teknokratis2026_Final,35,A_only,hamalau - pahampangan,Hamalau - Pahampangan,15,,normatif_20,AHP_WSM,,refined_rerank_teknokratis2026,XGBoost,rerank
AHP_WSM_20_vs_Historis_Teknokratis2026_Final,35,A_only,tibung raya - asam cangkuk,Tibung Raya - Asam Cangkuk,17,,normatif_20,AHP_WSM,,refined_rerank_teknokratis2026,XGBoost,rerank
AHP_WSM_20_vs_Historis_Teknokratis2026_Final,35,A_only,rantauan - sei baru pulau,Rantauan - Sungai Baru (Pulau),18,,normatif_20,AHP_WSM,,refined_rerank_teknokratis2026,XGBoost,rerank
AHP_WSM_20_vs_Historis_Teknokratis2026_Final,35,A_only,taal batang kulur - sp 3 muara prg agung,Taal Batang Kulur - Sp. 3 Muara Prg Agung,19,,normatif_20,AHP_WSM,,refined_rerank_teknokratis2026,XGBoost,rerank
AHP_WSM_20_vs_Historis_Teknokratis2026_Final,35,A_only,newangsekarti - desa gambah luar muka,Newangsekarti - Ds. Gambah Luar Muka,20,,normatif_20,AHP_WSM,,refined_rerank_teknokratis2026,XGBoost,rerank
AHP_WSM_20_vs_Historis_Teknokratis2026_Final,35,A_only,papancan - desa tanah bangkang,Papancan - Ds. Tanah Bangkang,21,,normatif_20,AHP_WSM,,refined_rerank_teknokratis2026,XGBoost,rerank
AHP_WSM_20_vs_Historis_Teknokratis2026_Final,35,A_only,air miris - desa wasah hilir,Air Miris - Ds. Wasah Hilir,22,,normatif_20,AHP_WSM,,refined_rerank_teknokratis2026,XGBoost,rerank
AHP_WSM_20_vs_Historis_Teknokratis2026_Final,35,A_only,kolonel sugiono,Kolonel Sugiono,23,,normatif_20,AHP_WSM,,refined_rerank_teknokratis2026,XGBoost,rerank
AHP_WSM_20_vs_Historis_Teknokratis2026_Final,35,A_only,aes nasution,AES Nasution,24,,normatif_20,AHP_WSM,,refined_rerank_teknokratis2026,XGBoost,rerank
AHP_WSM_20_vs_Historis_Teknokratis2026_Final,35,A_only,musyawarah nagara,Musyawarah (Nagara),25,,normatif_20,AHP_WSM,,refined_rerank_teknokratis2026,XGBoost,rerank
AHP_WSM_20_vs_Historis_Teknokratis2026_Final,35,A_only,pertanian - desa wasah tengah,Pertanian - Ds. Wasah Tengah,26,,normatif_20,AHP_WSM,,refined_rerank_teknokratis2026,XGBoost,rerank
AHP_WSM_20_vs_Historis_Teknokratis2026_Final,35,A_only,tumbukan banyu - banua hanyar,Tumbukan Banyu - Banua Hanyar,27,,normatif_20,AHP_WSM,,refined_rerank_teknokratis2026,XGBoost,rerank
AHP_WSM_20_vs_Historis_Teknokratis2026_Final,35,A_only,wasah hilir - sarang halang,Wasah Hilir - Sarang Halang,28,,normatif_20,AHP_WSM,,refined_rerank_teknokratis2026,XGBoost,rerank
AHP_WSM_20_vs_Historis_Teknokratis2026_Final,35,A_only,amawang muka - getek,Amawang Muka - Getek,29,,normatif_20,AHP_WSM,,refined_rerank_teknokratis2026,XGBoost,rerank
AHP_WSM_20_vs_Historis_Teknokratis2026_Final,35,A_only,karang intan - tanah bangkang,Karang Intan - Tanah Bangkang,30,,normatif_20,AHP_WSM,,refined_rerank_teknokratis2026,XGBoost,rerank
AHP_WSM_20_vs_Historis_Teknokratis2026_Final,35,A_only,haritas pt pertani,Haritas (PT. Pertani),31,,normatif_20,AHP_WSM,,refined_rerank_teknokratis2026,XGBoost,rerank
AHP_WSM_20_vs_Historis_Teknokratis2026_Final,35,A_only,tawia - kayu abang,Tawia - Kayu Abang,33,,normatif_20,AHP_WSM,,refined_rerank_teknokratis2026,XGBoost,rerank
AHP_WSM_20_vs_Historis_Teknokratis2026_Final,35,A_only,bina bakat,Bina Bakat,34,,normatif_20,AHP_WSM,,refined_rerank_teknokratis2026,XGBoost,rerank
AHP_WSM_20_vs_Historis_Teknokratis2026_Final,35,A_only,sp 4 banjarbaru - pihanin raya,SP.4. Banjarbaru - Pihanin Raya,35,,normatif_20,AHP_WSM,,refined_rerank_teknokratis2026,XGBoost,rerank
AHP_WSM_20_vs_Historis_Teknokratis2026_Final,35,B_only,padang batung - batulaki - malilingin,padang batung – batulaki – malilingin,,1,normatif_20,AHP_WSM,,refined_rerank_teknokratis2026,XGBoost,rerank
AHP_WSM_20_vs_Historis_Teknokratis2026_Final,35,B_only,taniran selatan kubah - buntut taniran wawaran,taniran selatan kubah – buntut taniran wawaran,,2,normatif_20,AHP_WSM,,refined_rerank_teknokratis2026,XGBoost,rerank
AHP_WSM_20_vs_Historis_Teknokratis2026_Final,35,B_only,samuda - bajayau,samuda – bajayau,,3,normatif_20,AHP_WSM,,refined_rerank_teknokratis2026,XGBoost,rerank
AHP_WSM_20_vs_Historis_Teknokratis2026_Final,35,B_only,palas - desa wasah tengah,palas – desa wasah tengah,,4,normatif_20,AHP_WSM,,refined_rerank_teknokratis2026,XGBoost,rerank
AHP_WSM_20_vs_Historis_Teknokratis2026_Final,35,B_only,mawangi - bukuanin - telaga langsat,mawangi – bukuanin – telaga langsat,,5,normatif_20,AHP_WSM,,refined_rerank_teknokratis2026,XGBoost,rerank
AHP_WSM_20_vs_Historis_Teknokratis2026_Final,35,B_only,tanjung selor - desa badaun,tanjung selor – desa badaun,,6,normatif_20,AHP_WSM,,refined_rerank_teknokratis2026,XGBoost,rerank
AHP_WSM_20_vs_Historis_Teknokratis2026_Final,35,B_only,jarau - parandakan,jarau – parandakan,,7,normatif_20,AHP_WSM,,refined_rerank_teknokratis2026,XGBoost,rerank
AHP_WSM_20_vs_Historis_Teknokratis2026_Final,35,B_only,loklahung - kamawakan,loklahung – kamawakan,,8,normatif_20,AHP_WSM,,refined_rerank_teknokratis2026,XGBoost,rerank
AHP_WSM_20_vs_Historis_Teknokratis2026_Final,35,B_only,teluk haur i,teluk haur i,,9,normatif_20,AHP_WSM,,refined_rerank_teknokratis2026,XGBoost,rerank
AHP_WSM_20_vs_Historis_Teknokratis2026_Final,35,B_only,anjiran rantauan - desa taniran tengah,anjiran rantauan – desa taniran tengah,,10,normatif_20,AHP_WSM,,refined_rerank_teknokratis2026,XGBoost,rerank
AHP_WSM_20_vs_Historis_Teknokratis2026_Final,35,B_only,halunuk - riam tajam talo - hamak umpaya,halunuk – riam tajam talo – hamak umpaya,,11,normatif_20,AHP_WSM,,refined_rerank_teknokratis2026,XGBoost,rerank
AHP_WSM_20_vs_Historis_Teknokratis2026_Final,35,B_only,muning tengah - desa muning dalam,muning tengah – desa muning dalam,,12,normatif_20,AHP_WSM,,refined_rerank_teknokratis2026,XGBoost,rerank
AHP_WSM_20_vs_Historis_Teknokratis2026_Final,35,B_only,rambai - bariang,rambai – bariang,,13,normatif_20,AHP_WSM,,refined_rerank_teknokratis2026,XGBoost,rerank
AHP_WSM_20_vs_Historis_Teknokratis2026_Final,35,B_only,teluk haur ii,teluk haur ii,,14,normatif_20,AHP_WSM,,refined_rerank_teknokratis2026,XGBoost,rerank
AHP_WSM_20_vs_Historis_Teknokratis2026_Final,35,B_only,banua hanyar - desa tanjung selor,banua hanyar – desa tanjung selor,,15,normatif_20,AHP_WSM,,refined_rerank_teknokratis2026,XGBoost,rerank
AHP_WSM_20_vs_Historis_Teknokratis2026_Final,35,B_only,angkinang - kayu abang - panggang hijau,angkinang – kayu abang – panggang hijau,,16,normatif_20,AHP_WSM,,refined_rerank_teknokratis2026,XGBoost,rerank
AHP_WSM_20_vs_Historis_Teknokratis2026_Final,35,B_only,siang gantung - desa baru,siang gantung – desa baru,,17,normatif_20,AHP_WSM,,refined_rerank_teknokratis2026,XGBoost,rerank
AHP_WSM_20_vs_Historis_Teknokratis2026_Final,35,B_only,kayu abang - desa anjiran,kayu abang – desa anjiran,,18,normatif_20,AHP_WSM,,refined_rerank_teknokratis2026,XGBoost,rerank
AHP_WSM_20_vs_Historis_Teknokratis2026_Final,35,B_only,asam cangkuk - telaga bidadari,asam cangkuk – telaga bidadari,,19,normatif_20,AHP_WSM,,refined_rerank_teknokratis2026,XGBoost,rerank
AHP_WSM_20_vs_Historis_Teknokratis2026_Final,35,B_only,gumbil - masimpan,gumbil – masimpan,,20,normatif_20,AHP_WSM,,refined_rerank_teknokratis2026,XGBoost,rerank
AHP_WSM_20_vs_Historis_Teknokratis2026_Final,35,B_only,haratai 2 balai ujung atas sdn haratai2,haratai 2 balai ujung atas sdn haratai2,,21,normatif_20,AHP_WSM,,refined_rerank_teknokratis2026,XGBoost,rerank
AHP_WSM_20_vs_Historis_Teknokratis2026_Final,35,B_only,kayu abang - paya,kayu abang – paya,,22,normatif_20,AHP_WSM,,refined_rerank_teknokratis2026,XGBoost,rerank
AHP_WSM_20_vs_Historis_Teknokratis2026_Final,35,B_only,muning tengah - batang alai pihanin raya,muning tengah – batang alai pihanin raya,,23,normatif_20,AHP_WSM,,refined_rerank_teknokratis2026,XGBoost,rerank
AHP_WSM_20_vs_Historis_Teknokratis2026_Final,35,B_only,tembok baru - desa baluti,tembok baru – desa baluti,,24,normatif_20,AHP_WSM,,refined_rerank_teknokratis2026,XGBoost,rerank
AHP_WSM_20_vs_Historis_Teknokratis2026_Final,35,B_only,wasah hulu - amparaya - simpur,wasah hulu – amparaya – simpur,,25,normatif_20,AHP_WSM,,refined_rerank_teknokratis2026,XGBoost,rerank
AHP_WSM_20_vs_Historis_Teknokratis2026_Final,35,B_only,tambangan - desa baruh jaya,tambangan – desa baruh jaya,,26,normatif_20,AHP_WSM,,refined_rerank_teknokratis2026,XGBoost,rerank
AHP_WSM_20_vs_Historis_Teknokratis2026_Final,35,B_only,tanuhi - ulang,tanuhi – ulang,,27,normatif_20,AHP_WSM,,refined_rerank_teknokratis2026,XGBoost,rerank
AHP_WSM_20_vs_Historis_Teknokratis2026_Final,35,B_only,loksado - haratai,loksado – haratai,,28,normatif_20,AHP_WSM,,refined_rerank_teknokratis2026,XGBoost,rerank
AHP_WSM_20_vs_Historis_Teknokratis2026_Final,35,B_only,tajun - sp 3 muara paring agung,tajun – sp 3 muara paring agung,,29,normatif_20,AHP_WSM,,refined_rerank_teknokratis2026,XGBoost,rerank
AHP_WSM_20_vs_Historis_Teknokratis2026_Final,35,B_only,samping bappeda - mesjid darul halik,samping bappeda – mesjid darul halik,,30,normatif_20,AHP_WSM,,refined_rerank_teknokratis2026,XGBoost,rerank
AHP_WSM_20_vs_Historis_Teknokratis2026_Final,35,B_only,malinau - katingin - kamawakan,malinau – katingin – kamawakan,,32,normatif_20,AHP_WSM,,refined_rerank_teknokratis2026,XGBoost,rerank
AHP_WSM_20_vs_Historis_Teknokratis2026_Final,35,B_only,hamalau - anjiran,hamalau – anjiran,,33,normatif_20,AHP_WSM,,refined_rerank_teknokratis2026,XGBoost,rerank
AHP_WSM_20_vs_Historis_Teknokratis2026_Final,35,B_only,sei raya - jambu hulu paku,sei raya – jambu hulu paku,,35,normatif_20,AHP_WSM,,refined_rerank_teknokratis2026,XGBoost,rerank
AHP_WSM_20_vs_Historis_Teknokratis2026_Final,70,overlap,angkinang - telaga langsat,Angkinang - Telaga Langsat,16,17,normatif_20,AHP_WSM,,refined_rerank_teknokratis2026,DecisionTree,rerank
AHP_WSM_20_vs_Historis_Teknokratis2026_Final,70,overlap,tumbukan banyu - banua hanyar,Tumbukan Banyu - Banua Hanyar,27,19,normatif_20,AHP_WSM,,refined_rerank_teknokratis2026,DecisionTree,rerank
AHP_WSM_20_vs_Historis_Teknokratis2026_Final,70,overlap,amawang muka - getek,Amawang Muka - Getek,29,18,normatif_20,AHP_WSM,,refined_rerank_teknokratis2026,DecisionTree,rerank
AHP_WSM_20_vs_Historis_Teknokratis2026_Final,70,overlap,singakarsa - palas,Singakarsa - Palas,32,1,normatif_20,AHP_WSM,,refined_rerank_teknokratis2026,DecisionTree,rerank
AHP_WSM_20_vs_Historis_Teknokratis2026_Final,70,overlap,pandan sari - desa angkinang,Pandan Sari - Ds. Angkinang,40,36,normatif_20,AHP_WSM,,refined_rerank_teknokratis2026,DecisionTree,rerank
AHP_WSM_20_vs_Historis_Teknokratis2026_Final,70,overlap,kalumpang - balimau,Kalumpang - Balimau,61,33,normatif_20,AHP_WSM,,refined_rerank_teknokratis2026,DecisionTree,rerank
AHP_WSM_20_vs_Historis_Teknokratis2026_Final,70,A_only,panglima batur,Panglima Batur,1,,normatif_20,AHP_WSM,,refined_rerank_teknokratis2026,DecisionTree,rerank
AHP_WSM_20_vs_Historis_Teknokratis2026_Final,70,A_only,aluh idut,Aluh Idut,2,,normatif_20,AHP_WSM,,refined_rerank_teknokratis2026,DecisionTree,rerank
AHP_WSM_20_vs_Historis_Teknokratis2026_Final,70,A_only,merah johansyah - melati,Merah Johansyah - Melati,3,,normatif_20,AHP_WSM,,refined_rerank_teknokratis2026,DecisionTree,rerank
AHP_WSM_20_vs_Historis_Teknokratis2026_Final,70,A_only,pemuda,Pemuda,4,,normatif_20,AHP_WSM,,refined_rerank_teknokratis2026,DecisionTree,rerank
AHP_WSM_20_vs_Historis_Teknokratis2026_Final,70,A_only,bakarung - rantauan,Bakarung - Rantauan,5,,normatif_20,AHP_WSM,,refined_rerank_teknokratis2026,DecisionTree,rerank
AHP_WSM_20_vs_Historis_Teknokratis2026_Final,70,A_only,parindra,Parindra,6,,normatif_20,AHP_WSM,,refined_rerank_teknokratis2026,DecisionTree,rerank
AHP_WSM_20_vs_Historis_Teknokratis2026_Final,70,A_only,wasah tengah - sei tarap,Wasah Tengah - Sungai Tarap,7,,normatif_20,AHP_WSM,,refined_rerank_teknokratis2026,DecisionTree,rerank
AHP_WSM_20_vs_Historis_Teknokratis2026_Final,70,A_only,kesehatan - komp rmh dokter,Kesehatan - Komp. Rmh Dokter,8,,normatif_20,AHP_WSM,,refined_rerank_teknokratis2026,DecisionTree,rerank
AHP_WSM_20_vs_Historis_Teknokratis2026_Final,70,A_only,simpur - sp 3 muara paring agung,Simpur - Sp. 3 Muara Paring Agung,9,,normatif_20,AHP_WSM,,refined_rerank_teknokratis2026,DecisionTree,rerank
AHP_WSM_20_vs_Historis_Teknokratis2026_Final,70,A_only,anggrek,Anggrek,10,,normatif_20,AHP_WSM,,refined_rerank_teknokratis2026,DecisionTree,rerank
AHP_WSM_20_vs_Historis_Teknokratis2026_Final,70,A_only,wahab syahrani,Wahab Syahrani,11,,normatif_20,AHP_WSM,,refined_rerank_teknokratis2026,DecisionTree,rerank
AHP_WSM_20_vs_Historis_Teknokratis2026_Final,70,A_only,menuju stadion 2 desember,Menuju Stadion 2 Desember,12,,normatif_20,AHP_WSM,,refined_rerank_teknokratis2026,DecisionTree,rerank
AHP_WSM_20_vs_Historis_Teknokratis2026_Final,70,A_only,teluk mesjid - sp 4 muara banta,Teluk Mesjid - Sp. 4 Muara Banta,13,,normatif_20,AHP_WSM,,refined_rerank_teknokratis2026,DecisionTree,rerank
AHP_WSM_20_vs_Historis_Teknokratis2026_Final,70,A_only,taniran selatan - rantauan,Taniran Selatan - Rantauan,14,,normatif_20,AHP_WSM,,refined_rerank_teknokratis2026,DecisionTree,rerank
AHP_WSM_20_vs_Historis_Teknokratis2026_Final,70,A_only,hamalau - pahampangan,Hamalau - Pahampangan,15,,normatif_20,AHP_WSM,,refined_rerank_teknokratis2026,DecisionTree,rerank
AHP_WSM_20_vs_Historis_Teknokratis2026_Final,70,A_only,tibung raya - asam cangkuk,Tibung Raya - Asam Cangkuk,17,,normatif_20,AHP_WSM,,refined_rerank_teknokratis2026,DecisionTree,rerank
AHP_WSM_20_vs_Historis_Teknokratis2026_Final,70,A_only,rantauan - sei baru pulau,Rantauan - Sungai Baru (Pulau),18,,normatif_20,AHP_WSM,,refined_rerank_teknokratis2026,DecisionTree,rerank
AHP_WSM_20_vs_Historis_Teknokratis2026_Final,70,A_only,taal batang kulur - sp 3 muara prg agung,Taal Batang Kulur - Sp. 3 Muara Prg Agung,19,,normatif_20,AHP_WSM,,refined_rerank_teknokratis2026,DecisionTree,rerank
AHP_WSM_20_vs_Historis_Teknokratis2026_Final,70,A_only,newangsekarti - desa gambah luar muka,Newangsekarti - Ds. Gambah Luar Muka,20,,normatif_20,AHP_WSM,,refined_rerank_teknokratis2026,DecisionTree,rerank
AHP_WSM_20_vs_Historis_Teknokratis2026_Final,70,A_only,papancan - desa tanah bangkang,Papancan - Ds. Tanah Bangkang,21,,normatif_20,AHP_WSM,,refined_rerank_teknokratis2026,DecisionTree,rerank
AHP_WSM_20_vs_Historis_Teknokratis2026_Final,70,A_only,air miris - desa wasah hilir,Air Miris - Ds. Wasah Hilir,22,,normatif_20,AHP_WSM,,refined_rerank_teknokratis2026,DecisionTree,rerank
AHP_WSM_20_vs_Historis_Teknokratis2026_Final,70,A_only,kolonel sugiono,Kolonel Sugiono,23,,normatif_20,AHP_WSM,,refined_rerank_teknokratis2026,DecisionTree,rerank
AHP_WSM_20_vs_Historis_Teknokratis2026_Final,70,A_only,aes nasution,AES Nasution,24,,normatif_20,AHP_WSM,,refined_rerank_teknokratis2026,DecisionTree,rerank
AHP_WSM_20_vs_Historis_Teknokratis2026_Final,70,A_only,musyawarah nagara,Musyawarah (Nagara),25,,normatif_20,AHP_WSM,,refined_rerank_teknokratis2026,DecisionTree,rerank
AHP_WSM_20_vs_Historis_Teknokratis2026_Final,70,A_only,pertanian - desa wasah tengah,Pertanian - Ds. Wasah Tengah,26,,normatif_20,AHP_WSM,,refined_rerank_teknokratis2026,DecisionTree,rerank
AHP_WSM_20_vs_Historis_Teknokratis2026_Final,70,A_only,wasah hilir - sarang halang,Wasah Hilir - Sarang Halang,28,,normatif_20,AHP_WSM,,refined_rerank_teknokratis2026,DecisionTree,rerank
AHP_WSM_20_vs_Historis_Teknokratis2026_Final,70,A_only,karang intan - tanah bangkang,Karang Intan - Tanah Bangkang,30,,normatif_20,AHP_WSM,,refined_rerank_teknokratis2026,DecisionTree,rerank
AHP_WSM_20_vs_Historis_Teknokratis2026_Final,70,A_only,haritas pt pertani,Haritas (PT. Pertani),31,,normatif_20,AHP_WSM,,refined_rerank_teknokratis2026,DecisionTree,rerank
AHP_WSM_20_vs_Historis_Teknokratis2026_Final,70,A_only,tawia - kayu abang,Tawia - Kayu Abang,33,,normatif_20,AHP_WSM,,refined_rerank_teknokratis2026,DecisionTree,rerank
AHP_WSM_20_vs_Historis_Teknokratis2026_Final,70,A_only,bina bakat,Bina Bakat,34,,normatif_20,AHP_WSM,,refined_rerank_teknokratis2026,DecisionTree,rerank
AHP_WSM_20_vs_Historis_Teknokratis2026_Final,70,A_only,sp 4 banjarbaru - pihanin raya,SP.4. Banjarbaru - Pihanin Raya,35,,normatif_20,AHP_WSM,,refined_rerank_teknokratis2026,DecisionTree,rerank
AHP_WSM_20_vs_Historis_Teknokratis2026_Final,70,A_only,slasa garih - desa kapuh,Slasa Garih - Ds. Kapuh,36,,normatif_20,AHP_WSM,,refined_rerank_teknokratis2026,DecisionTree,rerank
AHP_WSM_20_vs_Historis_Teknokratis2026_Final,70,A_only,gerilya - desa simpur,Gerilya - Ds. Simpur,37,,normatif_20,AHP_WSM,,refined_rerank_teknokratis2026,DecisionTree,rerank
AHP_WSM_20_vs_Historis_Teknokratis2026_Final,70,A_only,kalumpang - baruh,Kalumpang - Baruh,38,,normatif_20,AHP_WSM,,refined_rerank_teknokratis2026,DecisionTree,rerank
AHP_WSM_20_vs_Historis_Teknokratis2026_Final,70,A_only,jangkang - desa wasah hilir,Jangkang - Ds. Wasah Hilir,39,,normatif_20,AHP_WSM,,refined_rerank_teknokratis2026,DecisionTree,rerank
AHP_WSM_20_vs_Historis_Teknokratis2026_Final,70,A_only,karampaci - desa kapuh,Karampaci - Ds. Kapuh,41,,normatif_20,AHP_WSM,,refined_rerank_teknokratis2026,DecisionTree,rerank
AHP_WSM_20_vs_Historis_Teknokratis2026_Final,70,A_only,desa kapuh tengah menuju majelis talim,Ds. Kapuh Tengah (Menuju Majelis Talim),42,,normatif_20,AHP_WSM,,refined_rerank_teknokratis2026,DecisionTree,rerank
AHP_WSM_20_vs_Historis_Teknokratis2026_Final,70,A_only,hamalau - asam cangkok,Hamalau - Asam Cangkok,43,,normatif_20,AHP_WSM,,refined_rerank_teknokratis2026,DecisionTree,rerank
AHP_WSM_20_vs_Historis_Teknokratis2026_Final,70,A_only,teratai menuju komp perumnas hamalau,Teratai Menuju Komplek Perumnas Hamalau,44,,normatif_20,AHP_WSM,,refined_rerank_teknokratis2026,DecisionTree,rerank
AHP_WSM_20_vs_Historis_Teknokratis2026_Final,70,A_only,simpur - simp bilui,Simpur - Simp. Bilui,45,,normatif_20,AHP_WSM,,refined_rerank_teknokratis2026,DecisionTree,rerank
AHP_WSM_20_vs_Historis_Teknokratis2026_Final,70,A_only,sei kacil i - kapuh padang,Sungai Kacil I - Kapuh Padang,46,,normatif_20,AHP_WSM,,refined_rerank_teknokratis2026,DecisionTree,rerank
AHP_WSM_20_vs_Historis_Teknokratis2026_Final,70,A_only,papagaran - desa amawang kanan,Papagaran - Ds. Amawang Kanan,47,,normatif_20,AHP_WSM,,refined_rerank_teknokratis2026,DecisionTree,rerank
AHP_WSM_20_vs_Historis_Teknokratis2026_Final,70,A_only,munggu raya - desa hariti,Munggu Raya - Ds. Hariti,48,,normatif_20,AHP_WSM,,refined_rerank_teknokratis2026,DecisionTree,rerank
AHP_WSM_20_vs_Historis_Teknokratis2026_Final,70,A_only,halayung - hantarukung,Halayung - Hantarukung,49,,normatif_20,AHP_WSM,,refined_rerank_teknokratis2026,DecisionTree,rerank
AHP_WSM_20_vs_Historis_Teknokratis2026_Final,70,A_only,ambarai - madang,Ambarai - Madang,50,,normatif_20,AHP_WSM,,refined_rerank_teknokratis2026,DecisionTree,rerank
AHP_WSM_20_vs_Historis_Teknokratis2026_Final,70,A_only,pianggu,Pianggu,51,,normatif_20,AHP_WSM,,refined_rerank_teknokratis2026,DecisionTree,rerank
AHP_WSM_20_vs_Historis_Teknokratis2026_Final,70,A_only,kalimput desa wasah hilir,Kalimput Desa Wasah Hilir,52,,normatif_20,AHP_WSM,,refined_rerank_teknokratis2026,DecisionTree,rerank
AHP_WSM_20_vs_Historis_Teknokratis2026_Final,70,A_only,at - taubah - desa kapuh,At-Taubah - Ds. Kapuh,53,,normatif_20,AHP_WSM,,refined_rerank_teknokratis2026,DecisionTree,rerank
AHP_WSM_20_vs_Historis_Teknokratis2026_Final,70,A_only,al - ikhlas - desa baluti,Al - Ikhlas - Ds. Baluti,54,,normatif_20,AHP_WSM,,refined_rerank_teknokratis2026,DecisionTree,rerank
AHP_WSM_20_vs_Historis_Teknokratis2026_Final,70,A_only,rawati - desa panjampang bahagia,Rawati - Ds. Panjampang Bahagia,55,,normatif_20,AHP_WSM,,refined_rerank_teknokratis2026,DecisionTree,rerank
AHP_WSM_20_vs_Historis_Teknokratis2026_Final,70,A_only,firdaus - desa kapuh,Firdaus - Ds. Kapuh,56,,normatif_20,AHP_WSM,,refined_rerank_teknokratis2026,DecisionTree,rerank
AHP_WSM_20_vs_Historis_Teknokratis2026_Final,70,A_only,sei kacil ii,Sungai Kacil II,57,,normatif_20,AHP_WSM,,refined_rerank_teknokratis2026,DecisionTree,rerank
AHP_WSM_20_vs_Historis_Teknokratis2026_Final,70,A_only,banua kambang - desa wasah tengah,Banua Kambang - Ds. Wasah Tengah,58,,normatif_20,AHP_WSM,,refined_rerank_teknokratis2026,DecisionTree,rerank
AHP_WSM_20_vs_Historis_Teknokratis2026_Final,70,A_only,negara - tumbukan banyu,Negara - Tumbukan Banyu,59,,normatif_20,AHP_WSM,,refined_rerank_teknokratis2026,DecisionTree,rerank
AHP_WSM_20_vs_Historis_Teknokratis2026_Final,70,A_only,sirih - taro,Sirih - Taro,60,,normatif_20,AHP_WSM,,refined_rerank_teknokratis2026,DecisionTree,rerank
AHP_WSM_20_vs_Historis_Teknokratis2026_Final,70,A_only,tembok kacil sei kudung,Tembok Kacil. Sei. Kudung,62,,normatif_20,AHP_WSM,,refined_rerank_teknokratis2026,DecisionTree,rerank
AHP_WSM_20_vs_Historis_Teknokratis2026_Final,70,A_only,balaimas - hanau,Balaimas - Hanau,63,,normatif_20,AHP_WSM,,refined_rerank_teknokratis2026,DecisionTree,rerank
AHP_WSM_20_vs_Historis_Teknokratis2026_Final,70,A_only,h saim garunggang - kalimput,H. Saim Garunggang - Kalimput,64,,normatif_20,AHP_WSM,,refined_rerank_teknokratis2026,DecisionTree,rerank
AHP_WSM_20_vs_Historis_Teknokratis2026_Final,70,A_only,taminung,Taminung,65,,normatif_20,AHP_WSM,,refined_rerank_teknokratis2026,DecisionTree,rerank
AHP_WSM_20_vs_Historis_Teknokratis2026_Final,70,A_only,bayanan - habirau tengah,Bayanan - Habirau Tengah,66,,normatif_20,AHP_WSM,,refined_rerank_teknokratis2026,DecisionTree,rerank
AHP_WSM_20_vs_Historis_Teknokratis2026_Final,70,A_only,kh ramli - desa amparaya,KH. Ramli - DS. Amparaya,67,,normatif_20,AHP_WSM,,refined_rerank_teknokratis2026,DecisionTree,rerank
AHP_WSM_20_vs_Historis_Teknokratis2026_Final,70,A_only,telaga banta - patigan,Telaga Banta - Patigan,68,,normatif_20,AHP_WSM,,refined_rerank_teknokratis2026,DecisionTree,rerank
AHP_WSM_20_vs_Historis_Teknokratis2026_Final,70,A_only,paharuangan - sei raya selatan,Paharuangan - Sei. Raya Selatan,69,,normatif_20,AHP_WSM,,refined_rerank_teknokratis2026,DecisionTree,rerank
AHP_WSM_20_vs_Historis_Teknokratis2026_Final,70,A_only,pendawa - desa tebing tinggi,Pendawa - Ds. Tebing Tinggi,70,,normatif_20,AHP_WSM,,refined_rerank_teknokratis2026,DecisionTree,rerank
AHP_WSM_20_vs_Historis_Teknokratis2026_Final,70,B_only,wasah hulu - amparaya - simpur,wasah hulu – amparaya – simpur,,2,normatif_20,AHP_WSM,,refined_rerank_teknokratis2026,DecisionTree,rerank
AHP_WSM_20_vs_Historis_Teknokratis2026_Final,70,B_only,taniran selatan kubah - buntut taniran wawaran,taniran selatan kubah – buntut taniran wawaran,,3,normatif_20,AHP_WSM,,refined_rerank_teknokratis2026,DecisionTree,rerank
AHP_WSM_20_vs_Historis_Teknokratis2026_Final,70,B_only,sei paring - sei hanyar pantai ulin,sei paring – sei hanyar pantai ulin,,4,normatif_20,AHP_WSM,,refined_rerank_teknokratis2026,DecisionTree,rerank
AHP_WSM_20_vs_Historis_Teknokratis2026_Final,70,B_only,padang batung - batulaki - malilingin,padang batung – batulaki – malilingin,,5,normatif_20,AHP_WSM,,refined_rerank_teknokratis2026,DecisionTree,rerank
AHP_WSM_20_vs_Historis_Teknokratis2026_Final,70,B_only,angkinang - kayu abang - panggang hijau,angkinang – kayu abang – panggang hijau,,6,normatif_20,AHP_WSM,,refined_rerank_teknokratis2026,DecisionTree,rerank
AHP_WSM_20_vs_Historis_Teknokratis2026_Final,70,B_only,bajayau - desa bajayau tengah,bajayau – desa bajayau tengah,,7,normatif_20,AHP_WSM,,refined_rerank_teknokratis2026,DecisionTree,rerank
AHP_WSM_20_vs_Historis_Teknokratis2026_Final,70,B_only,sp 4 mesjid sirih - sarang nyamuk - asam tamiyang,sp 4 mesjid sirih – sarang nyamuk – asam tamiyang,,8,normatif_20,AHP_WSM,,refined_rerank_teknokratis2026,DecisionTree,rerank
AHP_WSM_20_vs_Historis_Teknokratis2026_Final,70,B_only,sei raya selatan - malutu - goa berangin,sei raya selatan – malutu – goa berangin,,9,normatif_20,AHP_WSM,,refined_rerank_teknokratis2026,DecisionTree,rerank
AHP_WSM_20_vs_Historis_Teknokratis2026_Final,70,B_only,mandapai - madang,mandapai – madang,,10,normatif_20,AHP_WSM,,refined_rerank_teknokratis2026,DecisionTree,rerank
AHP_WSM_20_vs_Historis_Teknokratis2026_Final,70,B_only,siang gantung - desa baru,siang gantung – desa baru,,11,normatif_20,AHP_WSM,,refined_rerank_teknokratis2026,DecisionTree,rerank
AHP_WSM_20_vs_Historis_Teknokratis2026_Final,70,B_only,malinau - katingin - kamawakan,malinau – katingin – kamawakan,,12,normatif_20,AHP_WSM,,refined_rerank_teknokratis2026,DecisionTree,rerank
AHP_WSM_20_vs_Historis_Teknokratis2026_Final,70,B_only,halunuk - riam tajam talo - hamak umpaya,halunuk – riam tajam talo – hamak umpaya,,13,normatif_20,AHP_WSM,,refined_rerank_teknokratis2026,DecisionTree,rerank
AHP_WSM_20_vs_Historis_Teknokratis2026_Final,70,B_only,gumbil - masimpan,gumbil – masimpan,,14,normatif_20,AHP_WSM,,refined_rerank_teknokratis2026,DecisionTree,rerank
AHP_WSM_20_vs_Historis_Teknokratis2026_Final,70,B_only,tanuhi - ulang,tanuhi – ulang,,15,normatif_20,AHP_WSM,,refined_rerank_teknokratis2026,DecisionTree,rerank
AHP_WSM_20_vs_Historis_Teknokratis2026_Final,70,B_only,angkinang selatan - tawia - wawaran,angkinang selatan – tawia – wawaran,,16,normatif_20,AHP_WSM,,refined_rerank_teknokratis2026,DecisionTree,rerank
AHP_WSM_20_vs_Historis_Teknokratis2026_Final,70,B_only,panggang hijau - desa tawar,panggang hijau – desa tawar,,20,normatif_20,AHP_WSM,,refined_rerank_teknokratis2026,DecisionTree,rerank
AHP_WSM_20_vs_Historis_Teknokratis2026_Final,70,B_only,rel angkinang,rel angkinang – angkinang,,21,normatif_20,AHP_WSM,,refined_rerank_teknokratis2026,DecisionTree,rerank
AHP_WSM_20_vs_Historis_Teknokratis2026_Final,70,B_only,tabihi - telaga langsat,tabihi – telaga langsat,,22,normatif_20,AHP_WSM,,refined_rerank_teknokratis2026,DecisionTree,rerank
AHP_WSM_20_vs_Historis_Teknokratis2026_Final,70,B_only,malilingin - lokbahan - paniungan,malilingin – lokbahan – paniungan,,23,normatif_20,AHP_WSM,,refined_rerank_teknokratis2026,DecisionTree,rerank
AHP_WSM_20_vs_Historis_Teknokratis2026_Final,70,B_only,sei raya - jambu hulu paku,sei raya – jambu hulu paku,,24,normatif_20,AHP_WSM,,refined_rerank_teknokratis2026,DecisionTree,rerank
AHP_WSM_20_vs_Historis_Teknokratis2026_Final,70,B_only,h m thaib,h m thaib,,25,normatif_20,AHP_WSM,,refined_rerank_teknokratis2026,DecisionTree,rerank
AHP_WSM_20_vs_Historis_Teknokratis2026_Final,70,B_only,sp empat lungau - bangkau,sp empat lungau – bangkau,,26,normatif_20,AHP_WSM,,refined_rerank_teknokratis2026,DecisionTree,rerank
AHP_WSM_20_vs_Historis_Teknokratis2026_Final,70,B_only,sp empat lungau - garis,sp empat lungau – garis,,27,normatif_20,AHP_WSM,,refined_rerank_teknokratis2026,DecisionTree,rerank
AHP_WSM_20_vs_Historis_Teknokratis2026_Final,70,B_only,ida manggala - padang makmur,ida manggala – padang makmur,,28,normatif_20,AHP_WSM,,refined_rerank_teknokratis2026,DecisionTree,rerank
AHP_WSM_20_vs_Historis_Teknokratis2026_Final,70,B_only,teluk haur ii,teluk haur ii,,29,normatif_20,AHP_WSM,,refined_rerank_teknokratis2026,DecisionTree,rerank
AHP_WSM_20_vs_Historis_Teknokratis2026_Final,70,B_only,anjiran rantauan - desa taniran tengah,anjiran rantauan – desa taniran tengah,,30,normatif_20,AHP_WSM,,refined_rerank_teknokratis2026,DecisionTree,rerank
AHP_WSM_20_vs_Historis_Teknokratis2026_Final,70,B_only,jarau - parandakan,jarau – parandakan,,31,normatif_20,AHP_WSM,,refined_rerank_teknokratis2026,DecisionTree,rerank
AHP_WSM_20_vs_Historis_Teknokratis2026_Final,70,B_only,amd - desa lok binuang,amd – desa lok binuang,,32,normatif_20,AHP_WSM,,refined_rerank_teknokratis2026,DecisionTree,rerank
AHP_WSM_20_vs_Historis_Teknokratis2026_Final,70,B_only,loksado - haratai,loksado – haratai,,34,normatif_20,AHP_WSM,,refined_rerank_teknokratis2026,DecisionTree,rerank
AHP_WSM_20_vs_Historis_Teknokratis2026_Final,70,B_only,hariti - sei raya selatan,hariti – sei raya selatan,,35,normatif_20,AHP_WSM,,refined_rerank_teknokratis2026,DecisionTree,rerank
AHP_WSM_20_vs_Historis_Teknokratis2026_Final,70,B_only,bago tanggul - katilang - teratai,bago tanggul – katilang – teratai,,37,normatif_20,AHP_WSM,,refined_rerank_teknokratis2026,DecisionTree,rerank
AHP_WSM_20_vs_Historis_Teknokratis2026_Final,70,B_only,malinau - kandihin,malinau – kandihin,,38,normatif_20,AHP_WSM,,refined_rerank_teknokratis2026,DecisionTree,rerank
AHP_WSM_20_vs_Historis_Teknokratis2026_Final,70,B_only,sei mandala murung raya,sei mandala murung raya,,39,normatif_20,AHP_WSM,,refined_rerank_teknokratis2026,DecisionTree,rerank
AHP_WSM_20_vs_Historis_Teknokratis2026_Final,70,B_only,bayanan - pihanin,bayanan – pihanin,,40,normatif_20,AHP_WSM,,refined_rerank_teknokratis2026,DecisionTree,rerank
AHP_WSM_20_vs_Historis_Teknokratis2026_Final,70,B_only,tambangan - desa baruh jaya,tambangan – desa baruh jaya,,41,normatif_20,AHP_WSM,,refined_rerank_teknokratis2026,DecisionTree,rerank
AHP_WSM_20_vs_Historis_Teknokratis2026_Final,70,B_only,badaun - desa bjayau lama,badaun – desa bjayau lama,,42,normatif_20,AHP_WSM,,refined_rerank_teknokratis2026,DecisionTree,rerank
AHP_WSM_20_vs_Historis_Teknokratis2026_Final,70,B_only,pakan dalam - kaminting batu,pakan dalam – kaminting batu,,43,normatif_20,AHP_WSM,,refined_rerank_teknokratis2026,DecisionTree,rerank
AHP_WSM_20_vs_Historis_Teknokratis2026_Final,70,B_only,asam cangkuk - telaga bidadari,asam cangkuk – telaga bidadari,,44,normatif_20,AHP_WSM,,refined_rerank_teknokratis2026,DecisionTree,rerank
AHP_WSM_20_vs_Historis_Teknokratis2026_Final,70,B_only,palajau - desa baluti,palajau – desa baluti,,45,normatif_20,AHP_WSM,,refined_rerank_teknokratis2026,DecisionTree,rerank
AHP_WSM_20_vs_Historis_Teknokratis2026_Final,70,B_only,guru h izim - desa pantai ulin,guru h izim – desa pantai ulin,,46,normatif_20,AHP_WSM,,refined_rerank_teknokratis2026,DecisionTree,rerank
AHP_WSM_20_vs_Historis_Teknokratis2026_Final,70,B_only,pandak daun buntut muradiyah - pakan dalam,pandak daun buntut muradiyah – pakan dalam,,47,normatif_20,AHP_WSM,,refined_rerank_teknokratis2026,DecisionTree,rerank
AHP_WSM_20_vs_Historis_Teknokratis2026_Final,70,B_only,tukang garit tambangan,tukang garit tambangan,,48,normatif_20,AHP_WSM,,refined_rerank_teknokratis2026,DecisionTree,rerank
AHP_WSM_20_vs_Historis_Teknokratis2026_Final,70,B_only,tanjung selor - desa badaun,tanjung selor – desa badaun,,49,normatif_20,AHP_WSM,,refined_rerank_teknokratis2026,DecisionTree,rerank
AHP_WSM_20_vs_Historis_Teknokratis2026_Final,70,B_only,loklahung - malaris,loklahung – malaris,,50,normatif_20,AHP_WSM,,refined_rerank_teknokratis2026,DecisionTree,rerank
AHP_WSM_20_vs_Historis_Teknokratis2026_Final,70,B_only,haratai 2 balai ujung atas sdn haratai2,haratai 2 balai ujung atas sdn haratai2,,51,normatif_20,AHP_WSM,,refined_rerank_teknokratis2026,DecisionTree,rerank
AHP_WSM_20_vs_Historis_Teknokratis2026_Final,70,B_only,palas - desa wasah tengah,palas – desa wasah tengah,,52,normatif_20,AHP_WSM,,refined_rerank_teknokratis2026,DecisionTree,rerank
AHP_WSM_20_vs_Historis_Teknokratis2026_Final,70,B_only,tanah habang - desa simpur,tanah habang – desa simpur,,53,normatif_20,AHP_WSM,,refined_rerank_teknokratis2026,DecisionTree,rerank
AHP_WSM_20_vs_Historis_Teknokratis2026_Final,70,B_only,kaminting batu,kaminting batu,,54,normatif_20,AHP_WSM,,refined_rerank_teknokratis2026,DecisionTree,rerank
AHP_WSM_20_vs_Historis_Teknokratis2026_Final,70,B_only,bamban selatan - tanggang - panggang hijau,bamban selatan – tanggang – panggang hijau,,55,normatif_20,AHP_WSM,,refined_rerank_teknokratis2026,DecisionTree,rerank
AHP_WSM_20_vs_Historis_Teknokratis2026_Final,70,B_only,manggis - desa baru,manggis – desa baru,,56,normatif_20,AHP_WSM,,refined_rerank_teknokratis2026,DecisionTree,rerank
AHP_WSM_20_vs_Historis_Teknokratis2026_Final,70,B_only,kampung kawat,kampung kawat,,57,normatif_20,AHP_WSM,,refined_rerank_teknokratis2026,DecisionTree,rerank
AHP_WSM_20_vs_Historis_Teknokratis2026_Final,70,B_only,sukaramai - keramat,sukaramai – keramat,,58,normatif_20,AHP_WSM,,refined_rerank_teknokratis2026,DecisionTree,rerank
AHP_WSM_20_vs_Historis_Teknokratis2026_Final,70,B_only,gerilya depan pustu habirau,gerilya depan pustu habirau,,59,normatif_20,AHP_WSM,,refined_rerank_teknokratis2026,DecisionTree,rerank
AHP_WSM_20_vs_Historis_Teknokratis2026_Final,70,B_only,tungkaran - desa ulin,tungkaran – desa ulin,,60,normatif_20,AHP_WSM,,refined_rerank_teknokratis2026,DecisionTree,rerank
AHP_WSM_20_vs_Historis_Teknokratis2026_Final,70,B_only,asam duhat - desa pantai ulin,asam duhat – desa pantai ulin,,61,normatif_20,AHP_WSM,,refined_rerank_teknokratis2026,DecisionTree,rerank
AHP_WSM_20_vs_Historis_Teknokratis2026_Final,70,B_only,kayu abang - desa anjiran,kayu abang – desa anjiran,,62,normatif_20,AHP_WSM,,refined_rerank_teknokratis2026,DecisionTree,rerank
AHP_WSM_20_vs_Historis_Teknokratis2026_Final,70,B_only,mangaris - limau manis,mangaris – limau manis,,63,normatif_20,AHP_WSM,,refined_rerank_teknokratis2026,DecisionTree,rerank
AHP_WSM_20_vs_Historis_Teknokratis2026_Final,70,B_only,halaban,halaban,,64,normatif_20,AHP_WSM,,refined_rerank_teknokratis2026,DecisionTree,rerank
AHP_WSM_20_vs_Historis_Teknokratis2026_Final,70,B_only,tamiyang - desa tamiyang eks,tamiyang – desa tamiyang eks,,65,normatif_20,AHP_WSM,,refined_rerank_teknokratis2026,DecisionTree,rerank
AHP_WSM_20_vs_Historis_Teknokratis2026_Final,70,B_only,talapak manuk - desa kapuh,talapak manuk – desa kapuh,,66,normatif_20,AHP_WSM,,refined_rerank_teknokratis2026,DecisionTree,rerank
AHP_WSM_20_vs_Historis_Teknokratis2026_Final,70,B_only,gang bidan desa tambak bitin,gang bidan desa tambak bitin,,67,normatif_20,AHP_WSM,,refined_rerank_teknokratis2026,DecisionTree,rerank
AHP_WSM_20_vs_Historis_Teknokratis2026_Final,70,B_only,bamban tibung - martajiwa,bamban tibung – martajiwa,,68,normatif_20,AHP_WSM,,refined_rerank_teknokratis2026,DecisionTree,rerank
AHP_WSM_20_vs_Historis_Teknokratis2026_Final,70,B_only,sei namang - desa tanah bangkang,sei namang – desa tanah bangkang,,69,normatif_20,AHP_WSM,,refined_rerank_teknokratis2026,DecisionTree,rerank
AHP_WSM_20_vs_Historis_Teknokratis2026_Final,70,B_only,teluk haur i,teluk haur i,,70,normatif_20,AHP_WSM,,refined_rerank_teknokratis2026,DecisionTree,rerank
AHP_WSM_20_vs_Historis_Teknokratis2026_Final,105,overlap,panglima batur,Panglima Batur,1,101,normatif_20,AHP_WSM,,refined_rerank_teknokratis2026,DecisionTree,rerank
AHP_WSM_20_vs_Historis_Teknokratis2026_Final,105,overlap,aluh idut,Aluh Idut,2,100,normatif_20,AHP_WSM,,refined_rerank_teknokratis2026,DecisionTree,rerank
AHP_WSM_20_vs_Historis_Teknokratis2026_Final,105,overlap,anggrek,Anggrek,10,105,normatif_20,AHP_WSM,,refined_rerank_teknokratis2026,DecisionTree,rerank
AHP_WSM_20_vs_Historis_Teknokratis2026_Final,105,overlap,teluk mesjid - sp 4 muara banta,Teluk Mesjid - Sp. 4 Muara Banta,13,87,normatif_20,AHP_WSM,,refined_rerank_teknokratis2026,DecisionTree,rerank
AHP_WSM_20_vs_Historis_Teknokratis2026_Final,105,overlap,angkinang - telaga langsat,Angkinang - Telaga Langsat,16,17,normatif_20,AHP_WSM,,refined_rerank_teknokratis2026,DecisionTree,rerank
AHP_WSM_20_vs_Historis_Teknokratis2026_Final,105,overlap,taal batang kulur - sp 3 muara prg agung,Taal Batang Kulur - Sp. 3 Muara Prg Agung,19,73,normatif_20,AHP_WSM,,refined_rerank_teknokratis2026,DecisionTree,rerank
AHP_WSM_20_vs_Historis_Teknokratis2026_Final,105,overlap,tumbukan banyu - banua hanyar,Tumbukan Banyu - Banua Hanyar,27,19,normatif_20,AHP_WSM,,refined_rerank_teknokratis2026,DecisionTree,rerank
AHP_WSM_20_vs_Historis_Teknokratis2026_Final,105,overlap,amawang muka - getek,Amawang Muka - Getek,29,18,normatif_20,AHP_WSM,,refined_rerank_teknokratis2026,DecisionTree,rerank
AHP_WSM_20_vs_Historis_Teknokratis2026_Final,105,overlap,karang intan - tanah bangkang,Karang Intan - Tanah Bangkang,30,71,normatif_20,AHP_WSM,,refined_rerank_teknokratis2026,DecisionTree,rerank
AHP_WSM_20_vs_Historis_Teknokratis2026_Final,105,overlap,singakarsa - palas,Singakarsa - Palas,32,1,normatif_20,AHP_WSM,,refined_rerank_teknokratis2026,DecisionTree,rerank
AHP_WSM_20_vs_Historis_Teknokratis2026_Final,105,overlap,pandan sari - desa angkinang,Pandan Sari - Ds. Angkinang,40,36,normatif_20,AHP_WSM,,refined_rerank_teknokratis2026,DecisionTree,rerank
AHP_WSM_20_vs_Historis_Teknokratis2026_Final,105,overlap,kalimput desa wasah hilir,Kalimput Desa Wasah Hilir,52,97,normatif_20,AHP_WSM,,refined_rerank_teknokratis2026,DecisionTree,rerank
AHP_WSM_20_vs_Historis_Teknokratis2026_Final,105,overlap,negara - tumbukan banyu,Negara - Tumbukan Banyu,59,94,normatif_20,AHP_WSM,,refined_rerank_teknokratis2026,DecisionTree,rerank
AHP_WSM_20_vs_Historis_Teknokratis2026_Final,105,overlap,sirih - taro,Sirih - Taro,60,98,normatif_20,AHP_WSM,,refined_rerank_teknokratis2026,DecisionTree,rerank
AHP_WSM_20_vs_Historis_Teknokratis2026_Final,105,overlap,kalumpang - balimau,Kalumpang - Balimau,61,33,normatif_20,AHP_WSM,,refined_rerank_teknokratis2026,DecisionTree,rerank
AHP_WSM_20_vs_Historis_Teknokratis2026_Final,105,overlap,ks tubun,KS. Tubun,75,83,normatif_20,AHP_WSM,,refined_rerank_teknokratis2026,DecisionTree,rerank
AHP_WSM_20_vs_Historis_Teknokratis2026_Final,105,overlap,kandangan hulu - sp tabihi,Kandangan Hulu - Sp. Tabihi,76,104,normatif_20,AHP_WSM,,refined_rerank_teknokratis2026,DecisionTree,rerank
AHP_WSM_20_vs_Historis_Teknokratis2026_Final,105,overlap,sei durian - desa gumbil,Sungai Durian - Ds. Gumbil,80,86,normatif_20,AHP_WSM,,refined_rerank_teknokratis2026,DecisionTree,rerank
AHP_WSM_20_vs_Historis_Teknokratis2026_Final,105,overlap,wasah hulu - amparaya - simpur,Wasah Hulu - Amparaya - Simpur,93,2,normatif_20,AHP_WSM,,refined_rerank_teknokratis2026,DecisionTree,rerank
AHP_WSM_20_vs_Historis_Teknokratis2026_Final,105,overlap,taniran selatan kubah - buntut taniran wawaran,Taniran Selatan Kubah - Buntut Taniran / Wawaran,94,3,normatif_20,AHP_WSM,,refined_rerank_teknokratis2026,DecisionTree,rerank
AHP_WSM_20_vs_Historis_Teknokratis2026_Final,105,overlap,pangeran antasari - loklua,Pangeran Antasari - Loklua,96,82,normatif_20,AHP_WSM,,refined_rerank_teknokratis2026,DecisionTree,rerank
AHP_WSM_20_vs_Historis_Teknokratis2026_Final,105,overlap,rahmah bahran,Rahmah Bahran,97,103,normatif_20,AHP_WSM,,refined_rerank_teknokratis2026,DecisionTree,rerank
AHP_WSM_20_vs_Historis_Teknokratis2026_Final,105,overlap,tungkaran - desa ulin,Tungkaran - Ds. Ulin,102,60,normatif_20,AHP_WSM,,refined_rerank_teknokratis2026,DecisionTree,rerank
AHP_WSM_20_vs_Historis_Teknokratis2026_Final,105,A_only,merah johansyah - melati,Merah Johansyah - Melati,3,,normatif_20,AHP_WSM,,refined_rerank_teknokratis2026,DecisionTree,rerank
AHP_WSM_20_vs_Historis_Teknokratis2026_Final,105,A_only,pemuda,Pemuda,4,,normatif_20,AHP_WSM,,refined_rerank_teknokratis2026,DecisionTree,rerank
AHP_WSM_20_vs_Historis_Teknokratis2026_Final,105,A_only,bakarung - rantauan,Bakarung - Rantauan,5,,normatif_20,AHP_WSM,,refined_rerank_teknokratis2026,DecisionTree,rerank
AHP_WSM_20_vs_Historis_Teknokratis2026_Final,105,A_only,parindra,Parindra,6,,normatif_20,AHP_WSM,,refined_rerank_teknokratis2026,DecisionTree,rerank
AHP_WSM_20_vs_Historis_Teknokratis2026_Final,105,A_only,wasah tengah - sei tarap,Wasah Tengah - Sungai Tarap,7,,normatif_20,AHP_WSM,,refined_rerank_teknokratis2026,DecisionTree,rerank
AHP_WSM_20_vs_Historis_Teknokratis2026_Final,105,A_only,kesehatan - komp rmh dokter,Kesehatan - Komp. Rmh Dokter,8,,normatif_20,AHP_WSM,,refined_rerank_teknokratis2026,DecisionTree,rerank
AHP_WSM_20_vs_Historis_Teknokratis2026_Final,105,A_only,simpur - sp 3 muara paring agung,Simpur - Sp. 3 Muara Paring Agung,9,,normatif_20,AHP_WSM,,refined_rerank_teknokratis2026,DecisionTree,rerank
AHP_WSM_20_vs_Historis_Teknokratis2026_Final,105,A_only,wahab syahrani,Wahab Syahrani,11,,normatif_20,AHP_WSM,,refined_rerank_teknokratis2026,DecisionTree,rerank
AHP_WSM_20_vs_Historis_Teknokratis2026_Final,105,A_only,menuju stadion 2 desember,Menuju Stadion 2 Desember,12,,normatif_20,AHP_WSM,,refined_rerank_teknokratis2026,DecisionTree,rerank
AHP_WSM_20_vs_Historis_Teknokratis2026_Final,105,A_only,taniran selatan - rantauan,Taniran Selatan - Rantauan,14,,normatif_20,AHP_WSM,,refined_rerank_teknokratis2026,DecisionTree,rerank
AHP_WSM_20_vs_Historis_Teknokratis2026_Final,105,A_only,hamalau - pahampangan,Hamalau - Pahampangan,15,,normatif_20,AHP_WSM,,refined_rerank_teknokratis2026,DecisionTree,rerank
AHP_WSM_20_vs_Historis_Teknokratis2026_Final,105,A_only,tibung raya - asam cangkuk,Tibung Raya - Asam Cangkuk,17,,normatif_20,AHP_WSM,,refined_rerank_teknokratis2026,DecisionTree,rerank
AHP_WSM_20_vs_Historis_Teknokratis2026_Final,105,A_only,rantauan - sei baru pulau,Rantauan - Sungai Baru (Pulau),18,,normatif_20,AHP_WSM,,refined_rerank_teknokratis2026,DecisionTree,rerank
AHP_WSM_20_vs_Historis_Teknokratis2026_Final,105,A_only,newangsekarti - desa gambah luar muka,Newangsekarti - Ds. Gambah Luar Muka,20,,normatif_20,AHP_WSM,,refined_rerank_teknokratis2026,DecisionTree,rerank
AHP_WSM_20_vs_Historis_Teknokratis2026_Final,105,A_only,papancan - desa tanah bangkang,Papancan - Ds. Tanah Bangkang,21,,normatif_20,AHP_WSM,,refined_rerank_teknokratis2026,DecisionTree,rerank
AHP_WSM_20_vs_Historis_Teknokratis2026_Final,105,A_only,air miris - desa wasah hilir,Air Miris - Ds. Wasah Hilir,22,,normatif_20,AHP_WSM,,refined_rerank_teknokratis2026,DecisionTree,rerank
AHP_WSM_20_vs_Historis_Teknokratis2026_Final,105,A_only,kolonel sugiono,Kolonel Sugiono,23,,normatif_20,AHP_WSM,,refined_rerank_teknokratis2026,DecisionTree,rerank
AHP_WSM_20_vs_Historis_Teknokratis2026_Final,105,A_only,aes nasution,AES Nasution,24,,normatif_20,AHP_WSM,,refined_rerank_teknokratis2026,DecisionTree,rerank
AHP_WSM_20_vs_Historis_Teknokratis2026_Final,105,A_only,musyawarah nagara,Musyawarah (Nagara),25,,normatif_20,AHP_WSM,,refined_rerank_teknokratis2026,DecisionTree,rerank
AHP_WSM_20_vs_Historis_Teknokratis2026_Final,105,A_only,pertanian - desa wasah tengah,Pertanian - Ds. Wasah Tengah,26,,normatif_20,AHP_WSM,,refined_rerank_teknokratis2026,DecisionTree,rerank
AHP_WSM_20_vs_Historis_Teknokratis2026_Final,105,A_only,wasah hilir - sarang halang,Wasah Hilir - Sarang Halang,28,,normatif_20,AHP_WSM,,refined_rerank_teknokratis2026,DecisionTree,rerank
AHP_WSM_20_vs_Historis_Teknokratis2026_Final,105,A_only,haritas pt pertani,Haritas (PT. Pertani),31,,normatif_20,AHP_WSM,,refined_rerank_teknokratis2026,DecisionTree,rerank
AHP_WSM_20_vs_Historis_Teknokratis2026_Final,105,A_only,tawia - kayu abang,Tawia - Kayu Abang,33,,normatif_20,AHP_WSM,,refined_rerank_teknokratis2026,DecisionTree,rerank
AHP_WSM_20_vs_Historis_Teknokratis2026_Final,105,A_only,bina bakat,Bina Bakat,34,,normatif_20,AHP_WSM,,refined_rerank_teknokratis2026,DecisionTree,rerank
AHP_WSM_20_vs_Historis_Teknokratis2026_Final,105,A_only,sp 4 banjarbaru - pihanin raya,SP.4. Banjarbaru - Pihanin Raya,35,,normatif_20,AHP_WSM,,refined_rerank_teknokratis2026,DecisionTree,rerank
AHP_WSM_20_vs_Historis_Teknokratis2026_Final,105,A_only,slasa garih - desa kapuh,Slasa Garih - Ds. Kapuh,36,,normatif_20,AHP_WSM,,refined_rerank_teknokratis2026,DecisionTree,rerank
AHP_WSM_20_vs_Historis_Teknokratis2026_Final,105,A_only,gerilya - desa simpur,Gerilya - Ds. Simpur,37,,normatif_20,AHP_WSM,,refined_rerank_teknokratis2026,DecisionTree,rerank
AHP_WSM_20_vs_Historis_Teknokratis2026_Final,105,A_only,kalumpang - baruh,Kalumpang - Baruh,38,,normatif_20,AHP_WSM,,refined_rerank_teknokratis2026,DecisionTree,rerank
AHP_WSM_20_vs_Historis_Teknokratis2026_Final,105,A_only,jangkang - desa wasah hilir,Jangkang - Ds. Wasah Hilir,39,,normatif_20,AHP_WSM,,refined_rerank_teknokratis2026,DecisionTree,rerank
AHP_WSM_20_vs_Historis_Teknokratis2026_Final,105,A_only,karampaci - desa kapuh,Karampaci - Ds. Kapuh,41,,normatif_20,AHP_WSM,,refined_rerank_teknokratis2026,DecisionTree,rerank
AHP_WSM_20_vs_Historis_Teknokratis2026_Final,105,A_only,desa kapuh tengah menuju majelis talim,Ds. Kapuh Tengah (Menuju Majelis Talim),42,,normatif_20,AHP_WSM,,refined_rerank_teknokratis2026,DecisionTree,rerank
AHP_WSM_20_vs_Historis_Teknokratis2026_Final,105,A_only,hamalau - asam cangkok,Hamalau - Asam Cangkok,43,,normatif_20,AHP_WSM,,refined_rerank_teknokratis2026,DecisionTree,rerank
AHP_WSM_20_vs_Historis_Teknokratis2026_Final,105,A_only,teratai menuju komp perumnas hamalau,Teratai Menuju Komplek Perumnas Hamalau,44,,normatif_20,AHP_WSM,,refined_rerank_teknokratis2026,DecisionTree,rerank
AHP_WSM_20_vs_Historis_Teknokratis2026_Final,105,A_only,simpur - simp bilui,Simpur - Simp. Bilui,45,,normatif_20,AHP_WSM,,refined_rerank_teknokratis2026,DecisionTree,rerank
AHP_WSM_20_vs_Historis_Teknokratis2026_Final,105,A_only,sei kacil i - kapuh padang,Sungai Kacil I - Kapuh Padang,46,,normatif_20,AHP_WSM,,refined_rerank_teknokratis2026,DecisionTree,rerank
AHP_WSM_20_vs_Historis_Teknokratis2026_Final,105,A_only,papagaran - desa amawang kanan,Papagaran - Ds. Amawang Kanan,47,,normatif_20,AHP_WSM,,refined_rerank_teknokratis2026,DecisionTree,rerank
AHP_WSM_20_vs_Historis_Teknokratis2026_Final,105,A_only,munggu raya - desa hariti,Munggu Raya - Ds. Hariti,48,,normatif_20,AHP_WSM,,refined_rerank_teknokratis2026,DecisionTree,rerank
AHP_WSM_20_vs_Historis_Teknokratis2026_Final,105,A_only,halayung - hantarukung,Halayung - Hantarukung,49,,normatif_20,AHP_WSM,,refined_rerank_teknokratis2026,DecisionTree,rerank
AHP_WSM_20_vs_Historis_Teknokratis2026_Final,105,A_only,ambarai - madang,Ambarai - Madang,50,,normatif_20,AHP_WSM,,refined_rerank_teknokratis2026,DecisionTree,rerank
AHP_WSM_20_vs_Historis_Teknokratis2026_Final,105,A_only,pianggu,Pianggu,51,,normatif_20,AHP_WSM,,refined_rerank_teknokratis2026,DecisionTree,rerank
AHP_WSM_20_vs_Historis_Teknokratis2026_Final,105,A_only,at - taubah - desa kapuh,At-Taubah - Ds. Kapuh,53,,normatif_20,AHP_WSM,,refined_rerank_teknokratis2026,DecisionTree,rerank
AHP_WSM_20_vs_Historis_Teknokratis2026_Final,105,A_only,al - ikhlas - desa baluti,Al - Ikhlas - Ds. Baluti,54,,normatif_20,AHP_WSM,,refined_rerank_teknokratis2026,DecisionTree,rerank
AHP_WSM_20_vs_Historis_Teknokratis2026_Final,105,A_only,rawati - desa panjampang bahagia,Rawati - Ds. Panjampang Bahagia,55,,normatif_20,AHP_WSM,,refined_rerank_teknokratis2026,DecisionTree,rerank
AHP_WSM_20_vs_Historis_Teknokratis2026_Final,105,A_only,firdaus - desa kapuh,Firdaus - Ds. Kapuh,56,,normatif_20,AHP_WSM,,refined_rerank_teknokratis2026,DecisionTree,rerank
AHP_WSM_20_vs_Historis_Teknokratis2026_Final,105,A_only,sei kacil ii,Sungai Kacil II,57,,normatif_20,AHP_WSM,,refined_rerank_teknokratis2026,DecisionTree,rerank
AHP_WSM_20_vs_Historis_Teknokratis2026_Final,105,A_only,banua kambang - desa wasah tengah,Banua Kambang - Ds. Wasah Tengah,58,,normatif_20,AHP_WSM,,refined_rerank_teknokratis2026,DecisionTree,rerank
AHP_WSM_20_vs_Historis_Teknokratis2026_Final,105,A_only,tembok kacil sei kudung,Tembok Kacil. Sei. Kudung,62,,normatif_20,AHP_WSM,,refined_rerank_teknokratis2026,DecisionTree,rerank
AHP_WSM_20_vs_Historis_Teknokratis2026_Final,105,A_only,balaimas - hanau,Balaimas - Hanau,63,,normatif_20,AHP_WSM,,refined_rerank_teknokratis2026,DecisionTree,rerank
AHP_WSM_20_vs_Historis_Teknokratis2026_Final,105,A_only,h saim garunggang - kalimput,H. Saim Garunggang - Kalimput,64,,normatif_20,AHP_WSM,,refined_rerank_teknokratis2026,DecisionTree,rerank
AHP_WSM_20_vs_Historis_Teknokratis2026_Final,105,A_only,taminung,Taminung,65,,normatif_20,AHP_WSM,,refined_rerank_teknokratis2026,DecisionTree,rerank
AHP_WSM_20_vs_Historis_Teknokratis2026_Final,105,A_only,bayanan - habirau tengah,Bayanan - Habirau Tengah,66,,normatif_20,AHP_WSM,,refined_rerank_teknokratis2026,DecisionTree,rerank
AHP_WSM_20_vs_Historis_Teknokratis2026_Final,105,A_only,kh ramli - desa amparaya,KH. Ramli - DS. Amparaya,67,,normatif_20,AHP_WSM,,refined_rerank_teknokratis2026,DecisionTree,rerank
AHP_WSM_20_vs_Historis_Teknokratis2026_Final,105,A_only,telaga banta - patigan,Telaga Banta - Patigan,68,,normatif_20,AHP_WSM,,refined_rerank_teknokratis2026,DecisionTree,rerank
AHP_WSM_20_vs_Historis_Teknokratis2026_Final,105,A_only,paharuangan - sei raya selatan,Paharuangan - Sei. Raya Selatan,69,,normatif_20,AHP_WSM,,refined_rerank_teknokratis2026,DecisionTree,rerank
AHP_WSM_20_vs_Historis_Teknokratis2026_Final,105,A_only,pendawa - desa tebing tinggi,Pendawa - Ds. Tebing Tinggi,70,,normatif_20,AHP_WSM,,refined_rerank_teknokratis2026,DecisionTree,rerank
AHP_WSM_20_vs_Historis_Teknokratis2026_Final,105,A_only,pandak daun - baruh jaya - samuda,Pandak Daun - Baruh Jaya - Samuda,71,,normatif_20,AHP_WSM,,refined_rerank_teknokratis2026,DecisionTree,rerank
AHP_WSM_20_vs_Historis_Teknokratis2026_Final,105,A_only,kantor camat daha selatan ii,Kantor Camat Daha Selatan II,72,,normatif_20,AHP_WSM,,refined_rerank_teknokratis2026,DecisionTree,rerank
AHP_WSM_20_vs_Historis_Teknokratis2026_Final,105,A_only,lorong bupati,Lorong Bupati,73,,normatif_20,AHP_WSM,,refined_rerank_teknokratis2026,DecisionTree,rerank
AHP_WSM_20_vs_Historis_Teknokratis2026_Final,105,A_only,pajah api - desa kapuh,Pajah Api - Ds. Kapuh,74,,normatif_20,AHP_WSM,,refined_rerank_teknokratis2026,DecisionTree,rerank
AHP_WSM_20_vs_Historis_Teknokratis2026_Final,105,A_only,balanti - p3dt,Balanti - (Ex. P3DT),77,,normatif_20,AHP_WSM,,refined_rerank_teknokratis2026,DecisionTree,rerank
AHP_WSM_20_vs_Historis_Teknokratis2026_Final,105,A_only,goha - desa amawang kanan,Goha - Ds. Amawang Kanan,78,,normatif_20,AHP_WSM,,refined_rerank_teknokratis2026,DecisionTree,rerank
AHP_WSM_20_vs_Historis_Teknokratis2026_Final,105,A_only,angkakai - desa amawang kiri,Angkakai - Ds. Amawang Kiri,79,,normatif_20,AHP_WSM,,refined_rerank_teknokratis2026,DecisionTree,rerank
AHP_WSM_20_vs_Historis_Teknokratis2026_Final,105,A_only,batang kulur kiri - durian landung,Batang Kulur Kiri - Durian Landung,81,,normatif_20,AHP_WSM,,refined_rerank_teknokratis2026,DecisionTree,rerank
AHP_WSM_20_vs_Historis_Teknokratis2026_Final,105,A_only,mangamol - desa pantai ulin,Mangamol - Ds. Pantai Ulin,82,,normatif_20,AHP_WSM,,refined_rerank_teknokratis2026,DecisionTree,rerank
AHP_WSM_20_vs_Historis_Teknokratis2026_Final,105,A_only,sekolah islam sei pinang,Sekolah Islam (Sungai Pinang),83,,normatif_20,AHP_WSM,,refined_rerank_teknokratis2026,DecisionTree,rerank
AHP_WSM_20_vs_Historis_Teknokratis2026_Final,105,A_only,gambah dalam barat - mahulung,Gambah Dalam Barat - Mahulung,84,,normatif_20,AHP_WSM,,refined_rerank_teknokratis2026,DecisionTree,rerank
AHP_WSM_20_vs_Historis_Teknokratis2026_Final,105,A_only,satria,Satria,85,,normatif_20,AHP_WSM,,refined_rerank_teknokratis2026,DecisionTree,rerank
AHP_WSM_20_vs_Historis_Teknokratis2026_Final,105,A_only,matang gadung - halalang,Matang Gadung - Halalang,86,,normatif_20,AHP_WSM,,refined_rerank_teknokratis2026,DecisionTree,rerank
AHP_WSM_20_vs_Historis_Teknokratis2026_Final,105,A_only,pakan dalam ii,Pakan Dalam II,87,,normatif_20,AHP_WSM,,refined_rerank_teknokratis2026,DecisionTree,rerank
AHP_WSM_20_vs_Historis_Teknokratis2026_Final,105,A_only,harapan sdn habirau ii sei palangan,Harapan (SDN Habirau II)/ Sei. Palangan,88,,normatif_20,AHP_WSM,,refined_rerank_teknokratis2026,DecisionTree,rerank
AHP_WSM_20_vs_Historis_Teknokratis2026_Final,105,A_only,nusa indah,Nusa Indah,89,,normatif_20,AHP_WSM,,refined_rerank_teknokratis2026,DecisionTree,rerank
AHP_WSM_20_vs_Historis_Teknokratis2026_Final,105,A_only,pakan dalam iii,Pakan Dalam III,90,,normatif_20,AHP_WSM,,refined_rerank_teknokratis2026,DecisionTree,rerank
AHP_WSM_20_vs_Historis_Teknokratis2026_Final,105,A_only,baluti - jambu hulu paku,Baluti - Jambu Hulu (Paku),91,,normatif_20,AHP_WSM,,refined_rerank_teknokratis2026,DecisionTree,rerank
AHP_WSM_20_vs_Historis_Teknokratis2026_Final,105,A_only,brigjen katamso,Brigjen Katamso,92,,normatif_20,AHP_WSM,,refined_rerank_teknokratis2026,DecisionTree,rerank
AHP_WSM_20_vs_Historis_Teknokratis2026_Final,105,A_only,galuntang tayub - desa madang,Galuntang Tayub - Ds. Madang,95,,normatif_20,AHP_WSM,,refined_rerank_teknokratis2026,DecisionTree,rerank
AHP_WSM_20_vs_Historis_Teknokratis2026_Final,105,A_only,bakarung - tabihi - karang jawa,Bakarung -Tabihi - Karang Jawa,98,,normatif_20,AHP_WSM,,refined_rerank_teknokratis2026,DecisionTree,rerank
AHP_WSM_20_vs_Historis_Teknokratis2026_Final,105,A_only,longawang - gumbil,Longawang - Gumbil,99,,normatif_20,AHP_WSM,,refined_rerank_teknokratis2026,DecisionTree,rerank
AHP_WSM_20_vs_Historis_Teknokratis2026_Final,105,A_only,jangkang - pantai ulin,Jangkang - Pantai Ulin,100,,normatif_20,AHP_WSM,,refined_rerank_teknokratis2026,DecisionTree,rerank
AHP_WSM_20_vs_Historis_Teknokratis2026_Final,105,A_only,tanjungan - sp 10 batang kulur - sei kali,Tanjungan - Sp. 10 Batang Kulur - Sungai Kali,101,,normatif_20,AHP_WSM,,refined_rerank_teknokratis2026,DecisionTree,rerank
AHP_WSM_20_vs_Historis_Teknokratis2026_Final,105,A_only,tandik - desa wasah hilir,Tandik - Ds. Wasah Hilir,103,,normatif_20,AHP_WSM,,refined_rerank_teknokratis2026,DecisionTree,rerank
AHP_WSM_20_vs_Historis_Teknokratis2026_Final,105,A_only,hamalau - telaga bidadari - wasah hilir,Hamalau - Telaga Bidadari - Wasah Hilir,104,,normatif_20,AHP_WSM,,refined_rerank_teknokratis2026,DecisionTree,rerank
AHP_WSM_20_vs_Historis_Teknokratis2026_Final,105,A_only,pesantren muradiyah,Pesantren Muradiyah,105,,normatif_20,AHP_WSM,,refined_rerank_teknokratis2026,DecisionTree,rerank
AHP_WSM_20_vs_Historis_Teknokratis2026_Final,105,B_only,sei paring - sei hanyar pantai ulin,sei paring – sei hanyar pantai ulin,,4,normatif_20,AHP_WSM,,refined_rerank_teknokratis2026,DecisionTree,rerank
AHP_WSM_20_vs_Historis_Teknokratis2026_Final,105,B_only,padang batung - batulaki - malilingin,padang batung – batulaki – malilingin,,5,normatif_20,AHP_WSM,,refined_rerank_teknokratis2026,DecisionTree,rerank
AHP_WSM_20_vs_Historis_Teknokratis2026_Final,105,B_only,angkinang - kayu abang - panggang hijau,angkinang – kayu abang – panggang hijau,,6,normatif_20,AHP_WSM,,refined_rerank_teknokratis2026,DecisionTree,rerank
AHP_WSM_20_vs_Historis_Teknokratis2026_Final,105,B_only,bajayau - desa bajayau tengah,bajayau – desa bajayau tengah,,7,normatif_20,AHP_WSM,,refined_rerank_teknokratis2026,DecisionTree,rerank
AHP_WSM_20_vs_Historis_Teknokratis2026_Final,105,B_only,sp 4 mesjid sirih - sarang nyamuk - asam tamiyang,sp 4 mesjid sirih – sarang nyamuk – asam tamiyang,,8,normatif_20,AHP_WSM,,refined_rerank_teknokratis2026,DecisionTree,rerank
AHP_WSM_20_vs_Historis_Teknokratis2026_Final,105,B_only,sei raya selatan - malutu - goa berangin,sei raya selatan – malutu – goa berangin,,9,normatif_20,AHP_WSM,,refined_rerank_teknokratis2026,DecisionTree,rerank
AHP_WSM_20_vs_Historis_Teknokratis2026_Final,105,B_only,mandapai - madang,mandapai – madang,,10,normatif_20,AHP_WSM,,refined_rerank_teknokratis2026,DecisionTree,rerank
AHP_WSM_20_vs_Historis_Teknokratis2026_Final,105,B_only,siang gantung - desa baru,siang gantung – desa baru,,11,normatif_20,AHP_WSM,,refined_rerank_teknokratis2026,DecisionTree,rerank
AHP_WSM_20_vs_Historis_Teknokratis2026_Final,105,B_only,malinau - katingin - kamawakan,malinau – katingin – kamawakan,,12,normatif_20,AHP_WSM,,refined_rerank_teknokratis2026,DecisionTree,rerank
AHP_WSM_20_vs_Historis_Teknokratis2026_Final,105,B_only,halunuk - riam tajam talo - hamak umpaya,halunuk – riam tajam talo – hamak umpaya,,13,normatif_20,AHP_WSM,,refined_rerank_teknokratis2026,DecisionTree,rerank
AHP_WSM_20_vs_Historis_Teknokratis2026_Final,105,B_only,gumbil - masimpan,gumbil – masimpan,,14,normatif_20,AHP_WSM,,refined_rerank_teknokratis2026,DecisionTree,rerank
AHP_WSM_20_vs_Historis_Teknokratis2026_Final,105,B_only,tanuhi - ulang,tanuhi – ulang,,15,normatif_20,AHP_WSM,,refined_rerank_teknokratis2026,DecisionTree,rerank
AHP_WSM_20_vs_Historis_Teknokratis2026_Final,105,B_only,angkinang selatan - tawia - wawaran,angkinang selatan – tawia – wawaran,,16,normatif_20,AHP_WSM,,refined_rerank_teknokratis2026,DecisionTree,rerank
AHP_WSM_20_vs_Historis_Teknokratis2026_Final,105,B_only,panggang hijau - desa tawar,panggang hijau – desa tawar,,20,normatif_20,AHP_WSM,,refined_rerank_teknokratis2026,DecisionTree,rerank
AHP_WSM_20_vs_Historis_Teknokratis2026_Final,105,B_only,rel angkinang,rel angkinang – angkinang,,21,normatif_20,AHP_WSM,,refined_rerank_teknokratis2026,DecisionTree,rerank
AHP_WSM_20_vs_Historis_Teknokratis2026_Final,105,B_only,tabihi - telaga langsat,tabihi – telaga langsat,,22,normatif_20,AHP_WSM,,refined_rerank_teknokratis2026,DecisionTree,rerank
AHP_WSM_20_vs_Historis_Teknokratis2026_Final,105,B_only,malilingin - lokbahan - paniungan,malilingin – lokbahan – paniungan,,23,normatif_20,AHP_WSM,,refined_rerank_teknokratis2026,DecisionTree,rerank
AHP_WSM_20_vs_Historis_Teknokratis2026_Final,105,B_only,sei raya - jambu hulu paku,sei raya – jambu hulu paku,,24,normatif_20,AHP_WSM,,refined_rerank_teknokratis2026,DecisionTree,rerank
AHP_WSM_20_vs_Historis_Teknokratis2026_Final,105,B_only,h m thaib,h m thaib,,25,normatif_20,AHP_WSM,,refined_rerank_teknokratis2026,DecisionTree,rerank
AHP_WSM_20_vs_Historis_Teknokratis2026_Final,105,B_only,sp empat lungau - bangkau,sp empat lungau – bangkau,,26,normatif_20,AHP_WSM,,refined_rerank_teknokratis2026,DecisionTree,rerank
AHP_WSM_20_vs_Historis_Teknokratis2026_Final,105,B_only,sp empat lungau - garis,sp empat lungau – garis,,27,normatif_20,AHP_WSM,,refined_rerank_teknokratis2026,DecisionTree,rerank
AHP_WSM_20_vs_Historis_Teknokratis2026_Final,105,B_only,ida manggala - padang makmur,ida manggala – padang makmur,,28,normatif_20,AHP_WSM,,refined_rerank_teknokratis2026,DecisionTree,rerank
AHP_WSM_20_vs_Historis_Teknokratis2026_Final,105,B_only,teluk haur ii,teluk haur ii,,29,normatif_20,AHP_WSM,,refined_rerank_teknokratis2026,DecisionTree,rerank
AHP_WSM_20_vs_Historis_Teknokratis2026_Final,105,B_only,anjiran rantauan - desa taniran tengah,anjiran rantauan – desa taniran tengah,,30,normatif_20,AHP_WSM,,refined_rerank_teknokratis2026,DecisionTree,rerank
AHP_WSM_20_vs_Historis_Teknokratis2026_Final,105,B_only,jarau - parandakan,jarau – parandakan,,31,normatif_20,AHP_WSM,,refined_rerank_teknokratis2026,DecisionTree,rerank
AHP_WSM_20_vs_Historis_Teknokratis2026_Final,105,B_only,amd - desa lok binuang,amd – desa lok binuang,,32,normatif_20,AHP_WSM,,refined_rerank_teknokratis2026,DecisionTree,rerank
AHP_WSM_20_vs_Historis_Teknokratis2026_Final,105,B_only,loksado - haratai,loksado – haratai,,34,normatif_20,AHP_WSM,,refined_rerank_teknokratis2026,DecisionTree,rerank
AHP_WSM_20_vs_Historis_Teknokratis2026_Final,105,B_only,hariti - sei raya selatan,hariti – sei raya selatan,,35,normatif_20,AHP_WSM,,refined_rerank_teknokratis2026,DecisionTree,rerank
AHP_WSM_20_vs_Historis_Teknokratis2026_Final,105,B_only,bago tanggul - katilang - teratai,bago tanggul – katilang – teratai,,37,normatif_20,AHP_WSM,,refined_rerank_teknokratis2026,DecisionTree,rerank
AHP_WSM_20_vs_Historis_Teknokratis2026_Final,105,B_only,malinau - kandihin,malinau – kandihin,,38,normatif_20,AHP_WSM,,refined_rerank_teknokratis2026,DecisionTree,rerank
AHP_WSM_20_vs_Historis_Teknokratis2026_Final,105,B_only,sei mandala murung raya,sei mandala murung raya,,39,normatif_20,AHP_WSM,,refined_rerank_teknokratis2026,DecisionTree,rerank
AHP_WSM_20_vs_Historis_Teknokratis2026_Final,105,B_only,bayanan - pihanin,bayanan – pihanin,,40,normatif_20,AHP_WSM,,refined_rerank_teknokratis2026,DecisionTree,rerank
AHP_WSM_20_vs_Historis_Teknokratis2026_Final,105,B_only,tambangan - desa baruh jaya,tambangan – desa baruh jaya,,41,normatif_20,AHP_WSM,,refined_rerank_teknokratis2026,DecisionTree,rerank
AHP_WSM_20_vs_Historis_Teknokratis2026_Final,105,B_only,badaun - desa bjayau lama,badaun – desa bjayau lama,,42,normatif_20,AHP_WSM,,refined_rerank_teknokratis2026,DecisionTree,rerank
AHP_WSM_20_vs_Historis_Teknokratis2026_Final,105,B_only,pakan dalam - kaminting batu,pakan dalam – kaminting batu,,43,normatif_20,AHP_WSM,,refined_rerank_teknokratis2026,DecisionTree,rerank
AHP_WSM_20_vs_Historis_Teknokratis2026_Final,105,B_only,asam cangkuk - telaga bidadari,asam cangkuk – telaga bidadari,,44,normatif_20,AHP_WSM,,refined_rerank_teknokratis2026,DecisionTree,rerank
AHP_WSM_20_vs_Historis_Teknokratis2026_Final,105,B_only,palajau - desa baluti,palajau – desa baluti,,45,normatif_20,AHP_WSM,,refined_rerank_teknokratis2026,DecisionTree,rerank
AHP_WSM_20_vs_Historis_Teknokratis2026_Final,105,B_only,guru h izim - desa pantai ulin,guru h izim – desa pantai ulin,,46,normatif_20,AHP_WSM,,refined_rerank_teknokratis2026,DecisionTree,rerank
AHP_WSM_20_vs_Historis_Teknokratis2026_Final,105,B_only,pandak daun buntut muradiyah - pakan dalam,pandak daun buntut muradiyah – pakan dalam,,47,normatif_20,AHP_WSM,,refined_rerank_teknokratis2026,DecisionTree,rerank
AHP_WSM_20_vs_Historis_Teknokratis2026_Final,105,B_only,tukang garit tambangan,tukang garit tambangan,,48,normatif_20,AHP_WSM,,refined_rerank_teknokratis2026,DecisionTree,rerank
AHP_WSM_20_vs_Historis_Teknokratis2026_Final,105,B_only,tanjung selor - desa badaun,tanjung selor – desa badaun,,49,normatif_20,AHP_WSM,,refined_rerank_teknokratis2026,DecisionTree,rerank
AHP_WSM_20_vs_Historis_Teknokratis2026_Final,105,B_only,loklahung - malaris,loklahung – malaris,,50,normatif_20,AHP_WSM,,refined_rerank_teknokratis2026,DecisionTree,rerank
AHP_WSM_20_vs_Historis_Teknokratis2026_Final,105,B_only,haratai 2 balai ujung atas sdn haratai2,haratai 2 balai ujung atas sdn haratai2,,51,normatif_20,AHP_WSM,,refined_rerank_teknokratis2026,DecisionTree,rerank
AHP_WSM_20_vs_Historis_Teknokratis2026_Final,105,B_only,palas - desa wasah tengah,palas – desa wasah tengah,,52,normatif_20,AHP_WSM,,refined_rerank_teknokratis2026,DecisionTree,rerank
AHP_WSM_20_vs_Historis_Teknokratis2026_Final,105,B_only,tanah habang - desa simpur,tanah habang – desa simpur,,53,normatif_20,AHP_WSM,,refined_rerank_teknokratis2026,DecisionTree,rerank
AHP_WSM_20_vs_Historis_Teknokratis2026_Final,105,B_only,kaminting batu,kaminting batu,,54,normatif_20,AHP_WSM,,refined_rerank_teknokratis2026,DecisionTree,rerank
AHP_WSM_20_vs_Historis_Teknokratis2026_Final,105,B_only,bamban selatan - tanggang - panggang hijau,bamban selatan – tanggang – panggang hijau,,55,normatif_20,AHP_WSM,,refined_rerank_teknokratis2026,DecisionTree,rerank
AHP_WSM_20_vs_Historis_Teknokratis2026_Final,105,B_only,manggis - desa baru,manggis – desa baru,,56,normatif_20,AHP_WSM,,refined_rerank_teknokratis2026,DecisionTree,rerank
AHP_WSM_20_vs_Historis_Teknokratis2026_Final,105,B_only,kampung kawat,kampung kawat,,57,normatif_20,AHP_WSM,,refined_rerank_teknokratis2026,DecisionTree,rerank
AHP_WSM_20_vs_Historis_Teknokratis2026_Final,105,B_only,sukaramai - keramat,sukaramai – keramat,,58,normatif_20,AHP_WSM,,refined_rerank_teknokratis2026,DecisionTree,rerank
AHP_WSM_20_vs_Historis_Teknokratis2026_Final,105,B_only,gerilya depan pustu habirau,gerilya depan pustu habirau,,59,normatif_20,AHP_WSM,,refined_rerank_teknokratis2026,DecisionTree,rerank
AHP_WSM_20_vs_Historis_Teknokratis2026_Final,105,B_only,asam duhat - desa pantai ulin,asam duhat – desa pantai ulin,,61,normatif_20,AHP_WSM,,refined_rerank_teknokratis2026,DecisionTree,rerank
AHP_WSM_20_vs_Historis_Teknokratis2026_Final,105,B_only,kayu abang - desa anjiran,kayu abang – desa anjiran,,62,normatif_20,AHP_WSM,,refined_rerank_teknokratis2026,DecisionTree,rerank
AHP_WSM_20_vs_Historis_Teknokratis2026_Final,105,B_only,mangaris - limau manis,mangaris – limau manis,,63,normatif_20,AHP_WSM,,refined_rerank_teknokratis2026,DecisionTree,rerank
AHP_WSM_20_vs_Historis_Teknokratis2026_Final,105,B_only,halaban,halaban,,64,normatif_20,AHP_WSM,,refined_rerank_teknokratis2026,DecisionTree,rerank
AHP_WSM_20_vs_Historis_Teknokratis2026_Final,105,B_only,tamiyang - desa tamiyang eks,tamiyang – desa tamiyang eks,,65,normatif_20,AHP_WSM,,refined_rerank_teknokratis2026,DecisionTree,rerank
AHP_WSM_20_vs_Historis_Teknokratis2026_Final,105,B_only,talapak manuk - desa kapuh,talapak manuk – desa kapuh,,66,normatif_20,AHP_WSM,,refined_rerank_teknokratis2026,DecisionTree,rerank
AHP_WSM_20_vs_Historis_Teknokratis2026_Final,105,B_only,gang bidan desa tambak bitin,gang bidan desa tambak bitin,,67,normatif_20,AHP_WSM,,refined_rerank_teknokratis2026,DecisionTree,rerank
AHP_WSM_20_vs_Historis_Teknokratis2026_Final,105,B_only,bamban tibung - martajiwa,bamban tibung – martajiwa,,68,normatif_20,AHP_WSM,,refined_rerank_teknokratis2026,DecisionTree,rerank
AHP_WSM_20_vs_Historis_Teknokratis2026_Final,105,B_only,sei namang - desa tanah bangkang,sei namang – desa tanah bangkang,,69,normatif_20,AHP_WSM,,refined_rerank_teknokratis2026,DecisionTree,rerank
AHP_WSM_20_vs_Historis_Teknokratis2026_Final,105,B_only,teluk haur i,teluk haur i,,70,normatif_20,AHP_WSM,,refined_rerank_teknokratis2026,DecisionTree,rerank
AHP_WSM_20_vs_Historis_Teknokratis2026_Final,105,B_only,batang kulur kanan - batang kulur kiri,batang kulur kanan – batang kulur kiri,,72,normatif_20,AHP_WSM,,refined_rerank_teknokratis2026,DecisionTree,rerank
AHP_WSM_20_vs_Historis_Teknokratis2026_Final,105,B_only,min pandak daun,min pandak daun,,74,normatif_20,AHP_WSM,,refined_rerank_teknokratis2026,DecisionTree,rerank
AHP_WSM_20_vs_Historis_Teknokratis2026_Final,105,B_only,paramaian,paramaian,,75,normatif_20,AHP_WSM,,refined_rerank_teknokratis2026,DecisionTree,rerank
AHP_WSM_20_vs_Historis_Teknokratis2026_Final,105,B_only,batang kulur kanan - bumi berkat kisung,batang kulur kanan – bumi berkat kisung,,76,normatif_20,AHP_WSM,,refined_rerank_teknokratis2026,DecisionTree,rerank
AHP_WSM_20_vs_Historis_Teknokratis2026_Final,105,B_only,sman negara kh abdullah,sman negara kh abdullah,,77,normatif_20,AHP_WSM,,refined_rerank_teknokratis2026,DecisionTree,rerank
AHP_WSM_20_vs_Historis_Teknokratis2026_Final,105,B_only,rs hasan basry ii,rs hasan basry ii,,78,normatif_20,AHP_WSM,,refined_rerank_teknokratis2026,DecisionTree,rerank
AHP_WSM_20_vs_Historis_Teknokratis2026_Final,105,B_only,kalaka dayuh - desa sei raya utara,kalaka dayuh – desa sei raya utara,,79,normatif_20,AHP_WSM,,refined_rerank_teknokratis2026,DecisionTree,rerank
AHP_WSM_20_vs_Historis_Teknokratis2026_Final,105,B_only,asam seranggan - asam tamiyang,asam seranggan – asam tamiyang,,80,normatif_20,AHP_WSM,,refined_rerank_teknokratis2026,DecisionTree,rerank
AHP_WSM_20_vs_Historis_Teknokratis2026_Final,105,B_only,cangkingan herman,cangkingan herman,,81,normatif_20,AHP_WSM,,refined_rerank_teknokratis2026,DecisionTree,rerank
AHP_WSM_20_vs_Historis_Teknokratis2026_Final,105,B_only,tembok baru - desa baluti,tembok baru – desa baluti,,84,normatif_20,AHP_WSM,,refined_rerank_teknokratis2026,DecisionTree,rerank
AHP_WSM_20_vs_Historis_Teknokratis2026_Final,105,B_only,paharuangan - asam dua,paharuangan – asam dua,,85,normatif_20,AHP_WSM,,refined_rerank_teknokratis2026,DecisionTree,rerank
AHP_WSM_20_vs_Historis_Teknokratis2026_Final,105,B_only,habib ibrahim - desa sei mandala,habib ibrahim – desa sei mandala,,88,normatif_20,AHP_WSM,,refined_rerank_teknokratis2026,DecisionTree,rerank
AHP_WSM_20_vs_Historis_Teknokratis2026_Final,105,B_only,buluh - desa tebing tinggi,buluh – desa tebing tinggi,,89,normatif_20,AHP_WSM,,refined_rerank_teknokratis2026,DecisionTree,rerank
AHP_WSM_20_vs_Historis_Teknokratis2026_Final,105,B_only,pagar haur - malutu,pagar haur – malutu,,90,normatif_20,AHP_WSM,,refined_rerank_teknokratis2026,DecisionTree,rerank
AHP_WSM_20_vs_Historis_Teknokratis2026_Final,105,B_only,kantor camat loksado ii,kantor camat loksado ii,,91,normatif_20,AHP_WSM,,refined_rerank_teknokratis2026,DecisionTree,rerank
AHP_WSM_20_vs_Historis_Teknokratis2026_Final,105,B_only,kalumpang desa balanti - teratai,kalumpang desa balanti – teratai,,92,normatif_20,AHP_WSM,,refined_rerank_teknokratis2026,DecisionTree,rerank
AHP_WSM_20_vs_Historis_Teknokratis2026_Final,105,B_only,tibung raya - hamalau dalam,tibung raya – hamalau dalam,,93,normatif_20,AHP_WSM,,refined_rerank_teknokratis2026,DecisionTree,rerank
AHP_WSM_20_vs_Historis_Teknokratis2026_Final,105,B_only,sp 4 banjarbaru - pasar negara,sp 4 banjarbaru – pasar negara,,95,normatif_20,AHP_WSM,,refined_rerank_teknokratis2026,DecisionTree,rerank
AHP_WSM_20_vs_Historis_Teknokratis2026_Final,105,B_only,samping bappeda - mesjid darul halik,samping bappeda – mesjid darul halik,,96,normatif_20,AHP_WSM,,refined_rerank_teknokratis2026,DecisionTree,rerank
AHP_WSM_20_vs_Historis_Teknokratis2026_Final,105,B_only,sirih - pacakan,sirih – pacakan,,99,normatif_20,AHP_WSM,,refined_rerank_teknokratis2026,DecisionTree,rerank
AHP_WSM_20_vs_Historis_Teknokratis2026_Final,105,B_only,musyawarah kandangan,musyawarah kandangan,,102,normatif_20,AHP_WSM,,refined_rerank_teknokratis2026,DecisionTree,rerank