asb_id|no|kelompok_barang|kode_barang|uraian|spesifikasi|satuan|harga_rp|kelompok_belanja|treatment_family|surface_type|width_m|layer_thickness_cm
asb_0001|1|"Jalan Kabupaten"|"1.3.04.01.01.0003"|"Jalan Tipe A1"|"Lebar = 3 m, HRS-Base = 3,5 cm"|"Meter"|723000|"Belanja Modal Jalan Kabupaten"||HRS-Base|3|3.5
asb_0002|2|"Jalan Kabupaten"|"1.3.04.01.01.0003"|"Jalan Tipe A2"|"Lebar = 3,5 m, HRS-Base = 3,5 cm"|"Meter"|834000|"Belanja Modal Jalan Kabupaten"||HRS-Base|3.5|3.5
asb_0003|3|"Jalan Kabupaten"|"1.3.04.01.01.0003"|"Jalan Tipe A3"|"Lebar = 4 m, HRS-Base = 3,5 cm"|"Meter"|947000|"Belanja Modal Jalan Kabupaten"||HRS-Base|4|3.5
asb_0004|4|"Jalan Kabupaten"|"1.3.04.01.01.0003"|"Jalan Tipe A4"|"Lebar = 4,5 m, HRS-Base = 3,5 cm"|"Meter"|1059000|"Belanja Modal Jalan Kabupaten"||HRS-Base|4.5|3.5
asb_0005|5|"Jalan Kabupaten"|"1.3.04.01.01.0003"|"Jalan Tipe A5"|"Lebar = 5 m, HRS-Base = 3,5 cm"|"Meter"|1323000|"Belanja Modal Jalan Kabupaten"||HRS-Base|5|3.5
asb_0006|6|"Jalan Kabupaten"|"1.3.04.01.01.0003"|"Jalan Tipe A6"|"Lebar = 3 m, HRS-Base = 4 cm"|"Meter"|814000|"Belanja Modal Jalan Kabupaten"||HRS-Base|3|4
asb_0007|7|"Jalan Kabupaten"|"1.3.04.01.01.0003"|"Jalan Tipe A7"|"Lebar = 3,5 m, HRS-Base = 4 cm"|"Meter"|940000|"Belanja Modal Jalan Kabupaten"||HRS-Base|3.5|4
asb_0008|8|"Jalan Kabupaten"|"1.3.04.01.01.0003"|"Jalan Tipe A8"|"Lebar = 4 m, HRS-Base = 4 cm"|"Meter"|1068000|"Belanja Modal Jalan Kabupaten"||HRS-Base|4|4
asb_0009|9|"Jalan Kabupaten"|"1.3.04.01.01.0003"|"Jalan Tipe A9"|"Lebar = 4,5 m, HRS-Base = 4 cm"|"Meter"|1196000|"Belanja Modal Jalan Kabupaten"||HRS-Base|4.5|4
asb_0010|10|"Jalan Kabupaten"|"1.3.04.01.01.0003"|"Jalan Tipe A10"|"Lebar = 5 m, HRS-Base = 4 cm"|"Meter"|1323000|"Belanja Modal Jalan Kabupaten"||HRS-Base|5|4
asb_0011|11|"Jalan Kabupaten"|"1.3.04.01.01.0003"|"Jalan Tipe A11"|"Lebar = 3 m, HRS-Base = 5 cm"|"Meter"|995000|"Belanja Modal Jalan Kabupaten"||HRS-Base|3|5
asb_0012|12|"Jalan Kabupaten"|"1.3.04.01.01.0003"|"Jalan Tipe A12"|"Lebar = 3,5 m, HRS-Base = 5 cm"|"Meter"|1153000|"Belanja Modal Jalan Kabupaten"||HRS-Base|3.5|5
asb_0013|13|"Jalan Kabupaten"|"1.3.04.01.01.0003"|"Jalan Tipe A13"|"Lebar = 4 m, HRS-Base = 5 cm"|"Meter"|1310000|"Belanja Modal Jalan Kabupaten"||HRS-Base|4|5
asb_0014|14|"Jalan Kabupaten"|"1.3.04.01.01.0003"|"Jalan Tipe A14"|"Lebar = 4,5 m, HRS-Base = 5 cm"|"Meter"|1468000|"Belanja Modal Jalan Kabupaten"||HRS-Base|4.5|5
asb_0015|15|"Jalan Kabupaten"|"1.3.04.01.01.0003"|"Jalan Tipe A15"|"Lebar = 5 m, HRS-Base = 5 cm"|"Meter"|1625000|"Belanja Modal Jalan Kabupaten"||HRS-Base|5|5
asb_0016|16|"Jalan Kabupaten"|"1.3.04.01.01.0003"|"Jalan Tipe A16"|"Lebar = 3 m, HRS-WC = 4 cm"|"Meter"|832000|"Belanja Modal Jalan Kabupaten"||HRS-WC|3|4
asb_0017|17|"Jalan Kabupaten"|"1.3.04.01.01.0003"|"Jalan Tipe A17"|"Lebar = 3,5 m, HRS-WC = 4 cm"|"Meter"|962000|"Belanja Modal Jalan Kabupaten"||HRS-WC|3.5|4
asb_0018|18|"Jalan Kabupaten"|"1.3.04.01.01.0003"|"Jalan Tipe A18"|"Lebar = 4 m, HRS-WC = 4 cm"|"Meter"|1093000|"Belanja Modal Jalan Kabupaten"||HRS-WC|4|4
asb_0019|19|"Jalan Kabupaten"|"1.3.04.01.01.0003"|"Jalan Tipe A19"|"Lebar = 4,5 m, HRS-WC = 4 cm"|"Meter"|1223000|"Belanja Modal Jalan Kabupaten"||HRS-WC|4.5|4
asb_0020|20|"Jalan Kabupaten"|"1.3.04.01.01.0003"|"Jalan Tipe A20"|"Lebar = 5 m, HRS-WC = 4 cm"|"Meter"|1353000|"Belanja Modal Jalan Kabupaten"||HRS-WC|5|4
asb_0021|21|"Jalan Kabupaten"|"1.3.04.01.01.0003"|"Jalan Tipe A21"|"Lebar = 3 m, HRS-WC = 5 cm"|"Meter"|1019000|"Belanja Modal Jalan Kabupaten"||HRS-WC|3|5
asb_0022|22|"Jalan Kabupaten"|"1.3.04.01.01.0003"|"Jalan Tipe A22"|"Lebar = 3,5 m, HRS-WC = 5 cm"|"Meter"|1179000|"Belanja Modal Jalan Kabupaten"||HRS-WC|3.5|5
asb_0023|23|"Jalan Kabupaten"|"1.3.04.01.01.0003"|"Jalan Tipe A23"|"Lebar = 4 m, HRS-WC = 5 cm"|"Meter"|1341000|"Belanja Modal Jalan Kabupaten"||HRS-WC|4|5
asb_0024|24|"Jalan Kabupaten"|"1.3.04.01.01.0003"|"Jalan Tipe A24"|"Lebar = 4,5 m, HRS-WC = 5 cm"|"Meter"|1503000|"Belanja Modal Jalan Kabupaten"||HRS-WC|4.5|5
asb_0025|25|"Jalan Kabupaten"|"1.3.04.01.01.0003"|"Jalan Tipe A25"|"Lebar = 5 m, HRS-WC = 5 cm"|"Meter"|1663000|"Belanja Modal Jalan Kabupaten"||HRS-WC|5|5
asb_0026|26|"Jalan Kabupaten"|"1.3.04.01.01.0003"|"Jalan Tipe B1"|"Lebar = 3 m, HRS-Base = 5 cm, LPA = 10 cm"|"Meter"|1523000|"Belanja Modal Jalan Kabupaten"||HRS-Base|3|5
asb_0027|27|"Jalan Kabupaten"|"1.3.04.01.01.0003"|"Jalan Tipe B2"|"Lebar = 3 m, HRS-Base = 5 cm, LPA = 15 cm"|"Meter"|1750000|"Belanja Modal Jalan Kabupaten"||HRS-Base|3|5
asb_0028|28|"Jalan Kabupaten"|"1.3.04.01.01.0003"|"Jalan Tipe B3"|"Lebar = 3 m, HRS-Base = 5 cm, LPA = 20 cm"|"Meter"|1977000|"Belanja Modal Jalan Kabupaten"||HRS-Base|3|5
asb_0029|29|"Jalan Kabupaten"|"1.3.04.01.01.0003"|"Jalan Tipe B4"|"Lebar = 3,5 m, HRS-Base = 5 cm, LPA = 10 cm"|"Meter"|1749000|"Belanja Modal Jalan Kabupaten"||HRS-Base|3.5|5
asb_0030|30|"Jalan Kabupaten"|"1.3.04.01.01.0003"|"Jalan Tipe B5"|"Lebar = 3,5 m, HRS-Base = 5 cm, LPA = 15 cm"|"Meter"|2003000|"Belanja Modal Jalan Kabupaten"||HRS-Base|3.5|5
asb_0031|31|"Jalan Kabupaten"|"1.3.04.01.01.0003"|"Jalan Tipe B6"|"Lebar = 3,5 m, HRS-Base = 5 cm, LPA = 20 cm"|"Meter"|2259000|"Belanja Modal Jalan Kabupaten"||HRS-Base|3.5|5
asb_0032|32|"Jalan Kabupaten"|"1.3.04.01.01.0003"|"Jalan Tipe B7"|"Lebar = 4 m, HRS-Base = 5 cm, LPA = 10 cm"|"Meter"|1975000|"Belanja Modal Jalan Kabupaten"||HRS-Base|4|5
asb_0033|33|"Jalan Kabupaten"|"1.3.04.01.01.0003"|"Jalan Tipe B8"|"Lebar = 4 m, HRS-Base = 5 cm, LPA = 15 cm"|"Meter"|2257000|"Belanja Modal Jalan Kabupaten"||HRS-Base|4|5
asb_0034|34|"Jalan Kabupaten"|"1.3.04.01.01.0003"|"Jalan Tipe B9"|"Lebar = 4 m, HRS-Base = 5 cm, LPA = 20 cm"|"Meter"|2540000|"Belanja Modal Jalan Kabupaten"||HRS-Base|4|5
asb_0035|35|"Jalan Kabupaten"|"1.3.04.01.01.0003"|"Jalan Tipe B10"|"Lebar = 4,5 m, HRS-Base = 5 cm, LPA = 10 cm"|"Meter"|2199000|"Belanja Modal Jalan Kabupaten"||HRS-Base|4.5|5
asb_0036|36|"Jalan Kabupaten"|"1.3.04.01.01.0003"|"Jalan Tipe B11"|"Lebar = 4,5 m, HRS-Base = 5 cm, LPA = 15 cm"|"Meter"|2511000|"Belanja Modal Jalan Kabupaten"||HRS-Base|4.5|5
asb_0037|37|"Jalan Kabupaten"|"1.3.04.01.01.0003"|"Jalan Tipe B12"|"Lebar = 4,5 m, HRS-Base = 5 cm, LPA = 20 cm"|"Meter"|2822000|"Belanja Modal Jalan Kabupaten"||HRS-Base|4.5|5
asb_0038|38|"Jalan Kabupaten"|"1.3.04.01.01.0003"|"Jalan Tipe B13"|"Lebar = 5 m, HRS-Base = 5 cm, LPA = 10 cm"|"Meter"|2425000|"Belanja Modal Jalan Kabupaten"||HRS-Base|5|5
asb_0039|39|"Jalan Kabupaten"|"1.3.04.01.01.0003"|"Jalan Tipe B14"|"Lebar = 5 m, HRS-Base = 5 cm, LPA = 15 cm"|"Meter"|2765000|"Belanja Modal Jalan Kabupaten"||HRS-Base|5|5
asb_0040|40|"Jalan Kabupaten"|"1.3.04.01.01.0003"|"Jalan Tipe B15"|"Lebar = 5 m, HRS-Base = 5 cm, LPA = 20 cm"|"Meter"|3104000|"Belanja Modal Jalan Kabupaten"||HRS-Base|5|5
asb_0041|41|"Jalan Kabupaten"|"1.3.04.01.01.0003"|"Jalan Tipe B16"|"Lebar = 3 m, HRS-Base = 4 cm, LPA = 10 cm"|"Meter"|1342000|"Belanja Modal Jalan Kabupaten"||HRS-Base|3|4
asb_0042|42|"Jalan Kabupaten"|"1.3.04.01.01.0003"|"Jalan Tipe B17"|"Lebar = 3 m, HRS-Base = 4 cm, LPA = 15 cm"|"Meter"|1569000|"Belanja Modal Jalan Kabupaten"||HRS-Base|3|4
asb_0043|43|"Jalan Kabupaten"|"1.3.04.01.01.0003"|"Jalan Tipe B18"|"Lebar = 3 m, HRS-Base = 4 cm, LPA = 20 cm"|"Meter"|1795000|"Belanja Modal Jalan Kabupaten"||HRS-Base|3|4
asb_0044|44|"Jalan Kabupaten"|"1.3.04.01.01.0003"|"Jalan Tipe B19"|"Lebar = 3,5 m, HRS-Base = 4 cm, LPA = 10 cm"|"Meter"|1537000|"Belanja Modal Jalan Kabupaten"||HRS-Base|3.5|4
asb_0045|45|"Jalan Kabupaten"|"1.3.04.01.01.0003"|"Jalan Tipe B20"|"Lebar = 3,5 m, HRS-Base = 4 cm, LPA = 15 cm"|"Meter"|1791000|"Belanja Modal Jalan Kabupaten"||HRS-Base|3.5|4
asb_0046|46|"Jalan Kabupaten"|"1.3.04.01.01.0003"|"Jalan Tipe B21"|"Lebar = 3,5 m, HRS-Base = 4 cm, LPA = 20 cm"|"Meter"|2047000|"Belanja Modal Jalan Kabupaten"||HRS-Base|3.5|4
asb_0047|47|"Jalan Kabupaten"|"1.3.04.01.01.0003"|"Jalan Tipe B22"|"Lebar = 4 m, HRS-Base = 4 cm, LPA = 10 cm"|"Meter"|1731000|"Belanja Modal Jalan Kabupaten"||HRS-Base|4|4
asb_0048|48|"Jalan Kabupaten"|"1.3.04.01.01.0003"|"Jalan Tipe B23"|"Lebar = 4 m, HRS-Base = 4 cm, LPA = 15 cm"|"Meter"|2015000|"Belanja Modal Jalan Kabupaten"||HRS-Base|4|4
asb_0049|49|"Jalan Kabupaten"|"1.3.04.01.01.0003"|"Jalan Tipe B24"|"Lebar = 4 m, HRS-Base = 4 cm, LPA = 20 cm"|"Meter"|2298000|"Belanja Modal Jalan Kabupaten"||HRS-Base|4|4
asb_0050|50|"Jalan Kabupaten"|"1.3.04.01.01.0003"|"Jalan Tipe B25"|"Lebar = 4,5 m, HRS-Base = 4 cm, LPA = 10 cm"|"Meter"|1926000|"Belanja Modal Jalan Kabupaten"||HRS-Base|4.5|4
asb_0051|51|"Jalan Kabupaten"|"1.3.04.01.01.0003"|"Jalan Tipe B26"|"Lebar = 4,5 m, HRS-Base = 4 cm, LPA = 15 cm"|"Meter"|2238000|"Belanja Modal Jalan Kabupaten"||HRS-Base|4.5|4
asb_0052|52|"Jalan Kabupaten"|"1.3.04.01.01.0003"|"Jalan Tipe B27"|"Lebar = 4,5 m, HRS-Base = 4 cm, LPA = 20 cm"|"Meter"|2549000|"Belanja Modal Jalan Kabupaten"||HRS-Base|4.5|4
asb_0053|53|"Jalan Kabupaten"|"1.3.04.01.01.0003"|"Jalan Tipe B28"|"Lebar = 5 m, HRS-Base = 4 cm, LPA = 10 cm"|"Meter"|2122000|"Belanja Modal Jalan Kabupaten"||HRS-Base|5|4
asb_0054|54|"Jalan Kabupaten"|"1.3.04.01.01.0003"|"Jalan Tipe B29"|"Lebar = 5 m, HRS-Base = 4 cm, LPA = 15 cm"|"Meter"|2461000|"Belanja Modal Jalan Kabupaten"||HRS-Base|5|4
asb_0055|55|"Jalan Kabupaten"|"1.3.04.01.01.0003"|"Jalan Tipe B30"|"Lebar = 5 m, HRS-Base = 4 cm, LPA = 20 cm"|"Meter"|2801000|"Belanja Modal Jalan Kabupaten"||HRS-Base|5|4
asb_0056|56|"Jalan Kabupaten"|"1.3.04.01.01.0003"|"Jalan Tipe B31"|"Lebar = 3 m, HRS-WC = 5 cm, LPA = 10 cm"|"Meter"|1547000|"Belanja Modal Jalan Kabupaten"||HRS-WC|3|5
asb_0057|57|"Jalan Kabupaten"|"1.3.04.01.01.0003"|"Jalan Tipe B32"|"Lebar = 3 m, HRS-WC = 5 cm, LPA = 15 cm"|"Meter"|1773000|"Belanja Modal Jalan Kabupaten"||HRS-WC|3|5
asb_0058|58|"Jalan Kabupaten"|"1.3.04.01.01.0003"|"Jalan Tipe B33"|"Lebar = 3 m, HRS-WC = 5 cm, LPA = 20 cm"|"Meter"|1999000|"Belanja Modal Jalan Kabupaten"||HRS-WC|3|5
asb_0059|59|"Jalan Kabupaten"|"1.3.04.01.01.0003"|"Jalan Tipe B34"|"Lebar = 3,5 m, HRS-WC = 5 cm, LPA = 10 cm"|"Meter"|1776000|"Belanja Modal Jalan Kabupaten"||HRS-WC|3.5|5
asb_0060|60|"Jalan Kabupaten"|"1.3.04.01.01.0003"|"Jalan Tipe B35"|"Lebar = 3,5 m, HRS-WC = 5 cm, LPA = 15 cm"|"Meter"|2030000|"Belanja Modal Jalan Kabupaten"||HRS-WC|3.5|5
asb_0061|61|"Jalan Kabupaten"|"1.3.04.01.01.0003"|"Jalan Tipe B36"|"Lebar = 3,5 m, HRS-WC = 5 cm, LPA = 20 cm"|"Meter"|2286000|"Belanja Modal Jalan Kabupaten"||HRS-WC|3.5|5
asb_0062|62|"Jalan Kabupaten"|"1.3.04.01.01.0003"|"Jalan Tipe B37"|"Lebar = 4 m, HRS-WC = 5 cm, LPA = 10 cm"|"Meter"|2004000|"Belanja Modal Jalan Kabupaten"||HRS-WC|4|5
asb_0063|63|"Jalan Kabupaten"|"1.3.04.01.01.0003"|"Jalan Tipe B38"|"Lebar = 4 m, HRS-WC = 5 cm, LPA = 15 cm"|"Meter"|2288000|"Belanja Modal Jalan Kabupaten"||HRS-WC|4|5
asb_0064|64|"Jalan Kabupaten"|"1.3.04.01.01.0003"|"Jalan Tipe B39"|"Lebar = 4 m, HRS-WC = 5 cm, LPA = 20 cm"|"Meter"|2571000|"Belanja Modal Jalan Kabupaten"||HRS-WC|4|5
asb_0065|65|"Jalan Kabupaten"|"1.3.04.01.01.0003"|"Jalan Tipe B40"|"Lebar = 4,5 m, HRS-WC = 5 cm, LPA = 10 cm"|"Meter"|2234000|"Belanja Modal Jalan Kabupaten"||HRS-WC|4.5|5
asb_0066|66|"Jalan Kabupaten"|"1.3.04.01.01.0003"|"Jalan Tipe B41"|"Lebar = 4,5 m, HRS-WC = 5 cm, LPA = 15 cm"|"Meter"|2545000|"Belanja Modal Jalan Kabupaten"||HRS-WC|4.5|5
asb_0067|67|"Jalan Kabupaten"|"1.3.04.01.01.0003"|"Jalan Tipe B42"|"Lebar = 4,5 m, HRS-WC = 5 cm, LPA = 20 cm"|"Meter"|2856000|"Belanja Modal Jalan Kabupaten"||HRS-WC|4.5|5
asb_0068|68|"Jalan Kabupaten"|"1.3.04.01.01.0003"|"Jalan Tipe B43"|"Lebar = 5 m, HRS-WC = 5 cm, LPA = 10 cm"|"Meter"|2463000|"Belanja Modal Jalan Kabupaten"||HRS-WC|5|5
asb_0069|69|"Jalan Kabupaten"|"1.3.04.01.01.0003"|"Jalan Tipe B44"|"Lebar = 5 m, HRS-WC = 5 cm, LPA = 15 cm"|"Meter"|2803000|"Belanja Modal Jalan Kabupaten"||HRS-WC|5|5
asb_0070|70|"Jalan Kabupaten"|"1.3.04.01.01.0003"|"Jalan Tipe B45"|"Lebar = 5 m, HRS-WC = 5 cm, LPA = 20 cm"|"Meter"|3143000|"Belanja Modal Jalan Kabupaten"||HRS-WC|5|5
asb_0071|71|"Jalan Kabupaten"|"1.3.04.01.01.0003"|"Jalan Tipe B46"|"Lebar = 3 m, HRS-WC = 4 cm, LPA = 10 cm"|"Meter"|1361000|"Belanja Modal Jalan Kabupaten"||HRS-WC|3|4
asb_0072|72|"Jalan Kabupaten"|"1.3.04.01.01.0003"|"Jalan Tipe B47"|"Lebar = 3 m, HRS-WC = 4 cm, LPA = 15 cm"|"Meter"|1586000|"Belanja Modal Jalan Kabupaten"||HRS-WC|3|4
asb_0073|73|"Jalan Kabupaten"|"1.3.04.01.01.0003"|"Jalan Tipe B48"|"Lebar = 3 m, HRS-WC = 4 cm, LPA = 20 cm"|"Meter"|1813000|"Belanja Modal Jalan Kabupaten"||HRS-WC|3|4
asb_0074|74|"Jalan Kabupaten"|"1.3.04.01.01.0003"|"Jalan Tipe B49"|"Lebar = 3,5 m, HRS-WC = 4 cm, LPA = 10 cm"|"Meter"|1558000|"Belanja Modal Jalan Kabupaten"||HRS-WC|3.5|4
asb_0075|75|"Jalan Kabupaten"|"1.3.04.01.01.0003"|"Jalan Tipe B50"|"Lebar = 3,5 m, HRS-WC = 4 cm, LPA = 15 cm"|"Meter"|1813000|"Belanja Modal Jalan Kabupaten"||HRS-WC|3.5|4
asb_0076|76|"Jalan Kabupaten"|"1.3.04.01.01.0003"|"Jalan Tipe B51"|"Lebar = 3,5 m, HRS-WC = 4 cm, LPA = 20 cm"|"Meter"|2068000|"Belanja Modal Jalan Kabupaten"||HRS-WC|3.5|4
asb_0077|77|"Jalan Kabupaten"|"1.3.04.01.01.0003"|"Jalan Tipe B52"|"Lebar = 4 m, HRS-WC = 4 cm, LPA = 10 cm"|"Meter"|1756000|"Belanja Modal Jalan Kabupaten"||HRS-WC|4|4
asb_0078|78|"Jalan Kabupaten"|"1.3.04.01.01.0003"|"Jalan Tipe B53"|"Lebar = 4 m, HRS-WC = 4 cm, LPA = 15 cm"|"Meter"|2039000|"Belanja Modal Jalan Kabupaten"||HRS-WC|4|4
asb_0079|79|"Jalan Kabupaten"|"1.3.04.01.01.0003"|"Jalan Tipe B54"|"Lebar = 4 m, HRS-WC = 4 cm, LPA = 20 cm"|"Meter"|2323000|"Belanja Modal Jalan Kabupaten"||HRS-WC|4|4
asb_0080|80|"Jalan Kabupaten"|"1.3.04.01.01.0003"|"Jalan Tipe B55"|"Lebar = 4,5 m, HRS-WC = 4 cm, LPA = 10 cm"|"Meter"|1954000|"Belanja Modal Jalan Kabupaten"||HRS-WC|4.5|4
asb_0081|81|"Jalan Kabupaten"|"1.3.04.01.01.0003"|"Jalan Tipe B56"|"Lebar = 4,5 m, HRS-WC = 4 cm, LPA = 15 cm"|"Meter"|2265000|"Belanja Modal Jalan Kabupaten"||HRS-WC|4.5|4
asb_0082|82|"Jalan Kabupaten"|"1.3.04.01.01.0003"|"Jalan Tipe B57"|"Lebar = 4,5 m, HRS-WC = 4 cm, LPA = 20 cm"|"Meter"|2577000|"Belanja Modal Jalan Kabupaten"||HRS-WC|4.5|4
asb_0083|83|"Jalan Kabupaten"|"1.3.04.01.01.0003"|"Jalan Tipe B58"|"Lebar = 5 m, HRS-WC = 4 cm, LPA = 10 cm"|"Meter"|2152000|"Belanja Modal Jalan Kabupaten"||HRS-WC|5|4
asb_0084|84|"Jalan Kabupaten"|"1.3.04.01.01.0003"|"Jalan Tipe B59"|"Lebar = 5 m, HRS-WC = 4 cm, LPA = 15 cm"|"Meter"|2492000|"Belanja Modal Jalan Kabupaten"||HRS-WC|5|4
asb_0085|85|"Jalan Kabupaten"|"1.3.04.01.01.0003"|"Jalan Tipe B60"|"Lebar = 5 m, HRS-WC = 4 cm, LPA = 20 cm"|"Meter"|2831000|"Belanja Modal Jalan Kabupaten"||HRS-WC|5|4
asb_0086|86|"Jalan Kabupaten"|"1.3.04.01.01.0003"|"Jalan Tipe C1"|"Lebar = 3 m, HRS-Base = 4 cm, LPA = 10 cm, LPB = 10 cm"|"Meter"|1751000|"Belanja Modal Jalan Kabupaten"||HRS-Base|3|4
asb_0087|87|"Jalan Kabupaten"|"1.3.04.01.01.0003"|"Jalan Tipe C2"|"Lebar = 3 m, HRS-Base = 4 cm, LPA = 10 cm, LPB = 15 cm"|"Meter"|1956000|"Belanja Modal Jalan Kabupaten"||HRS-Base|3|4
asb_0088|88|"Jalan Kabupaten"|"1.3.04.01.01.0003"|"Jalan Tipe C3"|"Lebar = 3 m, HRS-Base = 4 cm, LPA = 15 cm, LPB = 15 cm"|"Meter"|2183000|"Belanja Modal Jalan Kabupaten"||HRS-Base|3|4
asb_0089|89|"Jalan Kabupaten"|"1.3.04.01.01.0003"|"Jalan Tipe C4"|"Lebar = 3 m, HRS-Base = 4 cm, LPA = 10 cm, LPB = 20 cm"|"Meter"|2161000|"Belanja Modal Jalan Kabupaten"||HRS-Base|3|4
asb_0090|90|"Jalan Kabupaten"|"1.3.04.01.01.0003"|"Jalan Tipe C5"|"Lebar = 3 m, HRS-Base = 4 cm, LPA = 15 cm, LPB = 20 cm"|"Meter"|2387000|"Belanja Modal Jalan Kabupaten"||HRS-Base|3|4
asb_0091|91|"Jalan Kabupaten"|"1.3.04.01.01.0003"|"Jalan Tipe C6"|"Lebar = 3 m, HRS-Base = 4 cm, LPA = 20 cm, LPB = 20 cm"|"Meter"|2613000|"Belanja Modal Jalan Kabupaten"||HRS-Base|3|4
asb_0092|92|"Jalan Kabupaten"|"1.3.04.01.01.0003"|"Jalan Tipe C7"|"Lebar = 3,5 m, HRS-Base = 4 cm, LPA = 10 cm, LPB = 10 cm"|"Meter"|1997000|"Belanja Modal Jalan Kabupaten"||HRS-Base|3.5|4
asb_0093|93|"Jalan Kabupaten"|"1.3.04.01.01.0003"|"Jalan Tipe C8"|"Lebar = 3,5 m, HRS-Base = 4 cm, LPA = 10 cm, LPB = 15 cm"|"Meter"|2228000|"Belanja Modal Jalan Kabupaten"||HRS-Base|3.5|4
asb_0094|94|"Jalan Kabupaten"|"1.3.04.01.01.0003"|"Jalan Tipe C9"|"Lebar = 3,5 m, HRS-Base = 4 cm, LPA = 15 cm, LPB = 15 cm"|"Meter"|2482000|"Belanja Modal Jalan Kabupaten"||HRS-Base|3.5|4
asb_0095|95|"Jalan Kabupaten"|"1.3.04.01.01.0003"|"Jalan Tipe C10"|"Lebar = 3,5 m, HRS-Base = 4 cm, LPA = 10 cm, LPB = 20 cm"|"Meter"|2458000|"Belanja Modal Jalan Kabupaten"||HRS-Base|3.5|4
asb_0096|96|"Jalan Kabupaten"|"1.3.04.01.01.0003"|"Jalan Tipe C11"|"Lebar = 3,5 m, HRS-Base = 4 cm, LPA = 15 cm, LPB = 20 cm"|"Meter"|2713000|"Belanja Modal Jalan Kabupaten"||HRS-Base|3.5|4
asb_0097|97|"Jalan Kabupaten"|"1.3.04.01.01.0003"|"Jalan Tipe C12"|"Lebar = 3,5 m, HRS-Base = 4 cm, LPA = 20 cm, LPB = 20 cm"|"Meter"|2967000|"Belanja Modal Jalan Kabupaten"||HRS-Base|3.5|4
asb_0098|98|"Jalan Kabupaten"|"1.3.04.01.01.0003"|"Jalan Tipe C13"|"Lebar = 4 m, HRS-Base = 4 cm, LPA = 10 cm, LPB = 10 cm"|"Meter"|2243000|"Belanja Modal Jalan Kabupaten"||HRS-Base|4|4
asb_0099|99|"Jalan Kabupaten"|"1.3.04.01.01.0003"|"Jalan Tipe C14"|"Lebar = 4 m, HRS-Base = 4 cm, LPA = 10 cm, LPB = 15 cm"|"Meter"|2499000|"Belanja Modal Jalan Kabupaten"||HRS-Base|4|4
asb_0100|100|"Jalan Kabupaten"|"1.3.04.01.01.0003"|"Jalan Tipe C15"|"Lebar = 4 m, HRS-Base = 4 cm, LPA = 15 cm, LPB = 15 cm"|"Meter"|2782000|"Belanja Modal Jalan Kabupaten"||HRS-Base|4|4
asb_0101|101|"Jalan Kabupaten"|"1.3.04.01.01.0003"|"Jalan Tipe C16"|"Lebar = 4 m, HRS-Base = 4 cm, LPA = 10 cm, LPB = 20 cm"|"Meter"|2755000|"Belanja Modal Jalan Kabupaten"||HRS-Base|4|4
asb_0102|102|"Jalan Kabupaten"|"1.3.04.01.01.0003"|"Jalan Tipe C17"|"Lebar = 4 m, HRS-Base = 4 cm, LPA = 15 cm, LPB = 20 cm"|"Meter"|3039000|"Belanja Modal Jalan Kabupaten"||HRS-Base|4|4
asb_0103|103|"Jalan Kabupaten"|"1.3.04.01.01.0003"|"Jalan Tipe C18"|"Lebar = 4 m, HRS-Base = 4 cm, LPA = 20 cm, LPB = 20 cm"|"Meter"|3321000|"Belanja Modal Jalan Kabupaten"||HRS-Base|4|4
asb_0104|104|"Jalan Kabupaten"|"1.3.04.01.01.0003"|"Jalan Tipe C19"|"Lebar = 4,5 m, HRS-Base = 4 cm, LPA = 10 cm, LPB = 10 cm"|"Meter"|2490000|"Belanja Modal Jalan Kabupaten"||HRS-Base|4.5|4
asb_0105|105|"Jalan Kabupaten"|"1.3.04.01.01.0003"|"Jalan Tipe C20"|"Lebar = 4,5 m, HRS-Base = 4 cm, LPA = 10 cm, LPB = 15 cm"|"Meter"|2771000|"Belanja Modal Jalan Kabupaten"||HRS-Base|4.5|4
asb_0106|106|"Jalan Kabupaten"|"1.3.04.01.01.0003"|"Jalan Tipe C21"|"Lebar = 4,5 m, HRS-Base = 4 cm, LPA = 15 cm, LPB = 15 cm"|"Meter"|3082000|"Belanja Modal Jalan Kabupaten"||HRS-Base|4.5|4
asb_0107|107|"Jalan Kabupaten"|"1.3.04.01.01.0003"|"Jalan Tipe C22"|"Lebar = 4,5 m, HRS-Base = 4 cm, LPA = 10 cm, LPB = 20 cm"|"Meter"|3052000|"Belanja Modal Jalan Kabupaten"||HRS-Base|4.5|4
asb_0108|108|"Jalan Kabupaten"|"1.3.04.01.01.0003"|"Jalan Tipe C23"|"Lebar = 4,5 m, HRS-Base = 4 cm, LPA = 15 cm, LPB = 20 cm"|"Meter"|3364000|"Belanja Modal Jalan Kabupaten"||HRS-Base|4.5|4
asb_0109|109|"Jalan Kabupaten"|"1.3.04.01.01.0003"|"Jalan Tipe C24"|"Lebar = 4,5 m, HRS-Base = 4 cm, LPA = 20 cm, LPB = 20 cm"|"Meter"|3675000|"Belanja Modal Jalan Kabupaten"||HRS-Base|4.5|4
asb_0110|110|"Jalan Kabupaten"|"1.3.04.01.01.0003"|"Jalan Tipe C25"|"Lebar = 5 m, HRS-Base = 4 cm, LPA = 10 cm, LPB = 10 cm"|"Meter"|2736000|"Belanja Modal Jalan Kabupaten"||HRS-Base|5|4
asb_0111|111|"Jalan Kabupaten"|"1.3.04.01.01.0003"|"Jalan Tipe C26"|"Lebar = 5 m, HRS-Base = 4 cm, LPA = 10 cm, LPB = 15 cm"|"Meter"|3043000|"Belanja Modal Jalan Kabupaten"||HRS-Base|5|4
asb_0112|112|"Jalan Kabupaten"|"1.3.04.01.01.0003"|"Jalan Tipe C27"|"Lebar = 5 m, HRS-Base = 4 cm, LPA = 15 cm, LPB = 15 cm"|"Meter"|3383000|"Belanja Modal Jalan Kabupaten"||HRS-Base|5|4
asb_0113|113|"Jalan Kabupaten"|"1.3.04.01.01.0003"|"Jalan Tipe C28"|"Lebar = 5 m, HRS-Base = 4 cm, LPA = 10 cm, LPB = 20 cm"|"Meter"|3350000|"Belanja Modal Jalan Kabupaten"||HRS-Base|5|4
asb_0114|114|"Jalan Kabupaten"|"1.3.04.01.01.0003"|"Jalan Tipe C29"|"Lebar = 5 m, HRS-Base = 4 cm, LPA = 15 cm, LPB = 20 cm"|"Meter"|3689000|"Belanja Modal Jalan Kabupaten"||HRS-Base|5|4
asb_0115|115|"Jalan Kabupaten"|"1.3.04.01.01.0003"|"Jalan Tipe C30"|"Lebar = 5 m, HRS-Base = 4 cm, LPA = 20 cm, LPB = 20 cm"|"Meter"|4029000|"Belanja Modal Jalan Kabupaten"||HRS-Base|5|4
asb_0116|116|"Jalan Kabupaten"|"1.3.04.01.01.0003"|"Jalan Tipe C31"|"Lebar = 3 m, HRS-Base = 5 cm, LPA = 10 cm, LPB = 10 cm"|"Meter"|1933000|"Belanja Modal Jalan Kabupaten"||HRS-Base|3|5
asb_0117|117|"Jalan Kabupaten"|"1.3.04.01.01.0003"|"Jalan Tipe C32"|"Lebar = 3 m, HRS-Base = 5 cm, LPA = 10 cm, LPB = 15 cm"|"Meter"|2137000|"Belanja Modal Jalan Kabupaten"||HRS-Base|3|5
asb_0118|118|"Jalan Kabupaten"|"1.3.04.01.01.0003"|"Jalan Tipe C33"|"Lebar = 3 m, HRS-Base = 5 cm, LPA = 15 cm, LPB = 15 cm"|"Meter"|2364000|"Belanja Modal Jalan Kabupaten"||HRS-Base|3|5
asb_0119|119|"Jalan Kabupaten"|"1.3.04.01.01.0003"|"Jalan Tipe C34"|"Lebar = 3 m, HRS-Base = 5 cm, LPA = 10 cm, LPB = 20 cm"|"Meter"|2342000|"Belanja Modal Jalan Kabupaten"||HRS-Base|3|5
asb_0120|120|"Jalan Kabupaten"|"1.3.04.01.01.0003"|"Jalan Tipe C35"|"Lebar = 3 m, HRS-Base = 5 cm, LPA = 15 cm, LPB = 20 cm"|"Meter"|2569000|"Belanja Modal Jalan Kabupaten"||HRS-Base|3|5
asb_0121|121|"Jalan Kabupaten"|"1.3.04.01.01.0003"|"Jalan Tipe C36"|"Lebar = 3 m, HRS-Base = 5 cm, LPA = 20 cm, LPB = 20 cm"|"Meter"|2795000|"Belanja Modal Jalan Kabupaten"||HRS-Base|3|5
asb_0122|122|"Jalan Kabupaten"|"1.3.04.01.01.0003"|"Jalan Tipe C37"|"Lebar = 3,5 m, HRS-Base = 5 cm, LPA = 10 cm, LPB = 10 cm"|"Meter"|2209000|"Belanja Modal Jalan Kabupaten"||HRS-Base|3.5|5
asb_0123|123|"Jalan Kabupaten"|"1.3.04.01.01.0003"|"Jalan Tipe C38"|"Lebar = 3,5 m, HRS-Base = 5 cm, LPA = 10 cm, LPB = 15 cm"|"Meter"|2440000|"Belanja Modal Jalan Kabupaten"||HRS-Base|3.5|5
asb_0124|124|"Jalan Kabupaten"|"1.3.04.01.01.0003"|"Jalan Tipe C39"|"Lebar = 3,5 m, HRS-Base = 5 cm, LPA = 15 cm, LPB = 15 cm"|"Meter"|2694000|"Belanja Modal Jalan Kabupaten"||HRS-Base|3.5|5
asb_0125|125|"Jalan Kabupaten"|"1.3.04.01.01.0003"|"Jalan Tipe C40"|"Lebar = 3,5 m, HRS-Base = 5 cm, LPA = 10 cm, LPB = 20 cm"|"Meter"|2670000|"Belanja Modal Jalan Kabupaten"||HRS-Base|3.5|5
asb_0126|126|"Jalan Kabupaten"|"1.3.04.01.01.0003"|"Jalan Tipe C41"|"Lebar = 3,5 m, HRS-Base = 5 cm, LPA = 15 cm, LPB = 20 cm"|"Meter"|2925000|"Belanja Modal Jalan Kabupaten"||HRS-Base|3.5|5
asb_0127|127|"Jalan Kabupaten"|"1.3.04.01.01.0003"|"Jalan Tipe C42"|"Lebar = 3,5 m, HRS-Base = 5 cm, LPA = 20 cm, LPB = 20 cm"|"Meter"|3180000|"Belanja Modal Jalan Kabupaten"||HRS-Base|3.5|5
asb_0128|128|"Jalan Kabupaten"|"1.3.04.01.01.0003"|"Jalan Tipe C43"|"Lebar = 4 m, HRS-Base = 5 cm, LPA = 10 cm, LPB = 10 cm"|"Meter"|2485000|"Belanja Modal Jalan Kabupaten"||HRS-Base|4|5
asb_0129|129|"Jalan Kabupaten"|"1.3.04.01.01.0003"|"Jalan Tipe C44"|"Lebar = 4 m, HRS-Base = 5 cm, LPA = 10 cm, LPB = 15 cm"|"Meter"|2742000|"Belanja Modal Jalan Kabupaten"||HRS-Base|4|5
asb_0130|130|"Jalan Kabupaten"|"1.3.04.01.01.0003"|"Jalan Tipe C45"|"Lebar = 4 m, HRS-Base = 5 cm, LPA = 15 cm, LPB = 15 cm"|"Meter"|3025000|"Belanja Modal Jalan Kabupaten"||HRS-Base|4|5
asb_0131|131|"Jalan Kabupaten"|"1.3.04.01.01.0003"|"Jalan Tipe C46"|"Lebar = 4 m, HRS-Base = 5 cm, LPA = 10 cm, LPB = 20 cm"|"Meter"|2997000|"Belanja Modal Jalan Kabupaten"||HRS-Base|4|5
asb_0132|132|"Jalan Kabupaten"|"1.3.04.01.01.0003"|"Jalan Tipe C47"|"Lebar = 4 m, HRS-Base = 5 cm, LPA = 15 cm, LPB = 20 cm"|"Meter"|3281000|"Belanja Modal Jalan Kabupaten"||HRS-Base|4|5
asb_0133|133|"Jalan Kabupaten"|"1.3.04.01.01.0003"|"Jalan Tipe C48"|"Lebar = 4 m, HRS-Base = 5 cm, LPA = 20 cm, LPB = 20 cm"|"Meter"|3564000|"Belanja Modal Jalan Kabupaten"||HRS-Base|4|5
asb_0134|134|"Jalan Kabupaten"|"1.3.04.01.01.0003"|"Jalan Tipe C49"|"Lebar = 4,5 m, HRS-Base = 5 cm, LPA = 10 cm, LPB = 10 cm"|"Meter"|2762000|"Belanja Modal Jalan Kabupaten"||HRS-Base|4.5|5
asb_0135|135|"Jalan Kabupaten"|"1.3.04.01.01.0003"|"Jalan Tipe C50"|"Lebar = 4,5 m, HRS-Base = 5 cm, LPA = 10 cm, LPB = 15 cm"|"Meter"|3044000|"Belanja Modal Jalan Kabupaten"||HRS-Base|4.5|5
asb_0136|136|"Jalan Kabupaten"|"1.3.04.01.01.0003"|"Jalan Tipe C51"|"Lebar = 4,5 m, HRS-Base = 5 cm, LPA = 15 cm, LPB = 15 cm"|"Meter"|3355000|"Belanja Modal Jalan Kabupaten"||HRS-Base|4.5|5
asb_0137|137|"Jalan Kabupaten"|"1.3.04.01.01.0003"|"Jalan Tipe C52"|"Lebar = 4,5 m, HRS-Base = 5 cm, LPA = 10 cm, LPB = 20 cm"|"Meter"|3325000|"Belanja Modal Jalan Kabupaten"||HRS-Base|4.5|5
asb_0138|138|"Jalan Kabupaten"|"1.3.04.01.01.0003"|"Jalan Tipe C53"|"Lebar = 4,5 m, HRS-Base = 5 cm, LPA = 15 cm, LPB = 20 cm"|"Meter"|3636000|"Belanja Modal Jalan Kabupaten"||HRS-Base|4.5|5
asb_0139|139|"Jalan Kabupaten"|"1.3.04.01.01.0003"|"Jalan Tipe C54"|"Lebar = 4,5 m, HRS-Base = 5 cm, LPA = 20 cm, LPB = 20 cm"|"Meter"|3948000|"Belanja Modal Jalan Kabupaten"||HRS-Base|4.5|5
asb_0140|140|"Jalan Kabupaten"|"1.3.04.01.01.0003"|"Jalan Tipe C55"|"Lebar = 5 m, HRS-Base = 5 cm, LPA = 10 cm, LPB = 10 cm"|"Meter"|3039000|"Belanja Modal Jalan Kabupaten"||HRS-Base|5|5
asb_0141|141|"Jalan Kabupaten"|"1.3.04.01.01.0003"|"Jalan Tipe C56"|"Lebar = 5 m, HRS-Base = 5 cm, LPA = 10 cm, LPB = 15 cm"|"Meter"|3345000|"Belanja Modal Jalan Kabupaten"||HRS-Base|5|5
asb_0142|142|"Jalan Kabupaten"|"1.3.04.01.01.0003"|"Jalan Tipe C57"|"Lebar = 5 m, HRS-Base = 5 cm, LPA = 15 cm, LPB = 15 cm"|"Meter"|3685000|"Belanja Modal Jalan Kabupaten"||HRS-Base|5|5
asb_0143|143|"Jalan Kabupaten"|"1.3.04.01.01.0003"|"Jalan Tipe C58"|"Lebar = 5 m, HRS-Base = 5 cm, LPA = 10 cm, LPB = 20 cm"|"Meter"|3652000|"Belanja Modal Jalan Kabupaten"||HRS-Base|5|5
asb_0144|144|"Jalan Kabupaten"|"1.3.04.01.01.0003"|"Jalan Tipe C59"|"Lebar = 5 m, HRS-Base = 5 cm, LPA = 15 cm, LPB = 20 cm"|"Meter"|3992000|"Belanja Modal Jalan Kabupaten"||HRS-Base|5|5
asb_0145|145|"Jalan Kabupaten"|"1.3.04.01.01.0003"|"Jalan Tipe C60"|"Lebar = 5 m, HRS-Base = 5 cm, LPA = 20 cm, LPB = 20 cm"|"Meter"|4332000|"Belanja Modal Jalan Kabupaten"||HRS-Base|5|5
asb_0146|146|"Jalan Kabupaten"|"1.3.04.01.01.0003"|"Jalan Tipe C61"|"Lebar = 3 m, HRS-WC = 4 cm, LPA = 10 cm, LPB = 10 cm"|"Meter"|1770000|"Belanja Modal Jalan Kabupaten"||HRS-WC|3|4
asb_0147|147|"Jalan Kabupaten"|"1.3.04.01.01.0003"|"Jalan Tipe C62"|"Lebar = 3 m, HRS-WC = 4 cm, LPA = 10 cm, LPB = 15 cm"|"Meter"|1975000|"Belanja Modal Jalan Kabupaten"||HRS-WC|3|4
asb_0148|148|"Jalan Kabupaten"|"1.3.04.01.01.0003"|"Jalan Tipe C63"|"Lebar = 3 m, HRS-WC = 4 cm, LPA = 15 cm, LPB = 15 cm"|"Meter"|2201000|"Belanja Modal Jalan Kabupaten"||HRS-WC|3|4
asb_0149|149|"Jalan Kabupaten"|"1.3.04.01.01.0003"|"Jalan Tipe C64"|"Lebar = 3 m, HRS-WC = 4 cm, LPA = 10 cm, LPB = 20 cm"|"Meter"|2178000|"Belanja Modal Jalan Kabupaten"||HRS-WC|3|4
asb_0150|150|"Jalan Kabupaten"|"1.3.04.01.01.0003"|"Jalan Tipe C65"|"Lebar = 3 m, HRS-WC = 4 cm, LPA = 15 cm, LPB = 20 cm"|"Meter"|2405000|"Belanja Modal Jalan Kabupaten"||HRS-WC|3|4
asb_0151|151|"Jalan Kabupaten"|"1.3.04.01.01.0003"|"Jalan Tipe C66"|"Lebar = 3 m, HRS-WC = 4 cm, LPA = 20 cm, LPB = 20 cm"|"Meter"|2632000|"Belanja Modal Jalan Kabupaten"||HRS-WC|3|4
asb_0152|152|"Jalan Kabupaten"|"1.3.04.01.01.0003"|"Jalan Tipe C67"|"Lebar = 3,5 m, HRS-WC = 4 cm, LPA = 10 cm, LPB = 10 cm"|"Meter"|2019000|"Belanja Modal Jalan Kabupaten"||HRS-WC|3.5|4
asb_0153|153|"Jalan Kabupaten"|"1.3.04.01.01.0003"|"Jalan Tipe C68"|"Lebar = 3,5 m, HRS-WC = 4 cm, LPA = 10 cm, LPB = 15 cm"|"Meter"|2248000|"Belanja Modal Jalan Kabupaten"||HRS-WC|3.5|4
asb_0154|154|"Jalan Kabupaten"|"1.3.04.01.01.0003"|"Jalan Tipe C69"|"Lebar = 3,5 m, HRS-WC = 4 cm, LPA = 15 cm, LPB = 15 cm"|"Meter"|2504000|"Belanja Modal Jalan Kabupaten"||HRS-WC|3.5|4
asb_0155|155|"Jalan Kabupaten"|"1.3.04.01.01.0003"|"Jalan Tipe C70"|"Lebar = 3,5 m, HRS-WC = 4 cm, LPA = 10 cm, LPB = 20 cm"|"Meter"|2479000|"Belanja Modal Jalan Kabupaten"||HRS-WC|3.5|4
asb_0156|156|"Jalan Kabupaten"|"1.3.04.01.01.0003"|"Jalan Tipe C71"|"Lebar = 3,5 m, HRS-WC = 4 cm, LPA = 15 cm, LPB = 20 cm"|"Meter"|2734000|"Belanja Modal Jalan Kabupaten"||HRS-WC|3.5|4
asb_0157|157|"Jalan Kabupaten"|"1.3.04.01.01.0003"|"Jalan Tipe C72"|"Lebar = 3,5 m, HRS-WC = 4 cm, LPA = 20 cm, LPB = 20 cm"|"Meter"|2989000|"Belanja Modal Jalan Kabupaten"||HRS-WC|3.5|4
asb_0158|158|"Jalan Kabupaten"|"1.3.04.01.01.0003"|"Jalan Tipe C73"|"Lebar = 4 m, HRS-WC = 4 cm, LPA = 10 cm, LPB = 10 cm"|"Meter"|2268000|"Belanja Modal Jalan Kabupaten"||HRS-WC|4|4
asb_0159|159|"Jalan Kabupaten"|"1.3.04.01.01.0003"|"Jalan Tipe C74"|"Lebar = 4 m, HRS-WC = 4 cm, LPA = 10 cm, LPB = 15 cm"|"Meter"|2524000|"Belanja Modal Jalan Kabupaten"||HRS-WC|4|4
asb_0160|160|"Jalan Kabupaten"|"1.3.04.01.01.0003"|"Jalan Tipe C75"|"Lebar = 4 m, HRS-WC = 4 cm, LPA = 15 cm, LPB = 15 cm"|"Meter"|2807000|"Belanja Modal Jalan Kabupaten"||HRS-WC|4|4
asb_0161|161|"Jalan Kabupaten"|"1.3.04.01.01.0003"|"Jalan Tipe C76"|"Lebar = 4 m, HRS-WC = 4 cm, LPA = 10 cm, LPB = 20 cm"|"Meter"|2779000|"Belanja Modal Jalan Kabupaten"||HRS-WC|4|4
asb_0162|162|"Jalan Kabupaten"|"1.3.04.01.01.0003"|"Jalan Tipe C77"|"Lebar = 4 m, HRS-WC = 4 cm, LPA = 15 cm, LPB = 20 cm"|"Meter"|3062000|"Belanja Modal Jalan Kabupaten"||HRS-WC|4|4
asb_0163|163|"Jalan Kabupaten"|"1.3.04.01.01.0003"|"Jalan Tipe C78"|"Lebar = 4 m, HRS-WC = 4 cm, LPA = 20 cm, LPB = 20 cm"|"Meter"|3345000|"Belanja Modal Jalan Kabupaten"||HRS-WC|4|4
asb_0164|164|"Jalan Kabupaten"|"1.3.04.01.01.0003"|"Jalan Tipe C79"|"Lebar = 4,5 m, HRS-WC = 4 cm, LPA = 10 cm, LPB = 10 cm"|"Meter"|2516000|"Belanja Modal Jalan Kabupaten"||HRS-WC|4.5|4
asb_0165|165|"Jalan Kabupaten"|"1.3.04.01.01.0003"|"Jalan Tipe C80"|"Lebar = 4,5 m, HRS-WC = 4 cm, LPA = 10 cm, LPB = 15 cm"|"Meter"|2799000|"Belanja Modal Jalan Kabupaten"||HRS-WC|4.5|4
asb_0166|166|"Jalan Kabupaten"|"1.3.04.01.01.0003"|"Jalan Tipe C81"|"Lebar = 4,5 m, HRS-WC = 4 cm, LPA = 15 cm, LPB = 15 cm"|"Meter"|3110000|"Belanja Modal Jalan Kabupaten"||HRS-WC|4.5|4
asb_0167|167|"Jalan Kabupaten"|"1.3.04.01.01.0003"|"Jalan Tipe C82"|"Lebar = 4,5 m, HRS-WC = 4 cm, LPA = 10 cm, LPB = 20 cm"|"Meter"|3080000|"Belanja Modal Jalan Kabupaten"||HRS-WC|4.5|4
asb_0168|168|"Jalan Kabupaten"|"1.3.04.01.01.0003"|"Jalan Tipe C83"|"Lebar = 4,5 m, HRS-WC = 4 cm, LPA = 15 cm, LPB = 20 cm"|"Meter"|3391000|"Belanja Modal Jalan Kabupaten"||HRS-WC|4.5|4
asb_0169|169|"Jalan Kabupaten"|"1.3.04.01.01.0003"|"Jalan Tipe C84"|"Lebar = 4,5 m, HRS-WC = 4 cm, LPA = 20 cm, LPB = 20 cm"|"Meter"|3703000|"Belanja Modal Jalan Kabupaten"||HRS-WC|4.5|4
asb_0170|170|"Jalan Kabupaten"|"1.3.04.01.01.0003"|"Jalan Tipe C85"|"Lebar = 5 m, HRS-WC = 4 cm, LPA = 10 cm, LPB = 10 cm"|"Meter"|2766000|"Belanja Modal Jalan Kabupaten"||HRS-WC|5|4
asb_0171|171|"Jalan Kabupaten"|"1.3.04.01.01.0003"|"Jalan Tipe C86"|"Lebar = 5 m, HRS-WC = 4 cm, LPA = 10 cm, LPB = 15 cm"|"Meter"|3072000|"Belanja Modal Jalan Kabupaten"||HRS-WC|5|4
asb_0172|172|"Jalan Kabupaten"|"1.3.04.01.01.0003"|"Jalan Tipe C87"|"Lebar = 5 m, HRS-WC = 4 cm, LPA = 15 cm, LPB = 15 cm"|"Meter"|3412000|"Belanja Modal Jalan Kabupaten"||HRS-WC|5|4
asb_0173|173|"Jalan Kabupaten"|"1.3.04.01.01.0003"|"Jalan Tipe C88"|"Lebar = 5 m, HRS-WC = 4 cm, LPA = 10 cm, LPB = 20 cm"|"Meter"|3379000|"Belanja Modal Jalan Kabupaten"||HRS-WC|5|4
asb_0174|174|"Jalan Kabupaten"|"1.3.04.01.01.0003"|"Jalan Tipe C89"|"Lebar = 5 m, HRS-WC = 4 cm, LPA = 15 cm, LPB = 20 cm"|"Meter"|3719000|"Belanja Modal Jalan Kabupaten"||HRS-WC|5|4
asb_0175|175|"Jalan Kabupaten"|"1.3.04.01.01.0003"|"Jalan Tipe C90"|"Lebar = 5 m, HRS-WC = 4 cm, LPA = 20 cm, LPB = 20 cm"|"Meter"|4059000|"Belanja Modal Jalan Kabupaten"||HRS-WC|5|4
asb_0176|176|"Jalan Kabupaten"|"1.3.04.01.01.0003"|"Jalan Tipe C91"|"Lebar = 3 m, HRS-WC = 5 cm, LPA = 10 cm, LPB = 10 cm"|"Meter"|1956000|"Belanja Modal Jalan Kabupaten"||HRS-WC|3|5
asb_0177|177|"Jalan Kabupaten"|"1.3.04.01.01.0003"|"Jalan Tipe C92"|"Lebar = 3 m, HRS-WC = 5 cm, LPA = 10 cm, LPB = 15 cm"|"Meter"|2161000|"Belanja Modal Jalan Kabupaten"||HRS-WC|3|5
asb_0178|178|"Jalan Kabupaten"|"1.3.04.01.01.0003"|"Jalan Tipe C93"|"Lebar = 3 m, HRS-WC = 5 cm, LPA = 15 cm, LPB = 15 cm"|"Meter"|2388000|"Belanja Modal Jalan Kabupaten"||HRS-WC|3|5
asb_0179|179|"Jalan Kabupaten"|"1.3.04.01.01.0003"|"Jalan Tipe C94"|"Lebar = 3 m, HRS-WC = 5 cm, LPA = 10 cm, LPB = 20 cm"|"Meter"|2365000|"Belanja Modal Jalan Kabupaten"||HRS-WC|3|5
asb_0180|180|"Jalan Kabupaten"|"1.3.04.01.01.0003"|"Jalan Tipe C95"|"Lebar = 3 m, HRS-WC = 5 cm, LPA = 15 cm, LPB = 20 cm"|"Meter"|2591000|"Belanja Modal Jalan Kabupaten"||HRS-WC|3|5
asb_0181|181|"Jalan Kabupaten"|"1.3.04.01.01.0003"|"Jalan Tipe C96"|"Lebar = 3 m, HRS-WC = 5 cm, LPA = 20 cm, LPB = 20 cm"|"Meter"|2818000|"Belanja Modal Jalan Kabupaten"||HRS-WC|3|5
asb_0182|182|"Jalan Kabupaten"|"1.3.04.01.01.0003"|"Jalan Tipe C97"|"Lebar = 3,5 m, HRS-WC = 5 cm, LPA = 10 cm, LPB = 10 cm"|"Meter"|2236000|"Belanja Modal Jalan Kabupaten"||HRS-WC|3.5|5
asb_0183|183|"Jalan Kabupaten"|"1.3.04.01.01.0003"|"Jalan Tipe C98"|"Lebar = 3,5 m, HRS-WC = 5 cm, LPA = 10 cm, LPB = 15 cm"|"Meter"|2467000|"Belanja Modal Jalan Kabupaten"||HRS-WC|3.5|5
asb_0184|184|"Jalan Kabupaten"|"1.3.04.01.01.0003"|"Jalan Tipe C99"|"Lebar = 3,5 m, HRS-WC = 5 cm, LPA = 15 cm, LPB = 15 cm"|"Meter"|2721000|"Belanja Modal Jalan Kabupaten"||HRS-WC|3.5|5
asb_0185|185|"Jalan Kabupaten"|"1.3.04.01.01.0003"|"Jalan Tipe C100"|"Lebar = 3,5 m, HRS-WC = 5 cm, LPA = 10 cm, LPB = 20 cm"|"Meter"|2697000|"Belanja Modal Jalan Kabupaten"||HRS-WC|3.5|5
asb_0186|186|"Jalan Kabupaten"|"1.3.04.01.01.0003"|"Jalan Tipe C101"|"Lebar = 3,5 m, HRS-WC = 5 cm, LPA = 15 cm, LPB = 20 cm"|"Meter"|2951000|"Belanja Modal Jalan Kabupaten"||HRS-WC|3.5|5
asb_0187|187|"Jalan Kabupaten"|"1.3.04.01.01.0003"|"Jalan Tipe C102"|"Lebar = 3,5 m, HRS-WC = 5 cm, LPA = 20 cm, LPB = 20 cm"|"Meter"|3206000|"Belanja Modal Jalan Kabupaten"||HRS-WC|3.5|5
asb_0188|188|"Jalan Kabupaten"|"1.3.04.01.01.0003"|"Jalan Tipe C103"|"Lebar = 4 m, HRS-WC = 5 cm, LPA = 10 cm, LPB = 10 cm"|"Meter"|2516000|"Belanja Modal Jalan Kabupaten"||HRS-WC|4|5
asb_0189|189|"Jalan Kabupaten"|"1.3.04.01.01.0003"|"Jalan Tipe C104"|"Lebar = 4 m, HRS-WC = 5 cm, LPA = 10 cm, LPB = 15 cm"|"Meter"|2772000|"Belanja Modal Jalan Kabupaten"||HRS-WC|4|5
asb_0190|190|"Jalan Kabupaten"|"1.3.04.01.01.0003"|"Jalan Tipe C105"|"Lebar = 4 m, HRS-WC = 5 cm, LPA = 15 cm, LPB = 15 cm"|"Meter"|3055000|"Belanja Modal Jalan Kabupaten"||HRS-WC|4|5
asb_0191|191|"Jalan Kabupaten"|"1.3.04.01.01.0003"|"Jalan Tipe C106"|"Lebar = 4 m, HRS-WC = 5 cm, LPA = 10 cm, LPB = 20 cm"|"Meter"|3028000|"Belanja Modal Jalan Kabupaten"||HRS-WC|4|5
asb_0192|192|"Jalan Kabupaten"|"1.3.04.01.01.0003"|"Jalan Tipe C107"|"Lebar = 4 m, HRS-WC = 5 cm, LPA = 15 cm, LPB = 20 cm"|"Meter"|3311000|"Belanja Modal Jalan Kabupaten"||HRS-WC|4|5
asb_0193|193|"Jalan Kabupaten"|"1.3.04.01.01.0003"|"Jalan Tipe C108"|"Lebar = 4 m, HRS-WC = 5 cm, LPA = 20 cm, LPB = 20 cm"|"Meter"|3595000|"Belanja Modal Jalan Kabupaten"||HRS-WC|4|5
asb_0194|194|"Jalan Kabupaten"|"1.3.04.01.01.0003"|"Jalan Tipe C109"|"Lebar = 4,5 m, HRS-WC = 5 cm, LPA = 10 cm, LPB = 10 cm"|"Meter"|2796000|"Belanja Modal Jalan Kabupaten"||HRS-WC|4.5|5
asb_0195|195|"Jalan Kabupaten"|"1.3.04.01.01.0003"|"Jalan Tipe C110"|"Lebar = 4,5 m, HRS-WC = 5 cm, LPA = 10 cm, LPB = 15 cm"|"Meter"|3078000|"Belanja Modal Jalan Kabupaten"||HRS-WC|4.5|5
asb_0196|196|"Jalan Kabupaten"|"1.3.04.01.01.0003"|"Jalan Tipe C111"|"Lebar = 4,5 m, HRS-WC = 5 cm, LPA = 15 cm, LPB = 15 cm"|"Meter"|3390000|"Belanja Modal Jalan Kabupaten"||HRS-WC|4.5|5
asb_0197|197|"Jalan Kabupaten"|"1.3.04.01.01.0003"|"Jalan Tipe C112"|"Lebar = 4,5 m, HRS-WC = 5 cm, LPA = 10 cm, LPB = 20 cm"|"Meter"|3359000|"Belanja Modal Jalan Kabupaten"||HRS-WC|4.5|5
asb_0198|198|"Jalan Kabupaten"|"1.3.04.01.01.0003"|"Jalan Tipe C113"|"Lebar = 4,5 m, HRS-WC = 5 cm, LPA = 15 cm, LPB = 20 cm"|"Meter"|3671000|"Belanja Modal Jalan Kabupaten"||HRS-WC|4.5|5
asb_0199|199|"Jalan Kabupaten"|"1.3.04.01.01.0003"|"Jalan Tipe C114"|"Lebar = 4,5 m, HRS-WC = 5 cm, LPA = 20 cm, LPB = 20 cm"|"Meter"|3982000|"Belanja Modal Jalan Kabupaten"||HRS-WC|4.5|5
asb_0200|200|"Jalan Kabupaten"|"1.3.04.01.01.0003"|"Jalan Tipe C115"|"Lebar = 5 m, HRS-WC = 5 cm, LPA = 10 cm, LPB = 10 cm"|"Meter"|3077000|"Belanja Modal Jalan Kabupaten"||HRS-WC|5|5
asb_0201|201|"Jalan Kabupaten"|"1.3.04.01.01.0003"|"Jalan Tipe C116"|"Lebar = 5 m, HRS-WC = 5 cm, LPA = 10 cm, LPB = 15 cm"|"Meter"|3384000|"Belanja Modal Jalan Kabupaten"||HRS-WC|5|5
asb_0202|202|"Jalan Kabupaten"|"1.3.04.01.01.0003"|"Jalan Tipe C117"|"Lebar = 5 m, HRS-WC = 5 cm, LPA = 15 cm, LPB = 15 cm"|"Meter"|3723000|"Belanja Modal Jalan Kabupaten"||HRS-WC|5|5
asb_0203|203|"Jalan Kabupaten"|"1.3.04.01.01.0003"|"Jalan Tipe C118"|"Lebar = 5 m, HRS-WC = 5 cm, LPA = 10 cm, LPB = 20 cm"|"Meter"|3690000|"Belanja Modal Jalan Kabupaten"||HRS-WC|5|5
asb_0204|204|"Jalan Kabupaten"|"1.3.04.01.01.0003"|"Jalan Tipe C119"|"Lebar = 5 m, HRS-WC = 5 cm, LPA = 15 cm, LPB = 20 cm"|"Meter"|4030000|"Belanja Modal Jalan Kabupaten"||HRS-WC|5|5
asb_0205|205|"Jalan Kabupaten"|"1.3.04.01.01.0003"|"Jalan Tipe C120"|"Lebar = 5 m, HRS-WC = 5 cm, LPA = 20 cm, LPB = 20 cm"|"Meter"|4370000|"Belanja Modal Jalan Kabupaten"||HRS-WC|5|5
asb_0206|206|"Jalan Kabupaten"|"1.3.04.01.01.0003"|"Jalan Tipe D1"|"Lebar = 3 m, HRS-WC = 4 cm, LPA = 10 cm, LPB = 10 cm, dan Timbunan Pilihan dari Sumber Galian = 20 cm"|"Meter"|2430000|"Belanja Modal Jalan Kabupaten"||HRS-WC|3|4
asb_0207|207|"Jalan Kabupaten"|"1.3.04.01.01.0003"|"Jalan Tipe D2"|"Lebar = 3 m, HRS-WC = 4 cm, LPA = 10 cm, LPB = 15 cm, dan Timbunan Pilihan dari Sumber Galian = 20 cm"|"Meter"|2635000|"Belanja Modal Jalan Kabupaten"||HRS-WC|3|4
asb_0208|208|"Jalan Kabupaten"|"1.3.04.01.01.0003"|"Jalan Tipe D3"|"Lebar = 3 m, HRS-WC = 4 cm, LPA = 10 cm, LPB = 20 cm, dan Timbunan Pilihan dari Sumber Galian = 20 cm"|"Meter"|2840000|"Belanja Modal Jalan Kabupaten"||HRS-WC|3|4
asb_0209|209|"Jalan Kabupaten"|"1.3.04.01.01.0003"|"Jalan Tipe D4"|"Lebar = 3 m, HRS-WC = 4 cm, LPA = 15 cm, LPB = 15 cm, dan Timbunan Pilihan dari Sumber Galian = 20 cm"|"Meter"|2861000|"Belanja Modal Jalan Kabupaten"||HRS-WC|3|4
asb_0210|210|"Jalan Kabupaten"|"1.3.04.01.01.0003"|"Jalan Tipe D5"|"Lebar = 3 m, HRS-WC = 4 cm, LPA = 15 cm, LPB = 20 cm, dan Timbunan Pilihan dari Sumber Galian = 20 cm"|"Meter"|3066000|"Belanja Modal Jalan Kabupaten"||HRS-WC|3|4
asb_0211|211|"Jalan Kabupaten"|"1.3.04.01.01.0003"|"Jalan Tipe D6"|"Lebar = 3 m, HRS-WC = 4 cm, LPA = 20 cm, LPB = 20 cm, dan Timbunan Pilihan dari Sumber Galian = 20 cm"|"Meter"|3293000|"Belanja Modal Jalan Kabupaten"||HRS-WC|3|4
asb_0212|212|"Jalan Kabupaten"|"1.3.04.01.01.0003"|"Jalan Tipe D7"|"Lebar = 3 m, HRS-WC = 4 cm, LPA = 10 cm, LPB = 10 cm, dan Timbunan Pilihan dari Sumber Galian = 30 cm"|"Meter"|2760000|"Belanja Modal Jalan Kabupaten"||HRS-WC|3|4
asb_0213|213|"Jalan Kabupaten"|"1.3.04.01.01.0003"|"Jalan Tipe D8"|"Lebar = 3 m, HRS-WC = 4 cm, LPA = 10 cm, LPB = 15 cm, dan Timbunan Pilihan dari Sumber Galian = 30 cm"|"Meter"|2965000|"Belanja Modal Jalan Kabupaten"||HRS-WC|3|4
asb_0214|214|"Jalan Kabupaten"|"1.3.04.01.01.0003"|"Jalan Tipe D9"|"Lebar = 3 m, HRS-WC = 4 cm, LPA = 10 cm, LPB = 20 cm, dan Timbunan Pilihan dari Sumber Galian = 30 cm"|"Meter"|3170000|"Belanja Modal Jalan Kabupaten"||HRS-WC|3|4
asb_0215|215|"Jalan Kabupaten"|"1.3.04.01.01.0003"|"Jalan Tipe D10"|"Lebar = 3 m, HRS-WC = 4 cm, LPA = 15 cm, LPB = 15 cm, dan Timbunan Pilihan dari Sumber Galian = 30 cm"|"Meter"|3192000|"Belanja Modal Jalan Kabupaten"||HRS-WC|3|4
asb_0216|216|"Jalan Kabupaten"|"1.3.04.01.01.0003"|"Jalan Tipe D11"|"Lebar = 3 m, HRS-WC = 4 cm, LPA = 15 cm, LPB = 20 cm, dan Timbunan Pilihan dari Sumber Galian = 30 cm"|"Meter"|3396000|"Belanja Modal Jalan Kabupaten"||HRS-WC|3|4
asb_0217|217|"Jalan Kabupaten"|"1.3.04.01.01.0003"|"Jalan Tipe D12"|"Lebar = 3 m, HRS-WC = 4 cm, LPA = 20 cm, LPB = 20 cm, dan Timbunan Pilihan dari Sumber Galian = 30 cm"|"Meter"|3623000|"Belanja Modal Jalan Kabupaten"||HRS-WC|3|4
asb_0218|218|"Jalan Kabupaten"|"1.3.04.01.01.0003"|"Jalan Tipe D13"|"Lebar = 3 m, HRS-WC = 4 cm, LPA = 10 cm, LPB = 10 cm, dan Timbunan Pilihan dari Sumber Galian = 40 cm"|"Meter"|3091000|"Belanja Modal Jalan Kabupaten"||HRS-WC|3|4
asb_0219|219|"Jalan Kabupaten"|"1.3.04.01.01.0003"|"Jalan Tipe D14"|"Lebar = 3 m, HRS-WC = 4 cm, LPA = 10 cm, LPB = 15 cm, dan Timbunan Pilihan dari Sumber Galian = 40 cm"|"Meter"|3296000|"Belanja Modal Jalan Kabupaten"||HRS-WC|3|4
asb_0220|220|"Jalan Kabupaten"|"1.3.04.01.01.0003"|"Jalan Tipe D15"|"Lebar = 3 m, HRS-WC = 4 cm, LPA = 10 cm, LPB = 20 cm, dan Timbunan Pilihan dari Sumber Galian = 40 cm"|"Meter"|3500000|"Belanja Modal Jalan Kabupaten"||HRS-WC|3|4
asb_0221|221|"Jalan Kabupaten"|"1.3.04.01.01.0003"|"Jalan Tipe D16"|"Lebar = 3 m, HRS-WC = 4 cm, LPA = 15 cm, LPB = 15 cm, dan Timbunan Pilihan dari Sumber Galian = 40 cm"|"Meter"|3522000|"Belanja Modal Jalan Kabupaten"||HRS-WC|3|4
asb_0222|222|"Jalan Kabupaten"|"1.3.04.01.01.0003"|"Jalan Tipe D17"|"Lebar = 3 m, HRS-WC = 4 cm, LPA = 15 cm, LPB = 20 cm, dan Timbunan Pilihan dari Sumber Galian = 40 cm"|"Meter"|3727000|"Belanja Modal Jalan Kabupaten"||HRS-WC|3|4
asb_0223|223|"Jalan Kabupaten"|"1.3.04.01.01.0003"|"Jalan Tipe D18"|"Lebar = 3 m, HRS-WC = 4 cm, LPA = 20 cm, LPB = 20 cm, dan Timbunan Pilihan dari Sumber Galian = 40 cm"|"Meter"|3953000|"Belanja Modal Jalan Kabupaten"||HRS-WC|3|4
asb_0224|224|"Jalan Kabupaten"|"1.3.04.01.01.0003"|"Jalan Tipe D19"|"Lebar = 3 m, HRS-WC = 4 cm, LPA = 10 cm, LPB = 10 cm, dan Timbunan Pilihan dari Sumber Galian = 50 cm"|"Meter"|3422000|"Belanja Modal Jalan Kabupaten"||HRS-WC|3|4
asb_0225|225|"Jalan Kabupaten"|"1.3.04.01.01.0003"|"Jalan Tipe D20"|"Lebar = 3 m, HRS-WC = 4 cm, LPA = 10 cm, LPB = 15 cm, dan Timbunan Pilihan dari Sumber Galian = 50 cm"|"Meter"|3626000|"Belanja Modal Jalan Kabupaten"||HRS-WC|3|4
asb_0226|226|"Jalan Kabupaten"|"1.3.04.01.01.0003"|"Jalan Tipe D21"|"Lebar = 3 m, HRS-WC = 4 cm, LPA = 10 cm, LPB = 20 cm, dan Timbunan Pilihan dari Sumber Galian = 50 cm"|"Meter"|3831000|"Belanja Modal Jalan Kabupaten"||HRS-WC|3|4
asb_0227|227|"Jalan Kabupaten"|"1.3.04.01.01.0003"|"Jalan Tipe D22"|"Lebar = 3 m, HRS-WC = 4 cm, LPA = 15 cm, LPB = 15 cm, dan Timbunan Pilihan dari Sumber Galian = 50 cm"|"Meter"|3852000|"Belanja Modal Jalan Kabupaten"||HRS-WC|3|4
asb_0228|228|"Jalan Kabupaten"|"1.3.04.01.01.0003"|"Jalan Tipe D23"|"Lebar = 3 m, HRS-WC = 4 cm, LPA = 15 cm, LPB = 20 cm, dan Timbunan Pilihan dari Sumber Galian = 50 cm"|"Meter"|4057000|"Belanja Modal Jalan Kabupaten"||HRS-WC|3|4
asb_0229|229|"Jalan Kabupaten"|"1.3.04.01.01.0003"|"Jalan Tipe D24"|"Lebar = 3 m, HRS-WC = 4 cm, LPA = 20 cm, LPB = 20 cm, dan Timbunan Pilihan dari Sumber Galian = 50 cm"|"Meter"|4284000|"Belanja Modal Jalan Kabupaten"||HRS-WC|3|4
asb_0230|230|"Jalan Kabupaten"|"1.3.04.01.01.0003"|"Jalan Tipe D25"|"Lebar = 3 m, HRS-WC = 5 cm, LPA = 10 cm, LPB = 10 cm, dan Timbunan Pilihan dari Sumber Galian = 20 cm"|"Meter"|2616000|"Belanja Modal Jalan Kabupaten"||HRS-WC|3|5
asb_0231|231|"Jalan Kabupaten"|"1.3.04.01.01.0003"|"Jalan Tipe D26"|"Lebar = 3 m, HRS-WC = 5 cm, LPA = 10 cm, LPB = 15 cm, dan Timbunan Pilihan dari Sumber Galian = 20 cm"|"Meter"|2821000|"Belanja Modal Jalan Kabupaten"||HRS-WC|3|5
asb_0232|232|"Jalan Kabupaten"|"1.3.04.01.01.0003"|"Jalan Tipe D27"|"Lebar = 3 m, HRS-WC = 5 cm, LPA = 10 cm, LPB = 20 cm, dan Timbunan Pilihan dari Sumber Galian = 20 cm"|"Meter"|3026000|"Belanja Modal Jalan Kabupaten"||HRS-WC|3|5
asb_0233|233|"Jalan Kabupaten"|"1.3.04.01.01.0003"|"Jalan Tipe D28"|"Lebar = 3 m, HRS-WC = 5 cm, LPA = 15 cm, LPB = 15 cm, dan Timbunan Pilihan dari Sumber Galian = 20 cm"|"Meter"|3048000|"Belanja Modal Jalan Kabupaten"||HRS-WC|3|5
asb_0234|234|"Jalan Kabupaten"|"1.3.04.01.01.0003"|"Jalan Tipe D29"|"Lebar = 3 m, HRS-WC = 5 cm, LPA = 15 cm, LPB = 20 cm, dan Timbunan Pilihan dari Sumber Galian = 20 cm"|"Meter"|3253000|"Belanja Modal Jalan Kabupaten"||HRS-WC|3|5
asb_0235|235|"Jalan Kabupaten"|"1.3.04.01.01.0003"|"Jalan Tipe D30"|"Lebar = 3 m, HRS-WC = 5 cm, LPA = 20 cm, LPB = 20 cm, dan Timbunan Pilihan dari Sumber Galian = 20 cm"|"Meter"|3479000|"Belanja Modal Jalan Kabupaten"||HRS-WC|3|5
asb_0236|236|"Jalan Kabupaten"|"1.3.04.01.01.0003"|"Jalan Tipe D31"|"Lebar = 3 m, HRS-WC = 5 cm, LPA = 10 cm, LPB = 10 cm, dan Timbunan Pilihan dari Sumber Galian = 30 cm"|"Meter"|2947000|"Belanja Modal Jalan Kabupaten"||HRS-WC|3|5
asb_0237|237|"Jalan Kabupaten"|"1.3.04.01.01.0003"|"Jalan Tipe D32"|"Lebar = 3 m, HRS-WC = 5 cm, LPA = 10 cm, LPB = 15 cm, dan Timbunan Pilihan dari Sumber Galian = 30 cm"|"Meter"|3152000|"Belanja Modal Jalan Kabupaten"||HRS-WC|3|5
asb_0238|238|"Jalan Kabupaten"|"1.3.04.01.01.0003"|"Jalan Tipe D33"|"Lebar = 3 m, HRS-WC = 5 cm, LPA = 10 cm, LPB = 20 cm, dan Timbunan Pilihan dari Sumber Galian = 30 cm"|"Meter"|3357000|"Belanja Modal Jalan Kabupaten"||HRS-WC|3|5
asb_0239|239|"Jalan Kabupaten"|"1.3.04.01.01.0003"|"Jalan Tipe D34"|"Lebar = 3 m, HRS-WC = 5 cm, LPA = 15 cm, LPB = 15 cm, dan Timbunan Pilihan dari Sumber Galian = 30 cm"|"Meter"|3378000|"Belanja Modal Jalan Kabupaten"||HRS-WC|3|5
asb_0240|240|"Jalan Kabupaten"|"1.3.04.01.01.0003"|"Jalan Tipe D35"|"Lebar = 3 m, HRS-WC = 5 cm, LPA = 15 cm, LPB = 20 cm, dan Timbunan Pilihan dari Sumber Galian = 30 cm"|"Meter"|3582000|"Belanja Modal Jalan Kabupaten"||HRS-WC|3|5
asb_0241|241|"Jalan Kabupaten"|"1.3.04.01.01.0003"|"Jalan Tipe D36"|"Lebar = 3 m, HRS-WC = 5 cm, LPA = 20 cm, LPB = 20 cm, dan Timbunan Pilihan dari Sumber Galian = 30 cm"|"Meter"|3809000|"Belanja Modal Jalan Kabupaten"||HRS-WC|3|5
asb_0242|242|"Jalan Kabupaten"|"1.3.04.01.01.0003"|"Jalan Tipe D37"|"Lebar = 3 m, HRS-WC = 5 cm, LPA = 10 cm, LPB = 10 cm, dan Timbunan Pilihan dari Sumber Galian = 40 cm"|"Meter"|3277000|"Belanja Modal Jalan Kabupaten"||HRS-WC|3|5
asb_0243|243|"Jalan Kabupaten"|"1.3.04.01.01.0003"|"Jalan Tipe D38"|"Lebar = 3 m, HRS-WC = 5 cm, LPA = 10 cm, LPB = 15 cm, dan Timbunan Pilihan dari Sumber Galian = 40 cm"|"Meter"|3482000|"Belanja Modal Jalan Kabupaten"||HRS-WC|3|5
asb_0244|244|"Jalan Kabupaten"|"1.3.04.01.01.0003"|"Jalan Tipe D39"|"Lebar = 3 m, HRS-WC = 5 cm, LPA = 10 cm, LPB = 20 cm, dan Timbunan Pilihan dari Sumber Galian = 40 cm"|"Meter"|3686000|"Belanja Modal Jalan Kabupaten"||HRS-WC|3|5
asb_0245|245|"Jalan Kabupaten"|"1.3.04.01.01.0003"|"Jalan Tipe D40"|"Lebar = 3 m, HRS-WC = 5 cm, LPA = 15 cm, LPB = 15 cm, dan Timbunan Pilihan dari Sumber Galian = 40 cm"|"Meter"|3708000|"Belanja Modal Jalan Kabupaten"||HRS-WC|3|5
asb_0246|246|"Jalan Kabupaten"|"1.3.04.01.01.0003"|"Jalan Tipe D41"|"Lebar = 3 m, HRS-WC = 5 cm, LPA = 15 cm, LPB = 20 cm, dan Timbunan Pilihan dari Sumber Galian = 40 cm"|"Meter"|3913000|"Belanja Modal Jalan Kabupaten"||HRS-WC|3|5
asb_0247|247|"Jalan Kabupaten"|"1.3.04.01.01.0003"|"Jalan Tipe D42"|"Lebar = 3 m, HRS-WC = 5 cm, LPA = 20 cm, LPB = 20 cm, dan Timbunan Pilihan dari Sumber Galian = 40 cm"|"Meter"|4140000|"Belanja Modal Jalan Kabupaten"||HRS-WC|3|5
asb_0248|248|"Jalan Kabupaten"|"1.3.04.01.01.0003"|"Jalan Tipe D43"|"Lebar = 3 m, HRS-WC = 5 cm, LPA = 10 cm, LPB = 10 cm, dan Timbunan Pilihan dari Sumber Galian = 50 cm"|"Meter"|3608000|"Belanja Modal Jalan Kabupaten"||HRS-WC|3|5
asb_0249|249|"Jalan Kabupaten"|"1.3.04.01.01.0003"|"Jalan Tipe D44"|"Lebar = 3 m, HRS-WC = 5 cm, LPA = 10 cm, LPB = 15 cm, dan Timbunan Pilihan dari Sumber Galian = 50 cm"|"Meter"|3812000|"Belanja Modal Jalan Kabupaten"||HRS-WC|3|5
asb_0250|250|"Jalan Kabupaten"|"1.3.04.01.01.0003"|"Jalan Tipe D45"|"Lebar = 3 m, HRS-WC = 5 cm, LPA = 10 cm, LPB = 20 cm, dan Timbunan Pilihan dari Sumber Galian = 50 cm"|"Meter"|4017000|"Belanja Modal Jalan Kabupaten"||HRS-WC|3|5
asb_0251|251|"Jalan Kabupaten"|"1.3.04.01.01.0003"|"Jalan Tipe D46"|"Lebar = 3 m, HRS-WC = 5 cm, LPA = 15 cm, LPB = 15 cm, dan Timbunan Pilihan dari Sumber Galian = 50 cm"|"Meter"|4039000|"Belanja Modal Jalan Kabupaten"||HRS-WC|3|5
asb_0252|252|"Jalan Kabupaten"|"1.3.04.01.01.0003"|"Jalan Tipe D47"|"Lebar = 3 m, HRS-WC = 5 cm, LPA = 15 cm, LPB = 20 cm, dan Timbunan Pilihan dari Sumber Galian = 50 cm"|"Meter"|4244000|"Belanja Modal Jalan Kabupaten"||HRS-WC|3|5
asb_0253|253|"Jalan Kabupaten"|"1.3.04.01.01.0003"|"Jalan Tipe D48"|"Lebar = 3 m, HRS-WC = 5 cm, LPA = 20 cm, LPB = 20 cm, dan Timbunan Pilihan dari Sumber Galian = 50 cm"|"Meter"|4470000|"Belanja Modal Jalan Kabupaten"||HRS-WC|3|5
asb_0254|254|"Jalan Kabupaten"|"1.3.04.01.01.0003"|"Jalan Tipe D49"|"Lebar = 3 m, HRS-Base = 4 cm, LPA = 10 cm, LPB = 10 cm, dan Timbunan Pilihan dari Sumber Galian = 20 cm"|"Meter"|2412000|"Belanja Modal Jalan Kabupaten"||HRS-Base|3|4
asb_0255|255|"Jalan Kabupaten"|"1.3.04.01.01.0003"|"Jalan Tipe D50"|"Lebar = 3 m, HRS-Base = 4 cm, LPA = 10 cm, LPB = 15 cm, dan Timbunan Pilihan dari Sumber Galian = 20 cm"|"Meter"|2616000|"Belanja Modal Jalan Kabupaten"||HRS-Base|3|4
asb_0256|256|"Jalan Kabupaten"|"1.3.04.01.01.0003"|"Jalan Tipe D51"|"Lebar = 3 m, HRS-Base = 4 cm, LPA = 10 cm, LPB = 20 cm, dan Timbunan Pilihan dari Sumber Galian = 20 cm"|"Meter"|2821000|"Belanja Modal Jalan Kabupaten"||HRS-Base|3|4
asb_0257|257|"Jalan Kabupaten"|"1.3.04.01.01.0003"|"Jalan Tipe D52"|"Lebar = 3 m, HRS-Base = 4 cm, LPA = 15 cm, LPB = 15 cm, dan Timbunan Pilihan dari Sumber Galian = 20 cm"|"Meter"|2843000|"Belanja Modal Jalan Kabupaten"||HRS-Base|3|4
asb_0258|258|"Jalan Kabupaten"|"1.3.04.01.01.0003"|"Jalan Tipe D53"|"Lebar = 3 m, HRS-Base = 4 cm, LPA = 15 cm, LPB = 20 cm, dan Timbunan Pilihan dari Sumber Galian = 20 cm"|"Meter"|3048000|"Belanja Modal Jalan Kabupaten"||HRS-Base|3|4
asb_0259|259|"Jalan Kabupaten"|"1.3.04.01.01.0003"|"Jalan Tipe D54"|"Lebar = 3 m, HRS-Base = 4 cm, LPA = 20 cm, LPB = 20 cm, dan Timbunan Pilihan dari Sumber Galian = 20 cm"|"Meter"|3274000|"Belanja Modal Jalan Kabupaten"||HRS-Base|3|4
asb_0260|260|"Jalan Kabupaten"|"1.3.04.01.01.0003"|"Jalan Tipe D55"|"Lebar = 3 m, HRS-Base = 4 cm, LPA = 10 cm, LPB = 10 cm, dan Timbunan Pilihan dari Sumber Galian = 30 cm"|"Meter"|2742000|"Belanja Modal Jalan Kabupaten"||HRS-Base|3|4
asb_0261|261|"Jalan Kabupaten"|"1.3.04.01.01.0003"|"Jalan Tipe D56"|"Lebar = 3 m, HRS-Base = 4 cm, LPA = 10 cm, LPB = 15 cm, dan Timbunan Pilihan dari Sumber Galian = 30 cm"|"Meter"|2947000|"Belanja Modal Jalan Kabupaten"||HRS-Base|3|4
asb_0262|262|"Jalan Kabupaten"|"1.3.04.01.01.0003"|"Jalan Tipe D57"|"Lebar = 3 m, HRS-Base = 4 cm, LPA = 10 cm, LPB = 20 cm, dan Timbunan Pilihan dari Sumber Galian = 30 cm"|"Meter"|3152000|"Belanja Modal Jalan Kabupaten"||HRS-Base|3|4
asb_0263|263|"Jalan Kabupaten"|"1.3.04.01.01.0003"|"Jalan Tipe D58"|"Lebar = 3 m, HRS-Base = 4 cm, LPA = 15 cm, LPB = 15 cm, dan Timbunan Pilihan dari Sumber Galian = 30 cm"|"Meter"|3173000|"Belanja Modal Jalan Kabupaten"||HRS-Base|3|4
asb_0264|264|"Jalan Kabupaten"|"1.3.04.01.01.0003"|"Jalan Tipe D59"|"Lebar = 3 m, HRS-Base = 4 cm, LPA = 15 cm, LPB = 20 cm, dan Timbunan Pilihan dari Sumber Galian = 30 cm"|"Meter"|3378000|"Belanja Modal Jalan Kabupaten"||HRS-Base|3|4
asb_0265|265|"Jalan Kabupaten"|"1.3.04.01.01.0003"|"Jalan Tipe D60"|"Lebar = 3 m, HRS-Base = 4 cm, LPA = 20 cm, LPB = 20 cm, dan Timbunan Pilihan dari Sumber Galian = 30 cm"|"Meter"|3605000|"Belanja Modal Jalan Kabupaten"||HRS-Base|3|4
asb_0266|266|"Jalan Kabupaten"|"1.3.04.01.01.0003"|"Jalan Tipe D61"|"Lebar = 3 m, HRS-Base = 4 cm, LPA = 10 cm, LPB = 10 cm, dan Timbunan Pilihan dari Sumber Galian = 40 cm"|"Meter"|3072000|"Belanja Modal Jalan Kabupaten"||HRS-Base|3|4
asb_0267|267|"Jalan Kabupaten"|"1.3.04.01.01.0003"|"Jalan Tipe D62"|"Lebar = 3 m, HRS-Base = 4 cm, LPA = 10 cm, LPB = 15 cm, dan Timbunan Pilihan dari Sumber Galian = 40 cm"|"Meter"|3277000|"Belanja Modal Jalan Kabupaten"||HRS-Base|3|4
asb_0268|268|"Jalan Kabupaten"|"1.3.04.01.01.0003"|"Jalan Tipe D63"|"Lebar = 3 m, HRS-Base = 4 cm, LPA = 10 cm, LPB = 20 cm, dan Timbunan Pilihan dari Sumber Galian = 40 cm"|"Meter"|3481000|"Belanja Modal Jalan Kabupaten"||HRS-Base|3|4
asb_0269|269|"Jalan Kabupaten"|"1.3.04.01.01.0003"|"Jalan Tipe D64"|"Lebar = 3 m, HRS-Base = 4 cm, LPA = 15 cm, LPB = 15 cm, dan Timbunan Pilihan dari Sumber Galian = 40 cm"|"Meter"|3504000|"Belanja Modal Jalan Kabupaten"||HRS-Base|3|4
asb_0270|270|"Jalan Kabupaten"|"1.3.04.01.01.0003"|"Jalan Tipe D65"|"Lebar = 3 m, HRS-Base = 4 cm, LPA = 15 cm, LPB = 20 cm, dan Timbunan Pilihan dari Sumber Galian = 40 cm"|"Meter"|3708000|"Belanja Modal Jalan Kabupaten"||HRS-Base|3|4
asb_0271|271|"Jalan Kabupaten"|"1.3.04.01.01.0003"|"Jalan Tipe D66"|"Lebar = 3 m, HRS-Base = 4 cm, LPA = 20 cm, LPB = 20 cm, dan Timbunan Pilihan dari Sumber Galian = 40 cm"|"Meter"|3935000|"Belanja Modal Jalan Kabupaten"||HRS-Base|3|4
asb_0272|272|"Jalan Kabupaten"|"1.3.04.01.01.0003"|"Jalan Tipe D67"|"Lebar = 3 m, HRS-Base = 4 cm, LPA = 10 cm, LPB = 10 cm, dan Timbunan Pilihan dari Sumber Galian = 50 cm"|"Meter"|3403000|"Belanja Modal Jalan Kabupaten"||HRS-Base|3|4
asb_0273|273|"Jalan Kabupaten"|"1.3.04.01.01.0003"|"Jalan Tipe D68"|"Lebar = 3 m, HRS-Base = 4 cm, LPA = 10 cm, LPB = 15 cm, dan Timbunan Pilihan dari Sumber Galian = 50 cm"|"Meter"|3607000|"Belanja Modal Jalan Kabupaten"||HRS-Base|3|4
asb_0274|274|"Jalan Kabupaten"|"1.3.04.01.01.0003"|"Jalan Tipe D69"|"Lebar = 3 m, HRS-Base = 4 cm, LPA = 10 cm, LPB = 20 cm, dan Timbunan Pilihan dari Sumber Galian = 50 cm"|"Meter"|3812000|"Belanja Modal Jalan Kabupaten"||HRS-Base|3|4
asb_0275|275|"Jalan Kabupaten"|"1.3.04.01.01.0003"|"Jalan Tipe D70"|"Lebar = 3 m, HRS-Base = 4 cm, LPA = 15 cm, LPB = 15 cm, dan Timbunan Pilihan dari Sumber Galian = 50 cm"|"Meter"|3834000|"Belanja Modal Jalan Kabupaten"||HRS-Base|3|4
asb_0276|276|"Jalan Kabupaten"|"1.3.04.01.01.0003"|"Jalan Tipe D71"|"Lebar = 3 m, HRS-Base = 4 cm, LPA = 15 cm, LPB = 20 cm, dan Timbunan Pilihan dari Sumber Galian = 50 cm"|"Meter"|4039000|"Belanja Modal Jalan Kabupaten"||HRS-Base|3|4
asb_0277|277|"Jalan Kabupaten"|"1.3.04.01.01.0003"|"Jalan Tipe D72"|"Lebar = 3 m, HRS-Base = 4 cm, LPA = 20 cm, LPB = 20 cm, dan Timbunan Pilihan dari Sumber Galian = 50 cm"|"Meter"|4265000|"Belanja Modal Jalan Kabupaten"||HRS-Base|3|4
asb_0278|278|"Jalan Kabupaten"|"1.3.04.01.01.0003"|"Jalan Tipe D73"|"Lebar = 3 m, HRS-Base = 5 cm, LPA = 10 cm, LPB = 10 cm, dan Timbunan Pilihan dari Sumber Galian = 20 cm"|"Meter"|2594000|"Belanja Modal Jalan Kabupaten"||HRS-Base|3|5
asb_0279|279|"Jalan Kabupaten"|"1.3.04.01.01.0003"|"Jalan Tipe D74"|"Lebar = 3 m, HRS-Base = 5 cm, LPA = 10 cm, LPB = 15 cm, dan Timbunan Pilihan dari Sumber Galian = 20 cm"|"Meter"|2799000|"Belanja Modal Jalan Kabupaten"||HRS-Base|3|5
asb_0280|280|"Jalan Kabupaten"|"1.3.04.01.01.0003"|"Jalan Tipe D75"|"Lebar = 3 m, HRS-Base = 5 cm, LPA = 10 cm, LPB = 20 cm, dan Timbunan Pilihan dari Sumber Galian = 20 cm"|"Meter"|3003000|"Belanja Modal Jalan Kabupaten"||HRS-Base|3|5
asb_0281|281|"Jalan Kabupaten"|"1.3.04.01.01.0003"|"Jalan Tipe D76"|"Lebar = 3 m, HRS-Base = 5 cm, LPA = 15 cm, LPB = 15 cm, dan Timbunan Pilihan dari Sumber Galian = 20 cm"|"Meter"|3025000|"Belanja Modal Jalan Kabupaten"||HRS-Base|3|5
asb_0282|282|"Jalan Kabupaten"|"1.3.04.01.01.0003"|"Jalan Tipe D77"|"Lebar = 3 m, HRS-Base = 5 cm, LPA = 15 cm, LPB = 20 cm, dan Timbunan Pilihan dari Sumber Galian = 20 cm"|"Meter"|3229000|"Belanja Modal Jalan Kabupaten"||HRS-Base|3|5
asb_0283|283|"Jalan Kabupaten"|"1.3.04.01.01.0003"|"Jalan Tipe D78"|"Lebar = 3 m, HRS-Base = 5 cm, LPA = 20 cm, LPB = 20 cm, dan Timbunan Pilihan dari Sumber Galian = 20 cm"|"Meter"|3456000|"Belanja Modal Jalan Kabupaten"||HRS-Base|3|5
asb_0284|284|"Jalan Kabupaten"|"1.3.04.01.01.0003"|"Jalan Tipe D79"|"Lebar = 3 m, HRS-Base = 5 cm, LPA = 10 cm, LPB = 10 cm, dan Timbunan Pilihan dari Sumber Galian = 30 cm"|"Meter"|2924000|"Belanja Modal Jalan Kabupaten"||HRS-Base|3|5
asb_0285|285|"Jalan Kabupaten"|"1.3.04.01.01.0003"|"Jalan Tipe D80"|"Lebar = 3 m, HRS-Base = 5 cm, LPA = 10 cm, LPB = 15 cm, dan Timbunan Pilihan dari Sumber Galian = 30 cm"|"Meter"|3129000|"Belanja Modal Jalan Kabupaten"||HRS-Base|3|5
asb_0286|286|"Jalan Kabupaten"|"1.3.04.01.01.0003"|"Jalan Tipe D81"|"Lebar = 3 m, HRS-Base = 5 cm, LPA = 10 cm, LPB = 20 cm, dan Timbunan Pilihan dari Sumber Galian = 30 cm"|"Meter"|3333000|"Belanja Modal Jalan Kabupaten"||HRS-Base|3|5
asb_0287|287|"Jalan Kabupaten"|"1.3.04.01.01.0003"|"Jalan Tipe D82"|"Lebar = 3 m, HRS-Base = 5 cm, LPA = 15 cm, LPB = 15 cm, dan Timbunan Pilihan dari Sumber Galian = 30 cm"|"Meter"|3356000|"Belanja Modal Jalan Kabupaten"||HRS-Base|3|5
asb_0288|288|"Jalan Kabupaten"|"1.3.04.01.01.0003"|"Jalan Tipe D83"|"Lebar = 3 m, HRS-Base = 5 cm, LPA = 15 cm, LPB = 20 cm, dan Timbunan Pilihan dari Sumber Galian = 30 cm"|"Meter"|3560000|"Belanja Modal Jalan Kabupaten"||HRS-Base|3|5
asb_0289|289|"Jalan Kabupaten"|"1.3.04.01.01.0003"|"Jalan Tipe D84"|"Lebar = 3 m, HRS-Base = 5 cm, LPA = 20 cm, LPB = 20 cm, dan Timbunan Pilihan dari Sumber Galian = 30 cm"|"Meter"|3786000|"Belanja Modal Jalan Kabupaten"||HRS-Base|3|5
asb_0290|290|"Jalan Kabupaten"|"1.3.04.01.01.0003"|"Jalan Tipe D85"|"Lebar = 3 m, HRS-Base = 5 cm, LPA = 10 cm, LPB = 10 cm, dan Timbunan Pilihan dari Sumber Galian = 40 cm"|"Meter"|3255000|"Belanja Modal Jalan Kabupaten"||HRS-Base|3|5
asb_0291|291|"Jalan Kabupaten"|"1.3.04.01.01.0003"|"Jalan Tipe D86"|"Lebar = 3 m, HRS-Base = 5 cm, LPA = 10 cm, LPB = 15 cm, dan Timbunan Pilihan dari Sumber Galian = 40 cm"|"Meter"|3459000|"Belanja Modal Jalan Kabupaten"||HRS-Base|3|5
asb_0292|292|"Jalan Kabupaten"|"1.3.04.01.01.0003"|"Jalan Tipe D87"|"Lebar = 3 m, HRS-Base = 5 cm, LPA = 10 cm, LPB = 20 cm, dan Timbunan Pilihan dari Sumber Galian = 40 cm"|"Meter"|3664000|"Belanja Modal Jalan Kabupaten"||HRS-Base|3|5
asb_0293|293|"Jalan Kabupaten"|"1.3.04.01.01.0003"|"Jalan Tipe D88"|"Lebar = 3 m, HRS-Base = 5 cm, LPA = 15 cm, LPB = 15 cm, dan Timbunan Pilihan dari Sumber Galian = 40 cm"|"Meter"|3685000|"Belanja Modal Jalan Kabupaten"||HRS-Base|3|5
asb_0294|294|"Jalan Kabupaten"|"1.3.04.01.01.0003"|"Jalan Tipe D89"|"Lebar = 3 m, HRS-Base = 5 cm, LPA = 15 cm, LPB = 20 cm, dan Timbunan Pilihan dari Sumber Galian = 40 cm"|"Meter"|3890000|"Belanja Modal Jalan Kabupaten"||HRS-Base|3|5
asb_0295|295|"Jalan Kabupaten"|"1.3.04.01.01.0003"|"Jalan Tipe D90"|"Lebar = 3 m, HRS-Base = 5 cm, LPA = 20 cm, LPB = 20 cm, dan Timbunan Pilihan dari Sumber Galian = 40 cm"|"Meter"|4117000|"Belanja Modal Jalan Kabupaten"||HRS-Base|3|5
asb_0296|296|"Jalan Kabupaten"|"1.3.04.01.01.0003"|"Jalan Tipe D91"|"Lebar = 3 m, HRS-Base = 5 cm, LPA = 10 cm, LPB = 10 cm, dan Timbunan Pilihan dari Sumber Galian = 50 cm"|"Meter"|3584000|"Belanja Modal Jalan Kabupaten"||HRS-Base|3|5
asb_0297|297|"Jalan Kabupaten"|"1.3.04.01.01.0003"|"Jalan Tipe D92"|"Lebar = 3 m, HRS-Base = 5 cm, LPA = 10 cm, LPB = 15 cm, dan Timbunan Pilihan dari Sumber Galian = 50 cm"|"Meter"|3789000|"Belanja Modal Jalan Kabupaten"||HRS-Base|3|5
asb_0298|298|"Jalan Kabupaten"|"1.3.04.01.01.0003"|"Jalan Tipe D93"|"Lebar = 3 m, HRS-Base = 5 cm, LPA = 10 cm, LPB = 20 cm, dan Timbunan Pilihan dari Sumber Galian = 50 cm"|"Meter"|3994000|"Belanja Modal Jalan Kabupaten"||HRS-Base|3|5
asb_0299|299|"Jalan Kabupaten"|"1.3.04.01.01.0003"|"Jalan Tipe D94"|"Lebar = 3 m, HRS-Base = 5 cm, LPA = 15 cm, LPB = 15 cm, dan Timbunan Pilihan dari Sumber Galian = 50 cm"|"Meter"|4016000|"Belanja Modal Jalan Kabupaten"||HRS-Base|3|5
asb_0300|300|"Jalan Kabupaten"|"1.3.04.01.01.0003"|"Jalan Tipe D95"|"Lebar = 3 m, HRS-Base = 5 cm, LPA = 15 cm, LPB = 20 cm, dan Timbunan Pilihan dari Sumber Galian = 50 cm"|"Meter"|4221000|"Belanja Modal Jalan Kabupaten"||HRS-Base|3|5
asb_0301|301|"Jalan Kabupaten"|"1.3.04.01.01.0003"|"Jalan Tipe D96"|"Lebar = 3 m, HRS-Base = 5 cm, LPA = 20 cm, LPB = 20 cm, dan Timbunan Pilihan dari Sumber Galian = 50 cm"|"Meter"|4448000|"Belanja Modal Jalan Kabupaten"||HRS-Base|3|5
asb_0302|302|"Jalan Kabupaten"|"1.3.04.01.01.0003"|"Jalan Tipe D97"|"Lebar = 3,5 m, HRS-Base = 4 cm, LPA = 10 cm, LPB = 10 cm, dan Timbunan Pilihan dari Sumber Galian = 20 cm"|"Meter"|2741000|"Belanja Modal Jalan Kabupaten"||HRS-Base|3.5|4
asb_0303|303|"Jalan Kabupaten"|"1.3.04.01.01.0003"|"Jalan Tipe D98"|"Lebar = 3,5 m, HRS-Base = 4 cm, LPA = 10 cm, LPB = 15 cm, dan Timbunan Pilihan dari Sumber Galian = 20 cm"|"Meter"|2971000|"Belanja Modal Jalan Kabupaten"||HRS-Base|3.5|4
asb_0304|304|"Jalan Kabupaten"|"1.3.04.01.01.0003"|"Jalan Tipe D99"|"Lebar = 3,5 m, HRS-Base = 4 cm, LPA = 10 cm, LPB = 20 cm, dan Timbunan Pilihan dari Sumber Galian = 20 cm"|"Meter"|3201000|"Belanja Modal Jalan Kabupaten"||HRS-Base|3.5|4
asb_0305|305|"Jalan Kabupaten"|"1.3.04.01.01.0003"|"Jalan Tipe D100"|"Lebar = 3,5 m, HRS-Base = 4 cm, LPA = 15 cm, LPB = 15 cm, dan Timbunan Pilihan dari Sumber Galian = 20 cm"|"Meter"|3226000|"Belanja Modal Jalan Kabupaten"||HRS-Base|3.5|4
asb_0306|306|"Jalan Kabupaten"|"1.3.04.01.01.0003"|"Jalan Tipe D101"|"Lebar = 3,5 m, HRS-Base = 4 cm, LPA = 15 cm, LPB = 20 cm, dan Timbunan Pilihan dari Sumber Galian = 20 cm"|"Meter"|3456000|"Belanja Modal Jalan Kabupaten"||HRS-Base|3.5|4
asb_0307|307|"Jalan Kabupaten"|"1.3.04.01.01.0003"|"Jalan Tipe D102"|"Lebar = 3,5 m, HRS-Base = 4 cm, LPA = 20 cm, LPB = 20 cm, dan Timbunan Pilihan dari Sumber Galian = 20 cm"|"Meter"|3711000|"Belanja Modal Jalan Kabupaten"||HRS-Base|3.5|4
asb_0308|308|"Jalan Kabupaten"|"1.3.04.01.01.0003"|"Jalan Tipe D103"|"Lebar = 3,5 m, HRS-Base = 4 cm, LPA = 10 cm, LPB = 10 cm, dan Timbunan Pilihan dari Sumber Galian = 30 cm"|"Meter"|3112000|"Belanja Modal Jalan Kabupaten"||HRS-Base|3.5|4
asb_0309|309|"Jalan Kabupaten"|"1.3.04.01.01.0003"|"Jalan Tipe D104"|"Lebar = 3,5 m, HRS-Base = 4 cm, LPA = 10 cm, LPB = 15 cm, dan Timbunan Pilihan dari Sumber Galian = 30 cm"|"Meter"|3342000|"Belanja Modal Jalan Kabupaten"||HRS-Base|3.5|4
asb_0310|310|"Jalan Kabupaten"|"1.3.04.01.01.0003"|"Jalan Tipe D105"|"Lebar = 3,5 m, HRS-Base = 4 cm, LPA = 10 cm, LPB = 20 cm, dan Timbunan Pilihan dari Sumber Galian = 30 cm"|"Meter"|3573000|"Belanja Modal Jalan Kabupaten"||HRS-Base|3.5|4
asb_0311|311|"Jalan Kabupaten"|"1.3.04.01.01.0003"|"Jalan Tipe D106"|"Lebar = 3,5 m, HRS-Base = 4 cm, LPA = 15 cm, LPB = 15 cm, dan Timbunan Pilihan dari Sumber Galian = 30 cm"|"Meter"|3597000|"Belanja Modal Jalan Kabupaten"||HRS-Base|3.5|4
asb_0312|312|"Jalan Kabupaten"|"1.3.04.01.01.0003"|"Jalan Tipe D107"|"Lebar = 3,5 m, HRS-Base = 4 cm, LPA = 15 cm, LPB = 20 cm, dan Timbunan Pilihan dari Sumber Galian = 30 cm"|"Meter"|3827000|"Belanja Modal Jalan Kabupaten"||HRS-Base|3.5|4
asb_0313|313|"Jalan Kabupaten"|"1.3.04.01.01.0003"|"Jalan Tipe D108"|"Lebar = 3,5 m, HRS-Base = 4 cm, LPA = 20 cm, LPB = 20 cm, dan Timbunan Pilihan dari Sumber Galian = 30 cm"|"Meter"|4082000|"Belanja Modal Jalan Kabupaten"||HRS-Base|3.5|4
asb_0314|314|"Jalan Kabupaten"|"1.3.04.01.01.0003"|"Jalan Tipe D109"|"Lebar = 3,5 m, HRS-Base = 4 cm, LPA = 10 cm, LPB = 10 cm, dan Timbunan Pilihan dari Sumber Galian = 40 cm"|"Meter"|3483000|"Belanja Modal Jalan Kabupaten"||HRS-Base|3.5|4
asb_0315|315|"Jalan Kabupaten"|"1.3.04.01.01.0003"|"Jalan Tipe D110"|"Lebar = 3,5 m, HRS-Base = 4 cm, LPA = 10 cm, LPB = 15 cm, dan Timbunan Pilihan dari Sumber Galian = 40 cm"|"Meter"|3714000|"Belanja Modal Jalan Kabupaten"||HRS-Base|3.5|4
asb_0316|316|"Jalan Kabupaten"|"1.3.04.01.01.0003"|"Jalan Tipe D111"|"Lebar = 3,5 m, HRS-Base = 4 cm, LPA = 10 cm, LPB = 20 cm, dan Timbunan Pilihan dari Sumber Galian = 40 cm"|"Meter"|3944000|"Belanja Modal Jalan Kabupaten"||HRS-Base|3.5|4
asb_0317|317|"Jalan Kabupaten"|"1.3.04.01.01.0003"|"Jalan Tipe D112"|"Lebar = 3,5 m, HRS-Base = 4 cm, LPA = 15 cm, LPB = 15 cm, dan Timbunan Pilihan dari Sumber Galian = 40 cm"|"Meter"|3969000|"Belanja Modal Jalan Kabupaten"||HRS-Base|3.5|4
asb_0318|318|"Jalan Kabupaten"|"1.3.04.01.01.0003"|"Jalan Tipe D113"|"Lebar = 3,5 m, HRS-Base = 4 cm, LPA = 15 cm, LPB = 20 cm, dan Timbunan Pilihan dari Sumber Galian = 40 cm"|"Meter"|4199000|"Belanja Modal Jalan Kabupaten"||HRS-Base|3.5|4
asb_0319|319|"Jalan Kabupaten"|"1.3.04.01.01.0003"|"Jalan Tipe D114"|"Lebar = 3,5 m, HRS-Base = 4 cm, LPA = 20 cm, LPB = 20 cm, dan Timbunan Pilihan dari Sumber Galian = 40 cm"|"Meter"|4454000|"Belanja Modal Jalan Kabupaten"||HRS-Base|3.5|4
asb_0320|320|"Jalan Kabupaten"|"1.3.04.01.01.0003"|"Jalan Tipe D115"|"Lebar = 3,5 m, HRS-Base = 4 cm, LPA = 10 cm, LPB = 10 cm, dan Timbunan Pilihan dari Sumber Galian = 50 cm"|"Meter"|3855000|"Belanja Modal Jalan Kabupaten"||HRS-Base|3.5|4
asb_0321|321|"Jalan Kabupaten"|"1.3.04.01.01.0003"|"Jalan Tipe D116"|"Lebar = 3,5 m, HRS-Base = 4 cm, LPA = 10 cm, LPB = 15 cm, dan Timbunan Pilihan dari Sumber Galian = 50 cm"|"Meter"|4086000|"Belanja Modal Jalan Kabupaten"||HRS-Base|3.5|4
asb_0322|322|"Jalan Kabupaten"|"1.3.04.01.01.0003"|"Jalan Tipe D117"|"Lebar = 3,5 m, HRS-Base = 4 cm, LPA = 10 cm, LPB = 20 cm, dan Timbunan Pilihan dari Sumber Galian = 50 cm"|"Meter"|4316000|"Belanja Modal Jalan Kabupaten"||HRS-Base|3.5|4
asb_0323|323|"Jalan Kabupaten"|"1.3.04.01.01.0003"|"Jalan Tipe D118"|"Lebar = 3,5 m, HRS-Base = 4 cm, LPA = 15 cm, LPB = 15 cm, dan Timbunan Pilihan dari Sumber Galian = 50 cm"|"Meter"|4340000|"Belanja Modal Jalan Kabupaten"||HRS-Base|3.5|4
asb_0324|324|"Jalan Kabupaten"|"1.3.04.01.01.0003"|"Jalan Tipe D119"|"Lebar = 3,5 m, HRS-Base = 4 cm, LPA = 15 cm, LPB = 20 cm, dan Timbunan Pilihan dari Sumber Galian = 50 cm"|"Meter"|4571000|"Belanja Modal Jalan Kabupaten"||HRS-Base|3.5|4
asb_0325|325|"Jalan Kabupaten"|"1.3.04.01.01.0003"|"Jalan Tipe D120"|"Lebar = 3,5 m, HRS-Base = 4 cm, LPA = 20 cm, LPB = 20 cm, dan Timbunan Pilihan dari Sumber Galian = 50 cm"|"Meter"|4826000|"Belanja Modal Jalan Kabupaten"||HRS-Base|3.5|4
asb_0326|326|"Jalan Kabupaten"|"1.3.04.01.01.0003"|"Jalan Tipe D121"|"Lebar = 3,5 m, HRS-Base = 5 cm, LPA = 10 cm, LPB = 10 cm, dan Timbunan Pilihan dari Sumber Galian = 20 cm"|"Meter"|2953000|"Belanja Modal Jalan Kabupaten"||HRS-Base|3.5|5
asb_0327|327|"Jalan Kabupaten"|"1.3.04.01.01.0003"|"Jalan Tipe D122"|"Lebar = 3,5 m, HRS-Base = 5 cm, LPA = 10 cm, LPB = 15 cm, dan Timbunan Pilihan dari Sumber Galian = 20 cm"|"Meter"|3183000|"Belanja Modal Jalan Kabupaten"||HRS-Base|3.5|5
asb_0328|328|"Jalan Kabupaten"|"1.3.04.01.01.0003"|"Jalan Tipe D123"|"Lebar = 3,5 m, HRS-Base = 5 cm, LPA = 10 cm, LPB = 20 cm, dan Timbunan Pilihan dari Sumber Galian = 20 cm"|"Meter"|3413000|"Belanja Modal Jalan Kabupaten"||HRS-Base|3.5|5
asb_0329|329|"Jalan Kabupaten"|"1.3.04.01.01.0003"|"Jalan Tipe D124"|"Lebar = 3,5 m, HRS-Base = 5 cm, LPA = 15 cm, LPB = 15 cm, dan Timbunan Pilihan dari Sumber Galian = 20 cm"|"Meter"|3438000|"Belanja Modal Jalan Kabupaten"||HRS-Base|3.5|5
asb_0330|330|"Jalan Kabupaten"|"1.3.04.01.01.0003"|"Jalan Tipe D125"|"Lebar = 3,5 m, HRS-Base = 5 cm, LPA = 15 cm, LPB = 20 cm, dan Timbunan Pilihan dari Sumber Galian = 20 cm"|"Meter"|3668000|"Belanja Modal Jalan Kabupaten"||HRS-Base|3.5|5
asb_0331|331|"Jalan Kabupaten"|"1.3.04.01.01.0003"|"Jalan Tipe D126"|"Lebar = 3,5 m, HRS-Base = 5 cm, LPA = 20 cm, LPB = 20 cm, dan Timbunan Pilihan dari Sumber Galian = 20 cm"|"Meter"|3923000|"Belanja Modal Jalan Kabupaten"||HRS-Base|3.5|5
asb_0332|332|"Jalan Kabupaten"|"1.3.04.01.01.0003"|"Jalan Tipe D127"|"Lebar = 3,5 m, HRS-Base = 5 cm, LPA = 10 cm, LPB = 10 cm, dan Timbunan Pilihan dari Sumber Galian = 30 cm"|"Meter"|3324000|"Belanja Modal Jalan Kabupaten"||HRS-Base|3.5|5
asb_0333|333|"Jalan Kabupaten"|"1.3.04.01.01.0003"|"Jalan Tipe D128"|"Lebar = 3,5 m, HRS-Base = 5 cm, LPA = 10 cm, LPB = 15 cm, dan Timbunan Pilihan dari Sumber Galian = 30 cm"|"Meter"|3555000|"Belanja Modal Jalan Kabupaten"||HRS-Base|3.5|5
asb_0334|334|"Jalan Kabupaten"|"1.3.04.01.01.0003"|"Jalan Tipe D129"|"Lebar = 3,5 m, HRS-Base = 5 cm, LPA = 10 cm, LPB = 20 cm, dan Timbunan Pilihan dari Sumber Galian = 30 cm"|"Meter"|3785000|"Belanja Modal Jalan Kabupaten"||HRS-Base|3.5|5
asb_0335|335|"Jalan Kabupaten"|"1.3.04.01.01.0003"|"Jalan Tipe D130"|"Lebar = 3,5 m, HRS-Base = 5 cm, LPA = 15 cm, LPB = 15 cm, dan Timbunan Pilihan dari Sumber Galian = 30 cm"|"Meter"|3809000|"Belanja Modal Jalan Kabupaten"||HRS-Base|3.5|5
asb_0336|336|"Jalan Kabupaten"|"1.3.04.01.01.0003"|"Jalan Tipe D131"|"Lebar = 3,5 m, HRS-Base = 5 cm, LPA = 15 cm, LPB = 20 cm, dan Timbunan Pilihan dari Sumber Galian = 30 cm"|"Meter"|4040000|"Belanja Modal Jalan Kabupaten"||HRS-Base|3.5|5
asb_0337|337|"Jalan Kabupaten"|"1.3.04.01.01.0003"|"Jalan Tipe D132"|"Lebar = 3,5 m, HRS-Base = 5 cm, LPA = 20 cm, LPB = 20 cm, dan Timbunan Pilihan dari Sumber Galian = 30 cm"|"Meter"|4294000|"Belanja Modal Jalan Kabupaten"||HRS-Base|3.5|5
asb_0338|338|"Jalan Kabupaten"|"1.3.04.01.01.0003"|"Jalan Tipe D133"|"Lebar = 3,5 m, HRS-Base = 5 cm, LPA = 10 cm, LPB = 10 cm, dan Timbunan Pilihan dari Sumber Galian = 40 cm"|"Meter"|3696000|"Belanja Modal Jalan Kabupaten"||HRS-Base|3.5|5
asb_0339|339|"Jalan Kabupaten"|"1.3.04.01.01.0003"|"Jalan Tipe D134"|"Lebar = 3,5 m, HRS-Base = 5 cm, LPA = 10 cm, LPB = 15 cm, dan Timbunan Pilihan dari Sumber Galian = 40 cm"|"Meter"|3926000|"Belanja Modal Jalan Kabupaten"||HRS-Base|3.5|5
asb_0340|340|"Jalan Kabupaten"|"1.3.04.01.01.0003"|"Jalan Tipe D135"|"Lebar = 3,5 m, HRS-Base = 5 cm, LPA = 10 cm, LPB = 20 cm, dan Timbunan Pilihan dari Sumber Galian = 40 cm"|"Meter"|4156000|"Belanja Modal Jalan Kabupaten"||HRS-Base|3.5|5
asb_0341|341|"Jalan Kabupaten"|"1.3.04.01.01.0003"|"Jalan Tipe D136"|"Lebar = 3,5 m, HRS-Base = 5 cm, LPA = 15 cm, LPB = 15 cm, dan Timbunan Pilihan dari Sumber Galian = 40 cm"|"Meter"|4181000|"Belanja Modal Jalan Kabupaten"||HRS-Base|3.5|5
asb_0342|342|"Jalan Kabupaten"|"1.3.04.01.01.0003"|"Jalan Tipe D137"|"Lebar = 3,5 m, HRS-Base = 5 cm, LPA = 15 cm, LPB = 20 cm, dan Timbunan Pilihan dari Sumber Galian = 40 cm"|"Meter"|4411000|"Belanja Modal Jalan Kabupaten"||HRS-Base|3.5|5
asb_0343|343|"Jalan Kabupaten"|"1.3.04.01.01.0003"|"Jalan Tipe D138"|"Lebar = 3,5 m, HRS-Base = 5 cm, LPA = 20 cm, LPB = 20 cm, dan Timbunan Pilihan dari Sumber Galian = 40 cm"|"Meter"|4666000|"Belanja Modal Jalan Kabupaten"||HRS-Base|3.5|5
asb_0344|344|"Jalan Kabupaten"|"1.3.04.01.01.0003"|"Jalan Tipe D139"|"Lebar = 3,5 m, HRS-Base = 5 cm, LPA = 10 cm, LPB = 10 cm, dan Timbunan Pilihan dari Sumber Galian = 50 cm"|"Meter"|4067000|"Belanja Modal Jalan Kabupaten"||HRS-Base|3.5|5
asb_0345|345|"Jalan Kabupaten"|"1.3.04.01.01.0003"|"Jalan Tipe D140"|"Lebar = 3,5 m, HRS-Base = 5 cm, LPA = 10 cm, LPB = 15 cm, dan Timbunan Pilihan dari Sumber Galian = 50 cm"|"Meter"|4298000|"Belanja Modal Jalan Kabupaten"||HRS-Base|3.5|5
asb_0346|346|"Jalan Kabupaten"|"1.3.04.01.01.0003"|"Jalan Tipe D141"|"Lebar = 3,5 m, HRS-Base = 5 cm, LPA = 10 cm, LPB = 20 cm, dan Timbunan Pilihan dari Sumber Galian = 50 cm"|"Meter"|4528000|"Belanja Modal Jalan Kabupaten"||HRS-Base|3.5|5
asb_0347|347|"Jalan Kabupaten"|"1.3.04.01.01.0003"|"Jalan Tipe D142"|"Lebar = 3,5 m, HRS-Base = 5 cm, LPA = 15 cm, LPB = 15 cm, dan Timbunan Pilihan dari Sumber Galian = 50 cm"|"Meter"|4553000|"Belanja Modal Jalan Kabupaten"||HRS-Base|3.5|5
asb_0348|348|"Jalan Kabupaten"|"1.3.04.01.01.0003"|"Jalan Tipe D143"|"Lebar = 3,5 m, HRS-Base = 5 cm, LPA = 15 cm, LPB = 20 cm, dan Timbunan Pilihan dari Sumber Galian = 50 cm"|"Meter"|4783000|"Belanja Modal Jalan Kabupaten"||HRS-Base|3.5|5
asb_0349|349|"Jalan Kabupaten"|"1.3.04.01.01.0003"|"Jalan Tipe D144"|"Lebar = 3,5 m, HRS-Base = 5 cm, LPA = 20 cm, LPB = 20 cm, dan Timbunan Pilihan dari Sumber Galian = 50 cm"|"Meter"|5038000|"Belanja Modal Jalan Kabupaten"||HRS-Base|3.5|5
asb_0350|350|"Jalan Kabupaten"|"1.3.04.01.01.0003"|"Jalan Tipe D145"|"Lebar = 3,5 m, HRS-WC = 4 cm, LPA = 10 cm, LPB = 10 cm, dan Timbunan Pilihan dari Sumber Galian = 20 cm"|"Meter"|2761000|"Belanja Modal Jalan Kabupaten"||HRS-WC|3.5|4
asb_0351|351|"Jalan Kabupaten"|"1.3.04.01.01.0003"|"Jalan Tipe D146"|"Lebar = 3,5 m, HRS-WC = 4 cm, LPA = 10 cm, LPB = 15 cm, dan Timbunan Pilihan dari Sumber Galian = 20 cm"|"Meter"|2992000|"Belanja Modal Jalan Kabupaten"||HRS-WC|3.5|4
asb_0352|352|"Jalan Kabupaten"|"1.3.04.01.01.0003"|"Jalan Tipe D147"|"Lebar = 3,5 m, HRS-WC = 4 cm, LPA = 10 cm, LPB = 20 cm, dan Timbunan Pilihan dari Sumber Galian = 20 cm"|"Meter"|3222000|"Belanja Modal Jalan Kabupaten"||HRS-WC|3.5|4
asb_0353|353|"Jalan Kabupaten"|"1.3.04.01.01.0003"|"Jalan Tipe D148"|"Lebar = 3,5 m, HRS-WC = 4 cm, LPA = 15 cm, LPB = 15 cm, dan Timbunan Pilihan dari Sumber Galian = 20 cm"|"Meter"|3247000|"Belanja Modal Jalan Kabupaten"||HRS-WC|3.5|4
asb_0354|354|"Jalan Kabupaten"|"1.3.04.01.01.0003"|"Jalan Tipe D149"|"Lebar = 3,5 m, HRS-WC = 4 cm, LPA = 15 cm, LPB = 20 cm, dan Timbunan Pilihan dari Sumber Galian = 20 cm"|"Meter"|3477000|"Belanja Modal Jalan Kabupaten"||HRS-WC|3.5|4
asb_0355|355|"Jalan Kabupaten"|"1.3.04.01.01.0003"|"Jalan Tipe D150"|"Lebar = 3,5 m, HRS-WC = 4 cm, LPA = 20 cm, LPB = 20 cm, dan Timbunan Pilihan dari Sumber Galian = 20 cm"|"Meter"|3732000|"Belanja Modal Jalan Kabupaten"||HRS-WC|3.5|4
asb_0356|356|"Jalan Kabupaten"|"1.3.04.01.01.0003"|"Jalan Tipe D151"|"Lebar = 3,5 m, HRS-WC = 4 cm, LPA = 10 cm, LPB = 10 cm, dan Timbunan Pilihan dari Sumber Galian = 30 cm"|"Meter"|3133000|"Belanja Modal Jalan Kabupaten"||HRS-WC|3.5|4
asb_0357|357|"Jalan Kabupaten"|"1.3.04.01.01.0003"|"Jalan Tipe D152"|"Lebar = 3,5 m, HRS-WC = 4 cm, LPA = 10 cm, LPB = 15 cm, dan Timbunan Pilihan dari Sumber Galian = 30 cm"|"Meter"|3364000|"Belanja Modal Jalan Kabupaten"||HRS-WC|3.5|4
asb_0358|358|"Jalan Kabupaten"|"1.3.04.01.01.0003"|"Jalan Tipe D153"|"Lebar = 3,5 m, HRS-WC = 4 cm, LPA = 10 cm, LPB = 20 cm, dan Timbunan Pilihan dari Sumber Galian = 30 cm"|"Meter"|3594000|"Belanja Modal Jalan Kabupaten"||HRS-WC|3.5|4
asb_0359|359|"Jalan Kabupaten"|"1.3.04.01.01.0003"|"Jalan Tipe D154"|"Lebar = 3,5 m, HRS-WC = 4 cm, LPA = 15 cm, LPB = 15 cm, dan Timbunan Pilihan dari Sumber Galian = 30 cm"|"Meter"|3618000|"Belanja Modal Jalan Kabupaten"||HRS-WC|3.5|4
asb_0360|360|"Jalan Kabupaten"|"1.3.04.01.01.0003"|"Jalan Tipe D155"|"Lebar = 3,5 m, HRS-WC = 4 cm, LPA = 15 cm, LPB = 20 cm, dan Timbunan Pilihan dari Sumber Galian = 30 cm"|"Meter"|3849000|"Belanja Modal Jalan Kabupaten"||HRS-WC|3.5|4
asb_0361|361|"Jalan Kabupaten"|"1.3.04.01.01.0003"|"Jalan Tipe D156"|"Lebar = 3,5 m, HRS-WC = 4 cm, LPA = 20 cm, LPB = 20 cm, dan Timbunan Pilihan dari Sumber Galian = 30 cm"|"Meter"|4104000|"Belanja Modal Jalan Kabupaten"||HRS-WC|3.5|4
asb_0362|362|"Jalan Kabupaten"|"1.3.04.01.01.0003"|"Jalan Tipe D157"|"Lebar = 3,5 m, HRS-WC = 4 cm, LPA = 10 cm, LPB = 10 cm, dan Timbunan Pilihan dari Sumber Galian = 40 cm"|"Meter"|3505000|"Belanja Modal Jalan Kabupaten"||HRS-WC|3.5|4
asb_0363|363|"Jalan Kabupaten"|"1.3.04.01.01.0003"|"Jalan Tipe D158"|"Lebar = 3,5 m, HRS-WC = 4 cm, LPA = 10 cm, LPB = 15 cm, dan Timbunan Pilihan dari Sumber Galian = 40 cm"|"Meter"|3736000|"Belanja Modal Jalan Kabupaten"||HRS-WC|3.5|4
asb_0364|364|"Jalan Kabupaten"|"1.3.04.01.01.0003"|"Jalan Tipe D159"|"Lebar = 3,5 m, HRS-WC = 4 cm, LPA = 10 cm, LPB = 20 cm, dan Timbunan Pilihan dari Sumber Galian = 40 cm"|"Meter"|3966000|"Belanja Modal Jalan Kabupaten"||HRS-WC|3.5|4
asb_0365|365|"Jalan Kabupaten"|"1.3.04.01.01.0003"|"Jalan Tipe D160"|"Lebar = 3,5 m, HRS-WC = 4 cm, LPA = 15 cm, LPB = 15 cm, dan Timbunan Pilihan dari Sumber Galian = 40 cm"|"Meter"|3990000|"Belanja Modal Jalan Kabupaten"||HRS-WC|3.5|4
asb_0366|366|"Jalan Kabupaten"|"1.3.04.01.01.0003"|"Jalan Tipe D161"|"Lebar = 3,5 m, HRS-WC = 4 cm, LPA = 15 cm, LPB = 20 cm, dan Timbunan Pilihan dari Sumber Galian = 40 cm"|"Meter"|4221000|"Belanja Modal Jalan Kabupaten"||HRS-WC|3.5|4
asb_0367|367|"Jalan Kabupaten"|"1.3.04.01.01.0003"|"Jalan Tipe D162"|"Lebar = 3,5 m, HRS-WC = 4 cm, LPA = 20 cm, LPB = 20 cm, dan Timbunan Pilihan dari Sumber Galian = 40 cm"|"Meter"|4475000|"Belanja Modal Jalan Kabupaten"||HRS-WC|3.5|4
asb_0368|368|"Jalan Kabupaten"|"1.3.04.01.01.0003"|"Jalan Tipe D163"|"Lebar = 3,5 m, HRS-WC = 4 cm, LPA = 10 cm, LPB = 10 cm, dan Timbunan Pilihan dari Sumber Galian = 50 cm"|"Meter"|3877000|"Belanja Modal Jalan Kabupaten"||HRS-WC|3.5|4
asb_0369|369|"Jalan Kabupaten"|"1.3.04.01.01.0003"|"Jalan Tipe D164"|"Lebar = 3,5 m, HRS-WC = 4 cm, LPA = 10 cm, LPB = 15 cm, dan Timbunan Pilihan dari Sumber Galian = 50 cm"|"Meter"|4107000|"Belanja Modal Jalan Kabupaten"||HRS-WC|3.5|4
asb_0370|370|"Jalan Kabupaten"|"1.3.04.01.01.0003"|"Jalan Tipe D165"|"Lebar = 3,5 m, HRS-WC = 4 cm, LPA = 10 cm, LPB = 20 cm, dan Timbunan Pilihan dari Sumber Galian = 50 cm"|"Meter"|4337000|"Belanja Modal Jalan Kabupaten"||HRS-WC|3.5|4
asb_0371|371|"Jalan Kabupaten"|"1.3.04.01.01.0003"|"Jalan Tipe D166"|"Lebar = 3,5 m, HRS-WC = 4 cm, LPA = 15 cm, LPB = 15 cm, dan Timbunan Pilihan dari Sumber Galian = 50 cm"|"Meter"|4362000|"Belanja Modal Jalan Kabupaten"||HRS-WC|3.5|4
asb_0372|372|"Jalan Kabupaten"|"1.3.04.01.01.0003"|"Jalan Tipe D167"|"Lebar = 3,5 m, HRS-WC = 4 cm, LPA = 15 cm, LPB = 20 cm, dan Timbunan Pilihan dari Sumber Galian = 50 cm"|"Meter"|4592000|"Belanja Modal Jalan Kabupaten"||HRS-WC|3.5|4
asb_0373|373|"Jalan Kabupaten"|"1.3.04.01.01.0003"|"Jalan Tipe D168"|"Lebar = 3,5 m, HRS-WC = 4 cm, LPA = 20 cm, LPB = 20 cm, dan Timbunan Pilihan dari Sumber Galian = 50 cm"|"Meter"|4847000|"Belanja Modal Jalan Kabupaten"||HRS-WC|3.5|4
asb_0374|374|"Jalan Kabupaten"|"1.3.04.01.01.0003"|"Jalan Tipe D169"|"Lebar = 3,5 m, HRS-WC = 5 cm, LPA = 10 cm, LPB = 10 cm, dan Timbunan Pilihan dari Sumber Galian = 20 cm"|"Meter"|2980000|"Belanja Modal Jalan Kabupaten"||HRS-WC|3.5|5
asb_0375|375|"Jalan Kabupaten"|"1.3.04.01.01.0003"|"Jalan Tipe D170"|"Lebar = 3,5 m, HRS-WC = 5 cm, LPA = 10 cm, LPB = 15 cm, dan Timbunan Pilihan dari Sumber Galian = 20 cm"|"Meter"|3209000|"Belanja Modal Jalan Kabupaten"||HRS-WC|3.5|5
asb_0376|376|"Jalan Kabupaten"|"1.3.04.01.01.0003"|"Jalan Tipe D171"|"Lebar = 3,5 m, HRS-WC = 5 cm, LPA = 10 cm, LPB = 20 cm, dan Timbunan Pilihan dari Sumber Galian = 20 cm"|"Meter"|3440000|"Belanja Modal Jalan Kabupaten"||HRS-WC|3.5|5
asb_0377|377|"Jalan Kabupaten"|"1.3.04.01.01.0003"|"Jalan Tipe D172"|"Lebar = 3,5 m, HRS-WC = 5 cm, LPA = 15 cm, LPB = 15 cm, dan Timbunan Pilihan dari Sumber Galian = 20 cm"|"Meter"|3465000|"Belanja Modal Jalan Kabupaten"||HRS-WC|3.5|5
asb_0378|378|"Jalan Kabupaten"|"1.3.04.01.01.0003"|"Jalan Tipe D173"|"Lebar = 3,5 m, HRS-WC = 5 cm, LPA = 15 cm, LPB = 20 cm, dan Timbunan Pilihan dari Sumber Galian = 20 cm"|"Meter"|3695000|"Belanja Modal Jalan Kabupaten"||HRS-WC|3.5|5
asb_0379|379|"Jalan Kabupaten"|"1.3.04.01.01.0003"|"Jalan Tipe D174"|"Lebar = 3,5 m, HRS-WC = 5 cm, LPA = 20 cm, LPB = 20 cm, dan Timbunan Pilihan dari Sumber Galian = 20 cm"|"Meter"|3950000|"Belanja Modal Jalan Kabupaten"||HRS-WC|3.5|5
asb_0380|380|"Jalan Kabupaten"|"1.3.04.01.01.0003"|"Jalan Tipe D175"|"Lebar = 3,5 m, HRS-WC = 5 cm, LPA = 10 cm, LPB = 10 cm, dan Timbunan Pilihan dari Sumber Galian = 30 cm"|"Meter"|3351000|"Belanja Modal Jalan Kabupaten"||HRS-WC|3.5|5
asb_0381|381|"Jalan Kabupaten"|"1.3.04.01.01.0003"|"Jalan Tipe D176"|"Lebar = 3,5 m, HRS-WC = 5 cm, LPA = 10 cm, LPB = 15 cm, dan Timbunan Pilihan dari Sumber Galian = 30 cm"|"Meter"|3581000|"Belanja Modal Jalan Kabupaten"||HRS-WC|3.5|5
asb_0382|382|"Jalan Kabupaten"|"1.3.04.01.01.0003"|"Jalan Tipe D177"|"Lebar = 3,5 m, HRS-WC = 5 cm, LPA = 10 cm, LPB = 20 cm, dan Timbunan Pilihan dari Sumber Galian = 30 cm"|"Meter"|3811000|"Belanja Modal Jalan Kabupaten"||HRS-WC|3.5|5
asb_0383|383|"Jalan Kabupaten"|"1.3.04.01.01.0003"|"Jalan Tipe D178"|"Lebar = 3,5 m, HRS-WC = 5 cm, LPA = 15 cm, LPB = 15 cm, dan Timbunan Pilihan dari Sumber Galian = 30 cm"|"Meter"|3836000|"Belanja Modal Jalan Kabupaten"||HRS-WC|3.5|5
asb_0384|384|"Jalan Kabupaten"|"1.3.04.01.01.0003"|"Jalan Tipe D179"|"Lebar = 3,5 m, HRS-WC = 5 cm, LPA = 15 cm, LPB = 20 cm, dan Timbunan Pilihan dari Sumber Galian = 30 cm"|"Meter"|4066000|"Belanja Modal Jalan Kabupaten"||HRS-WC|3.5|5
asb_0385|385|"Jalan Kabupaten"|"1.3.04.01.01.0003"|"Jalan Tipe D180"|"Lebar = 3,5 m, HRS-WC = 5 cm, LPA = 20 cm, LPB = 20 cm, dan Timbunan Pilihan dari Sumber Galian = 30 cm"|"Meter"|4321000|"Belanja Modal Jalan Kabupaten"||HRS-WC|3.5|5
asb_0386|386|"Jalan Kabupaten"|"1.3.04.01.01.0003"|"Jalan Tipe D181"|"Lebar = 3,5 m, HRS-WC = 5 cm, LPA = 10 cm, LPB = 10 cm, dan Timbunan Pilihan dari Sumber Galian = 40 cm"|"Meter"|3722000|"Belanja Modal Jalan Kabupaten"||HRS-WC|3.5|5
asb_0387|387|"Jalan Kabupaten"|"1.3.04.01.01.0003"|"Jalan Tipe D182"|"Lebar = 3,5 m, HRS-WC = 5 cm, LPA = 10 cm, LPB = 15 cm, dan Timbunan Pilihan dari Sumber Galian = 40 cm"|"Meter"|3953000|"Belanja Modal Jalan Kabupaten"||HRS-WC|3.5|5
asb_0388|388|"Jalan Kabupaten"|"1.3.04.01.01.0003"|"Jalan Tipe D183"|"Lebar = 3,5 m, HRS-WC = 5 cm, LPA = 10 cm, LPB = 20 cm, dan Timbunan Pilihan dari Sumber Galian = 40 cm"|"Meter"|4183000|"Belanja Modal Jalan Kabupaten"||HRS-WC|3.5|5
asb_0389|389|"Jalan Kabupaten"|"1.3.04.01.01.0003"|"Jalan Tipe D184"|"Lebar = 3,5 m, HRS-WC = 5 cm, LPA = 15 cm, LPB = 15 cm, dan Timbunan Pilihan dari Sumber Galian = 40 cm"|"Meter"|4208000|"Belanja Modal Jalan Kabupaten"||HRS-WC|3.5|5
asb_0390|390|"Jalan Kabupaten"|"1.3.04.01.01.0003"|"Jalan Tipe D185"|"Lebar = 3,5 m, HRS-WC = 5 cm, LPA = 15 cm, LPB = 20 cm, dan Timbunan Pilihan dari Sumber Galian = 40 cm"|"Meter"|4438000|"Belanja Modal Jalan Kabupaten"||HRS-WC|3.5|5
asb_0391|391|"Jalan Kabupaten"|"1.3.04.01.01.0003"|"Jalan Tipe D186"|"Lebar = 3,5 m, HRS-WC = 5 cm, LPA = 20 cm, LPB = 20 cm, dan Timbunan Pilihan dari Sumber Galian = 40 cm"|"Meter"|4693000|"Belanja Modal Jalan Kabupaten"||HRS-WC|3.5|5
asb_0392|392|"Jalan Kabupaten"|"1.3.04.01.01.0003"|"Jalan Tipe D187"|"Lebar = 3,5 m, HRS-WC = 5 cm, LPA = 10 cm, LPB = 10 cm, dan Timbunan Pilihan dari Sumber Galian = 50 cm"|"Meter"|4094000|"Belanja Modal Jalan Kabupaten"||HRS-WC|3.5|5
asb_0393|393|"Jalan Kabupaten"|"1.3.04.01.01.0003"|"Jalan Tipe D188"|"Lebar = 3,5 m, HRS-WC = 5 cm, LPA = 10 cm, LPB = 15 cm, dan Timbunan Pilihan dari Sumber Galian = 50 cm"|"Meter"|4325000|"Belanja Modal Jalan Kabupaten"||HRS-WC|3.5|5
asb_0394|394|"Jalan Kabupaten"|"1.3.04.01.01.0003"|"Jalan Tipe D189"|"Lebar = 3,5 m, HRS-WC = 5 cm, LPA = 10 cm, LPB = 20 cm, dan Timbunan Pilihan dari Sumber Galian = 50 cm"|"Meter"|4555000|"Belanja Modal Jalan Kabupaten"||HRS-WC|3.5|5
asb_0395|395|"Jalan Kabupaten"|"1.3.04.01.01.0003"|"Jalan Tipe D190"|"Lebar = 3,5 m, HRS-WC = 5 cm, LPA = 15 cm, LPB = 15 cm, dan Timbunan Pilihan dari Sumber Galian = 50 cm"|"Meter"|4579000|"Belanja Modal Jalan Kabupaten"||HRS-WC|3.5|5
asb_0396|396|"Jalan Kabupaten"|"1.3.04.01.01.0003"|"Jalan Tipe D191"|"Lebar = 3,5 m, HRS-WC = 5 cm, LPA = 15 cm, LPB = 20 cm, dan Timbunan Pilihan dari Sumber Galian = 50 cm"|"Meter"|4810000|"Belanja Modal Jalan Kabupaten"||HRS-WC|3.5|5
asb_0397|397|"Jalan Kabupaten"|"1.3.04.01.01.0003"|"Jalan Tipe D192"|"Lebar = 3,5 m, HRS-WC = 5 cm, LPA = 20 cm, LPB = 20 cm, dan Timbunan Pilihan dari Sumber Galian = 50 cm"|"Meter"|5065000|"Belanja Modal Jalan Kabupaten"||HRS-WC|3.5|5
asb_0398|398|"Jalan Kabupaten"|"1.3.04.01.01.0003"|"Jalan Tipe D193"|"Lebar = 4 m, HRS-Base = 4 cm, LPA = 10 cm, LPB = 10 cm, dan Timbunan Pilihan dari Sumber Galian = 20 cm"|"Meter"|3069000|"Belanja Modal Jalan Kabupaten"||HRS-Base|4|4
asb_0399|399|"Jalan Kabupaten"|"1.3.04.01.01.0003"|"Jalan Tipe D194"|"Lebar = 4 m, HRS-Base = 4 cm, LPA = 10 cm, LPB = 15 cm, dan Timbunan Pilihan dari Sumber Galian = 20 cm"|"Meter"|3325000|"Belanja Modal Jalan Kabupaten"||HRS-Base|4|4
asb_0400|400|"Jalan Kabupaten"|"1.3.04.01.01.0003"|"Jalan Tipe D195"|"Lebar = 4 m, HRS-Base = 4 cm, LPA = 10 cm, LPB = 20 cm, dan Timbunan Pilihan dari Sumber Galian = 20 cm"|"Meter"|3580000|"Belanja Modal Jalan Kabupaten"||HRS-Base|4|4
asb_0401|401|"Jalan Kabupaten"|"1.3.04.01.01.0003"|"Jalan Tipe D196"|"Lebar = 4 m, HRS-Base = 4 cm, LPA = 15 cm, LPB = 15 cm, dan Timbunan Pilihan dari Sumber Galian = 20 cm"|"Meter"|3608000|"Belanja Modal Jalan Kabupaten"||HRS-Base|4|4
asb_0402|402|"Jalan Kabupaten"|"1.3.04.01.01.0003"|"Jalan Tipe D197"|"Lebar = 4 m, HRS-Base = 4 cm, LPA = 15 cm, LPB = 20 cm, dan Timbunan Pilihan dari Sumber Galian = 20 cm"|"Meter"|3864000|"Belanja Modal Jalan Kabupaten"||HRS-Base|4|4
asb_0403|403|"Jalan Kabupaten"|"1.3.04.01.01.0003"|"Jalan Tipe D198"|"Lebar = 4 m, HRS-Base = 4 cm, LPA = 20 cm, LPB = 20 cm, dan Timbunan Pilihan dari Sumber Galian = 20 cm"|"Meter"|4147000|"Belanja Modal Jalan Kabupaten"||HRS-Base|4|4
asb_0404|404|"Jalan Kabupaten"|"1.3.04.01.01.0003"|"Jalan Tipe D199"|"Lebar = 4 m, HRS-Base = 4 cm, LPA = 10 cm, LPB = 10 cm, dan Timbunan Pilihan dari Sumber Galian = 30 cm"|"Meter"|3482000|"Belanja Modal Jalan Kabupaten"||HRS-Base|4|4
asb_0405|405|"Jalan Kabupaten"|"1.3.04.01.01.0003"|"Jalan Tipe D200"|"Lebar = 4 m, HRS-Base = 4 cm, LPA = 10 cm, LPB = 15 cm, dan Timbunan Pilihan dari Sumber Galian = 30 cm"|"Meter"|3738000|"Belanja Modal Jalan Kabupaten"||HRS-Base|4|4
asb_0406|406|"Jalan Kabupaten"|"1.3.04.01.01.0003"|"Jalan Tipe D201"|"Lebar = 4 m, HRS-Base = 4 cm, LPA = 10 cm, LPB = 20 cm, dan Timbunan Pilihan dari Sumber Galian = 30 cm"|"Meter"|3993000|"Belanja Modal Jalan Kabupaten"||HRS-Base|4|4
asb_0407|407|"Jalan Kabupaten"|"1.3.04.01.01.0003"|"Jalan Tipe D202"|"Lebar = 4 m, HRS-Base = 4 cm, LPA = 15 cm, LPB = 15 cm, dan Timbunan Pilihan dari Sumber Galian = 30 cm"|"Meter"|4021000|"Belanja Modal Jalan Kabupaten"||HRS-Base|4|4
asb_0408|408|"Jalan Kabupaten"|"1.3.04.01.01.0003"|"Jalan Tipe D203"|"Lebar = 4 m, HRS-Base = 4 cm, LPA = 15 cm, LPB = 20 cm, dan Timbunan Pilihan dari Sumber Galian = 30 cm"|"Meter"|4277000|"Belanja Modal Jalan Kabupaten"||HRS-Base|4|4
asb_0409|409|"Jalan Kabupaten"|"1.3.04.01.01.0003"|"Jalan Tipe D204"|"Lebar = 4 m, HRS-Base = 4 cm, LPA = 20 cm, LPB = 20 cm, dan Timbunan Pilihan dari Sumber Galian = 30 cm"|"Meter"|4560000|"Belanja Modal Jalan Kabupaten"||HRS-Base|4|4
asb_0410|410|"Jalan Kabupaten"|"1.3.04.01.01.0003"|"Jalan Tipe D205"|"Lebar = 4 m, HRS-Base = 4 cm, LPA = 10 cm, LPB = 10 cm, dan Timbunan Pilihan dari Sumber Galian = 40 cm"|"Meter"|3895000|"Belanja Modal Jalan Kabupaten"||HRS-Base|4|4
asb_0411|411|"Jalan Kabupaten"|"1.3.04.01.01.0003"|"Jalan Tipe D206"|"Lebar = 4 m, HRS-Base = 4 cm, LPA = 10 cm, LPB = 15 cm, dan Timbunan Pilihan dari Sumber Galian = 40 cm"|"Meter"|4151000|"Belanja Modal Jalan Kabupaten"||HRS-Base|4|4
asb_0412|412|"Jalan Kabupaten"|"1.3.04.01.01.0003"|"Jalan Tipe D207"|"Lebar = 4 m, HRS-Base = 4 cm, LPA = 10 cm, LPB = 20 cm, dan Timbunan Pilihan dari Sumber Galian = 40 cm"|"Meter"|4406000|"Belanja Modal Jalan Kabupaten"||HRS-Base|4|4
asb_0413|413|"Jalan Kabupaten"|"1.3.04.01.01.0003"|"Jalan Tipe D208"|"Lebar = 4 m, HRS-Base = 4 cm, LPA = 15 cm, LPB = 15 cm, dan Timbunan Pilihan dari Sumber Galian = 40 cm"|"Meter"|4434000|"Belanja Modal Jalan Kabupaten"||HRS-Base|4|4
asb_0414|414|"Jalan Kabupaten"|"1.3.04.01.01.0003"|"Jalan Tipe D209"|"Lebar = 4 m, HRS-Base = 4 cm, LPA = 15 cm, LPB = 20 cm, dan Timbunan Pilihan dari Sumber Galian = 40 cm"|"Meter"|4690000|"Belanja Modal Jalan Kabupaten"||HRS-Base|4|4
asb_0415|415|"Jalan Kabupaten"|"1.3.04.01.01.0003"|"Jalan Tipe D210"|"Lebar = 4 m, HRS-Base = 4 cm, LPA = 20 cm, LPB = 20 cm, dan Timbunan Pilihan dari Sumber Galian = 40 cm"|"Meter"|4973000|"Belanja Modal Jalan Kabupaten"||HRS-Base|4|4
asb_0416|416|"Jalan Kabupaten"|"1.3.04.01.01.0003"|"Jalan Tipe D211"|"Lebar = 4 m, HRS-Base = 4 cm, LPA = 10 cm, LPB = 10 cm, dan Timbunan Pilihan dari Sumber Galian = 50 cm"|"Meter"|4307000|"Belanja Modal Jalan Kabupaten"||HRS-Base|4|4
asb_0417|417|"Jalan Kabupaten"|"1.3.04.01.01.0003"|"Jalan Tipe D212"|"Lebar = 4 m, HRS-Base = 4 cm, LPA = 10 cm, LPB = 15 cm, dan Timbunan Pilihan dari Sumber Galian = 50 cm"|"Meter"|4564000|"Belanja Modal Jalan Kabupaten"||HRS-Base|4|4
asb_0418|418|"Jalan Kabupaten"|"1.3.04.01.01.0003"|"Jalan Tipe D213"|"Lebar = 4 m, HRS-Base = 4 cm, LPA = 10 cm, LPB = 20 cm, dan Timbunan Pilihan dari Sumber Galian = 50 cm"|"Meter"|4819000|"Belanja Modal Jalan Kabupaten"||HRS-Base|4|4
asb_0419|419|"Jalan Kabupaten"|"1.3.04.01.01.0003"|"Jalan Tipe D214"|"Lebar = 4 m, HRS-Base = 4 cm, LPA = 15 cm, LPB = 15 cm, dan Timbunan Pilihan dari Sumber Galian = 50 cm"|"Meter"|4847000|"Belanja Modal Jalan Kabupaten"||HRS-Base|4|4
asb_0420|420|"Jalan Kabupaten"|"1.3.04.01.01.0003"|"Jalan Tipe D215"|"Lebar = 4 m, HRS-Base = 4 cm, LPA = 15 cm, LPB = 20 cm, dan Timbunan Pilihan dari Sumber Galian = 50 cm"|"Meter"|5103000|"Belanja Modal Jalan Kabupaten"||HRS-Base|4|4
asb_0421|421|"Jalan Kabupaten"|"1.3.04.01.01.0003"|"Jalan Tipe D216"|"Lebar = 4 m, HRS-Base = 4 cm, LPA = 20 cm, LPB = 20 cm, dan Timbunan Pilihan dari Sumber Galian = 50 cm"|"Meter"|5386000|"Belanja Modal Jalan Kabupaten"||HRS-Base|4|4
asb_0422|422|"Jalan Kabupaten"|"1.3.04.01.01.0003"|"Jalan Tipe D217"|"Lebar = 4 m, HRS-Base = 5 cm, LPA = 10 cm, LPB = 10 cm, dan Timbunan Pilihan dari Sumber Galian = 20 cm"|"Meter"|3311000|"Belanja Modal Jalan Kabupaten"||HRS-Base|4|5
asb_0423|423|"Jalan Kabupaten"|"1.3.04.01.01.0003"|"Jalan Tipe D218"|"Lebar = 4 m, HRS-Base = 5 cm, LPA = 10 cm, LPB = 15 cm, dan Timbunan Pilihan dari Sumber Galian = 20 cm"|"Meter"|3568000|"Belanja Modal Jalan Kabupaten"||HRS-Base|4|5
asb_0424|424|"Jalan Kabupaten"|"1.3.04.01.01.0003"|"Jalan Tipe D219"|"Lebar = 4 m, HRS-Base = 5 cm, LPA = 10 cm, LPB = 20 cm, dan Timbunan Pilihan dari Sumber Galian = 20 cm"|"Meter"|3823000|"Belanja Modal Jalan Kabupaten"||HRS-Base|4|5
asb_0425|425|"Jalan Kabupaten"|"1.3.04.01.01.0003"|"Jalan Tipe D220"|"Lebar = 4 m, HRS-Base = 5 cm, LPA = 15 cm, LPB = 15 cm, dan Timbunan Pilihan dari Sumber Galian = 20 cm"|"Meter"|3850000|"Belanja Modal Jalan Kabupaten"||HRS-Base|4|5
asb_0426|426|"Jalan Kabupaten"|"1.3.04.01.01.0003"|"Jalan Tipe D221"|"Lebar = 4 m, HRS-Base = 5 cm, LPA = 15 cm, LPB = 20 cm, dan Timbunan Pilihan dari Sumber Galian = 20 cm"|"Meter"|4107000|"Belanja Modal Jalan Kabupaten"||HRS-Base|4|5
asb_0427|427|"Jalan Kabupaten"|"1.3.04.01.01.0003"|"Jalan Tipe D222"|"Lebar = 4 m, HRS-Base = 5 cm, LPA = 20 cm, LPB = 20 cm, dan Timbunan Pilihan dari Sumber Galian = 20 cm"|"Meter"|4390000|"Belanja Modal Jalan Kabupaten"||HRS-Base|4|5
asb_0428|428|"Jalan Kabupaten"|"1.3.04.01.01.0003"|"Jalan Tipe D223"|"Lebar = 4 m, HRS-Base = 5 cm, LPA = 10 cm, LPB = 10 cm, dan Timbunan Pilihan dari Sumber Galian = 30 cm"|"Meter"|3724000|"Belanja Modal Jalan Kabupaten"||HRS-Base|4|5
asb_0429|429|"Jalan Kabupaten"|"1.3.04.01.01.0003"|"Jalan Tipe D224"|"Lebar = 4 m, HRS-Base = 5 cm, LPA = 10 cm, LPB = 15 cm, dan Timbunan Pilihan dari Sumber Galian = 30 cm"|"Meter"|3980000|"Belanja Modal Jalan Kabupaten"||HRS-Base|4|5
asb_0430|430|"Jalan Kabupaten"|"1.3.04.01.01.0003"|"Jalan Tipe D225"|"Lebar = 4 m, HRS-Base = 5 cm, LPA = 10 cm, LPB = 20 cm, dan Timbunan Pilihan dari Sumber Galian = 30 cm"|"Meter"|4236000|"Belanja Modal Jalan Kabupaten"||HRS-Base|4|5
asb_0431|431|"Jalan Kabupaten"|"1.3.04.01.01.0003"|"Jalan Tipe D226"|"Lebar = 4 m, HRS-Base = 5 cm, LPA = 15 cm, LPB = 15 cm, dan Timbunan Pilihan dari Sumber Galian = 30 cm"|"Meter"|4263000|"Belanja Modal Jalan Kabupaten"||HRS-Base|4|5
asb_0432|432|"Jalan Kabupaten"|"1.3.04.01.01.0003"|"Jalan Tipe D227"|"Lebar = 4 m, HRS-Base = 5 cm, LPA = 15 cm, LPB = 20 cm, dan Timbunan Pilihan dari Sumber Galian = 30 cm"|"Meter"|4520000|"Belanja Modal Jalan Kabupaten"||HRS-Base|4|5
asb_0433|433|"Jalan Kabupaten"|"1.3.04.01.01.0003"|"Jalan Tipe D228"|"Lebar = 4 m, HRS-Base = 5 cm, LPA = 20 cm, LPB = 20 cm, dan Timbunan Pilihan dari Sumber Galian = 30 cm"|"Meter"|4803000|"Belanja Modal Jalan Kabupaten"||HRS-Base|4|5
asb_0434|434|"Jalan Kabupaten"|"1.3.04.01.01.0003"|"Jalan Tipe D229"|"Lebar = 4 m, HRS-Base = 5 cm, LPA = 10 cm, LPB = 10 cm, dan Timbunan Pilihan dari Sumber Galian = 40 cm"|"Meter"|4138000|"Belanja Modal Jalan Kabupaten"||HRS-Base|4|5
asb_0435|435|"Jalan Kabupaten"|"1.3.04.01.01.0003"|"Jalan Tipe D230"|"Lebar = 4 m, HRS-Base = 5 cm, LPA = 10 cm, LPB = 15 cm, dan Timbunan Pilihan dari Sumber Galian = 40 cm"|"Meter"|4393000|"Belanja Modal Jalan Kabupaten"||HRS-Base|4|5
asb_0436|436|"Jalan Kabupaten"|"1.3.04.01.01.0003"|"Jalan Tipe D231"|"Lebar = 4 m, HRS-Base = 5 cm, LPA = 10 cm, LPB = 20 cm, dan Timbunan Pilihan dari Sumber Galian = 40 cm"|"Meter"|4649000|"Belanja Modal Jalan Kabupaten"||HRS-Base|4|5
asb_0437|437|"Jalan Kabupaten"|"1.3.04.01.01.0003"|"Jalan Tipe D232"|"Lebar = 4 m, HRS-Base = 5 cm, LPA = 15 cm, LPB = 15 cm, dan Timbunan Pilihan dari Sumber Galian = 40 cm"|"Meter"|4676000|"Belanja Modal Jalan Kabupaten"||HRS-Base|4|5
asb_0438|438|"Jalan Kabupaten"|"1.3.04.01.01.0003"|"Jalan Tipe D233"|"Lebar = 4 m, HRS-Base = 5 cm, LPA = 15 cm, LPB = 20 cm, dan Timbunan Pilihan dari Sumber Galian = 40 cm"|"Meter"|4933000|"Belanja Modal Jalan Kabupaten"||HRS-Base|4|5
asb_0439|439|"Jalan Kabupaten"|"1.3.04.01.01.0003"|"Jalan Tipe D234"|"Lebar = 4 m, HRS-Base = 5 cm, LPA = 20 cm, LPB = 20 cm, dan Timbunan Pilihan dari Sumber Galian = 40 cm"|"Meter"|5216000|"Belanja Modal Jalan Kabupaten"||HRS-Base|4|5
asb_0440|440|"Jalan Kabupaten"|"1.3.04.01.01.0003"|"Jalan Tipe D235"|"Lebar = 4 m, HRS-Base = 5 cm, LPA = 10 cm, LPB = 10 cm, dan Timbunan Pilihan dari Sumber Galian = 50 cm"|"Meter"|4551000|"Belanja Modal Jalan Kabupaten"||HRS-Base|4|5
asb_0441|441|"Jalan Kabupaten"|"1.3.04.01.01.0003"|"Jalan Tipe D236"|"Lebar = 4 m, HRS-Base = 5 cm, LPA = 10 cm, LPB = 15 cm, dan Timbunan Pilihan dari Sumber Galian = 50 cm"|"Meter"|4806000|"Belanja Modal Jalan Kabupaten"||HRS-Base|4|5
asb_0442|442|"Jalan Kabupaten"|"1.3.04.01.01.0003"|"Jalan Tipe D237"|"Lebar = 4 m, HRS-Base = 5 cm, LPA = 10 cm, LPB = 20 cm, dan Timbunan Pilihan dari Sumber Galian = 50 cm"|"Meter"|5062000|"Belanja Modal Jalan Kabupaten"||HRS-Base|4|5
asb_0443|443|"Jalan Kabupaten"|"1.3.04.01.01.0003"|"Jalan Tipe D238"|"Lebar = 4 m, HRS-Base = 5 cm, LPA = 15 cm, LPB = 15 cm, dan Timbunan Pilihan dari Sumber Galian = 50 cm"|"Meter"|5089000|"Belanja Modal Jalan Kabupaten"||HRS-Base|4|5
asb_0444|444|"Jalan Kabupaten"|"1.3.04.01.01.0003"|"Jalan Tipe D239"|"Lebar = 4 m, HRS-Base = 5 cm, LPA = 15 cm, LPB = 20 cm, dan Timbunan Pilihan dari Sumber Galian = 50 cm"|"Meter"|5345000|"Belanja Modal Jalan Kabupaten"||HRS-Base|4|5
asb_0445|445|"Jalan Kabupaten"|"1.3.04.01.01.0003"|"Jalan Tipe D240"|"Lebar = 4 m, HRS-Base = 5 cm, LPA = 20 cm, LPB = 20 cm, dan Timbunan Pilihan dari Sumber Galian = 50 cm"|"Meter"|5628000|"Belanja Modal Jalan Kabupaten"||HRS-Base|4|5
asb_0446|446|"Jalan Kabupaten"|"1.3.04.01.01.0003"|"Jalan Tipe D241"|"Lebar = 4 m, HRS-WC = 4 cm, LPA = 10 cm, LPB = 10 cm, dan Timbunan Pilihan dari Sumber Galian = 20 cm"|"Meter"|3093000|"Belanja Modal Jalan Kabupaten"||HRS-WC|4|4
asb_0447|447|"Jalan Kabupaten"|"1.3.04.01.01.0003"|"Jalan Tipe D242"|"Lebar = 4 m, HRS-WC = 4 cm, LPA = 10 cm, LPB = 15 cm, dan Timbunan Pilihan dari Sumber Galian = 20 cm"|"Meter"|3350000|"Belanja Modal Jalan Kabupaten"||HRS-WC|4|4
asb_0448|448|"Jalan Kabupaten"|"1.3.04.01.01.0003"|"Jalan Tipe D243"|"Lebar = 4 m, HRS-WC = 4 cm, LPA = 10 cm, LPB = 20 cm, dan Timbunan Pilihan dari Sumber Galian = 20 cm"|"Meter"|3605000|"Belanja Modal Jalan Kabupaten"||HRS-WC|4|4
asb_0449|449|"Jalan Kabupaten"|"1.3.04.01.01.0003"|"Jalan Tipe D244"|"Lebar = 4 m, HRS-WC = 4 cm, LPA = 15 cm, LPB = 15 cm, dan Timbunan Pilihan dari Sumber Galian = 20 cm"|"Meter"|3633000|"Belanja Modal Jalan Kabupaten"||HRS-WC|4|4
asb_0450|450|"Jalan Kabupaten"|"1.3.04.01.01.0003"|"Jalan Tipe D245"|"Lebar = 4 m, HRS-WC = 4 cm, LPA = 15 cm, LPB = 20 cm, dan Timbunan Pilihan dari Sumber Galian = 20 cm"|"Meter"|3888000|"Belanja Modal Jalan Kabupaten"||HRS-WC|4|4
asb_0451|451|"Jalan Kabupaten"|"1.3.04.01.01.0003"|"Jalan Tipe D246"|"Lebar = 4 m, HRS-WC = 4 cm, LPA = 20 cm, LPB = 20 cm, dan Timbunan Pilihan dari Sumber Galian = 20 cm"|"Meter"|4172000|"Belanja Modal Jalan Kabupaten"||HRS-WC|4|4
asb_0452|452|"Jalan Kabupaten"|"1.3.04.01.01.0003"|"Jalan Tipe D247"|"Lebar = 4 m, HRS-WC = 4 cm, LPA = 10 cm, LPB = 10 cm, dan Timbunan Pilihan dari Sumber Galian = 30 cm"|"Meter"|3506000|"Belanja Modal Jalan Kabupaten"||HRS-WC|4|4
asb_0453|453|"Jalan Kabupaten"|"1.3.04.01.01.0003"|"Jalan Tipe D248"|"Lebar = 4 m, HRS-WC = 4 cm, LPA = 10 cm, LPB = 15 cm, dan Timbunan Pilihan dari Sumber Galian = 30 cm"|"Meter"|3763000|"Belanja Modal Jalan Kabupaten"||HRS-WC|4|4
asb_0454|454|"Jalan Kabupaten"|"1.3.04.01.01.0003"|"Jalan Tipe D249"|"Lebar = 4 m, HRS-WC = 4 cm, LPA = 10 cm, LPB = 20 cm, dan Timbunan Pilihan dari Sumber Galian = 30 cm"|"Meter"|4018000|"Belanja Modal Jalan Kabupaten"||HRS-WC|4|4
asb_0455|455|"Jalan Kabupaten"|"1.3.04.01.01.0003"|"Jalan Tipe D250"|"Lebar = 4 m, HRS-WC = 4 cm, LPA = 15 cm, LPB = 15 cm, dan Timbunan Pilihan dari Sumber Galian = 30 cm"|"Meter"|4046000|"Belanja Modal Jalan Kabupaten"||HRS-WC|4|4
asb_0456|456|"Jalan Kabupaten"|"1.3.04.01.01.0003"|"Jalan Tipe D251"|"Lebar = 4 m, HRS-WC = 4 cm, LPA = 15 cm, LPB = 20 cm, dan Timbunan Pilihan dari Sumber Galian = 30 cm"|"Meter"|4301000|"Belanja Modal Jalan Kabupaten"||HRS-WC|4|4
asb_0457|457|"Jalan Kabupaten"|"1.3.04.01.01.0003"|"Jalan Tipe D252"|"Lebar = 4 m, HRS-WC = 4 cm, LPA = 20 cm, LPB = 20 cm, dan Timbunan Pilihan dari Sumber Galian = 30 cm"|"Meter"|4585000|"Belanja Modal Jalan Kabupaten"||HRS-WC|4|4
asb_0458|458|"Jalan Kabupaten"|"1.3.04.01.01.0003"|"Jalan Tipe D253"|"Lebar = 4 m, HRS-WC = 4 cm, LPA = 10 cm, LPB = 10 cm, dan Timbunan Pilihan dari Sumber Galian = 40 cm"|"Meter"|3919000|"Belanja Modal Jalan Kabupaten"||HRS-WC|4|4
asb_0459|459|"Jalan Kabupaten"|"1.3.04.01.01.0003"|"Jalan Tipe D254"|"Lebar = 4 m, HRS-WC = 4 cm, LPA = 10 cm, LPB = 15 cm, dan Timbunan Pilihan dari Sumber Galian = 40 cm"|"Meter"|4176000|"Belanja Modal Jalan Kabupaten"||HRS-WC|4|4
asb_0460|460|"Jalan Kabupaten"|"1.3.04.01.01.0003"|"Jalan Tipe D255"|"Lebar = 4 m, HRS-WC = 4 cm, LPA = 10 cm, LPB = 20 cm, dan Timbunan Pilihan dari Sumber Galian = 40 cm"|"Meter"|4431000|"Belanja Modal Jalan Kabupaten"||HRS-WC|4|4
asb_0461|461|"Jalan Kabupaten"|"1.3.04.01.01.0003"|"Jalan Tipe D256"|"Lebar = 4 m, HRS-WC = 4 cm, LPA = 15 cm, LPB = 15 cm, dan Timbunan Pilihan dari Sumber Galian = 40 cm"|"Meter"|4459000|"Belanja Modal Jalan Kabupaten"||HRS-WC|4|4
asb_0462|462|"Jalan Kabupaten"|"1.3.04.01.01.0003"|"Jalan Tipe D257"|"Lebar = 4 m, HRS-WC = 4 cm, LPA = 15 cm, LPB = 20 cm, dan Timbunan Pilihan dari Sumber Galian = 40 cm"|"Meter"|4714000|"Belanja Modal Jalan Kabupaten"||HRS-WC|4|4
asb_0463|463|"Jalan Kabupaten"|"1.3.04.01.01.0003"|"Jalan Tipe D258"|"Lebar = 4 m, HRS-WC = 4 cm, LPA = 20 cm, LPB = 20 cm, dan Timbunan Pilihan dari Sumber Galian = 40 cm"|"Meter"|4998000|"Belanja Modal Jalan Kabupaten"||HRS-WC|4|4
asb_0464|464|"Jalan Kabupaten"|"1.3.04.01.01.0003"|"Jalan Tipe D259"|"Lebar = 4 m, HRS-WC = 4 cm, LPA = 10 cm, LPB = 10 cm, dan Timbunan Pilihan dari Sumber Galian = 50 cm"|"Meter"|4332000|"Belanja Modal Jalan Kabupaten"||HRS-WC|4|4
asb_0465|465|"Jalan Kabupaten"|"1.3.04.01.01.0003"|"Jalan Tipe D260"|"Lebar = 4 m, HRS-WC = 4 cm, LPA = 10 cm, LPB = 15 cm, dan Timbunan Pilihan dari Sumber Galian = 50 cm"|"Meter"|4589000|"Belanja Modal Jalan Kabupaten"||HRS-WC|4|4
asb_0466|466|"Jalan Kabupaten"|"1.3.04.01.01.0003"|"Jalan Tipe D261"|"Lebar = 4 m, HRS-WC = 4 cm, LPA = 10 cm, LPB = 20 cm, dan Timbunan Pilihan dari Sumber Galian = 50 cm"|"Meter"|4844000|"Belanja Modal Jalan Kabupaten"||HRS-WC|4|4
asb_0467|467|"Jalan Kabupaten"|"1.3.04.01.01.0003"|"Jalan Tipe D262"|"Lebar = 4 m, HRS-WC = 4 cm, LPA = 15 cm, LPB = 15 cm, dan Timbunan Pilihan dari Sumber Galian = 50 cm"|"Meter"|4871000|"Belanja Modal Jalan Kabupaten"||HRS-WC|4|4
asb_0468|468|"Jalan Kabupaten"|"1.3.04.01.01.0003"|"Jalan Tipe D263"|"Lebar = 4 m, HRS-WC = 4 cm, LPA = 15 cm, LPB = 20 cm, dan Timbunan Pilihan dari Sumber Galian = 50 cm"|"Meter"|5127000|"Belanja Modal Jalan Kabupaten"||HRS-WC|4|4
asb_0469|469|"Jalan Kabupaten"|"1.3.04.01.01.0003"|"Jalan Tipe D264"|"Lebar = 4 m, HRS-WC = 4 cm, LPA = 20 cm, LPB = 20 cm, dan Timbunan Pilihan dari Sumber Galian = 50 cm"|"Meter"|5411000|"Belanja Modal Jalan Kabupaten"||HRS-WC|4|4
asb_0470|470|"Jalan Kabupaten"|"1.3.04.01.01.0003"|"Jalan Tipe D265"|"Lebar = 4 m, HRS-WC = 5 cm, LPA = 10 cm, LPB = 10 cm, dan Timbunan Pilihan dari Sumber Galian = 20 cm"|"Meter"|3342000|"Belanja Modal Jalan Kabupaten"||HRS-WC|4|5
asb_0471|471|"Jalan Kabupaten"|"1.3.04.01.01.0003"|"Jalan Tipe D266"|"Lebar = 4 m, HRS-WC = 5 cm, LPA = 10 cm, LPB = 15 cm, dan Timbunan Pilihan dari Sumber Galian = 20 cm"|"Meter"|3598000|"Belanja Modal Jalan Kabupaten"||HRS-WC|4|5
asb_0472|472|"Jalan Kabupaten"|"1.3.04.01.01.0003"|"Jalan Tipe D267"|"Lebar = 4 m, HRS-WC = 5 cm, LPA = 10 cm, LPB = 20 cm, dan Timbunan Pilihan dari Sumber Galian = 20 cm"|"Meter"|3854000|"Belanja Modal Jalan Kabupaten"||HRS-WC|4|5
asb_0473|473|"Jalan Kabupaten"|"1.3.04.01.01.0003"|"Jalan Tipe D268"|"Lebar = 4 m, HRS-WC = 5 cm, LPA = 15 cm, LPB = 15 cm, dan Timbunan Pilihan dari Sumber Galian = 20 cm"|"Meter"|3881000|"Belanja Modal Jalan Kabupaten"||HRS-WC|4|5
asb_0474|474|"Jalan Kabupaten"|"1.3.04.01.01.0003"|"Jalan Tipe D269"|"Lebar = 4 m, HRS-WC = 5 cm, LPA = 15 cm, LPB = 20 cm, dan Timbunan Pilihan dari Sumber Galian = 20 cm"|"Meter"|4136000|"Belanja Modal Jalan Kabupaten"||HRS-WC|4|5
asb_0475|475|"Jalan Kabupaten"|"1.3.04.01.01.0003"|"Jalan Tipe D270"|"Lebar = 4 m, HRS-WC = 5 cm, LPA = 20 cm, LPB = 20 cm, dan Timbunan Pilihan dari Sumber Galian = 20 cm"|"Meter"|4420000|"Belanja Modal Jalan Kabupaten"||HRS-WC|4|5
asb_0476|476|"Jalan Kabupaten"|"1.3.04.01.01.0003"|"Jalan Tipe D271"|"Lebar = 4 m, HRS-WC = 5 cm, LPA = 10 cm, LPB = 10 cm, dan Timbunan Pilihan dari Sumber Galian = 30 cm"|"Meter"|3755000|"Belanja Modal Jalan Kabupaten"||HRS-WC|4|5
asb_0477|477|"Jalan Kabupaten"|"1.3.04.01.01.0003"|"Jalan Tipe D272"|"Lebar = 4 m, HRS-WC = 5 cm, LPA = 10 cm, LPB = 15 cm, dan Timbunan Pilihan dari Sumber Galian = 30 cm"|"Meter"|4011000|"Belanja Modal Jalan Kabupaten"||HRS-WC|4|5
asb_0478|478|"Jalan Kabupaten"|"1.3.04.01.01.0003"|"Jalan Tipe D273"|"Lebar = 4 m, HRS-WC = 5 cm, LPA = 10 cm, LPB = 20 cm, dan Timbunan Pilihan dari Sumber Galian = 30 cm"|"Meter"|4266000|"Belanja Modal Jalan Kabupaten"||HRS-WC|4|5
asb_0479|479|"Jalan Kabupaten"|"1.3.04.01.01.0003"|"Jalan Tipe D274"|"Lebar = 4 m, HRS-WC = 5 cm, LPA = 15 cm, LPB = 15 cm, dan Timbunan Pilihan dari Sumber Galian = 30 cm"|"Meter"|4294000|"Belanja Modal Jalan Kabupaten"||HRS-WC|4|5
asb_0480|480|"Jalan Kabupaten"|"1.3.04.01.01.0003"|"Jalan Tipe D275"|"Lebar = 4 m, HRS-WC = 5 cm, LPA = 15 cm, LPB = 20 cm, dan Timbunan Pilihan dari Sumber Galian = 30 cm"|"Meter"|4550000|"Belanja Modal Jalan Kabupaten"||HRS-WC|4|5
asb_0481|481|"Jalan Kabupaten"|"1.3.04.01.01.0003"|"Jalan Tipe D276"|"Lebar = 4 m, HRS-WC = 5 cm, LPA = 20 cm, LPB = 20 cm, dan Timbunan Pilihan dari Sumber Galian = 30 cm"|"Meter"|4833000|"Belanja Modal Jalan Kabupaten"||HRS-WC|4|5
asb_0482|482|"Jalan Kabupaten"|"1.3.04.01.01.0003"|"Jalan Tipe D277"|"Lebar = 4 m, HRS-WC = 5 cm, LPA = 10 cm, LPB = 10 cm, dan Timbunan Pilihan dari Sumber Galian = 40 cm"|"Meter"|4168000|"Belanja Modal Jalan Kabupaten"||HRS-WC|4|5
asb_0483|483|"Jalan Kabupaten"|"1.3.04.01.01.0003"|"Jalan Tipe D278"|"Lebar = 4 m, HRS-WC = 5 cm, LPA = 10 cm, LPB = 15 cm, dan Timbunan Pilihan dari Sumber Galian = 40 cm"|"Meter"|4424000|"Belanja Modal Jalan Kabupaten"||HRS-WC|4|5
asb_0484|484|"Jalan Kabupaten"|"1.3.04.01.01.0003"|"Jalan Tipe D279"|"Lebar = 4 m, HRS-WC = 5 cm, LPA = 10 cm, LPB = 20 cm, dan Timbunan Pilihan dari Sumber Galian = 40 cm"|"Meter"|4679000|"Belanja Modal Jalan Kabupaten"||HRS-WC|4|5
asb_0485|485|"Jalan Kabupaten"|"1.3.04.01.01.0003"|"Jalan Tipe D280"|"Lebar = 4 m, HRS-WC = 5 cm, LPA = 15 cm, LPB = 15 cm, dan Timbunan Pilihan dari Sumber Galian = 40 cm"|"Meter"|4707000|"Belanja Modal Jalan Kabupaten"||HRS-WC|4|5
asb_0486|486|"Jalan Kabupaten"|"1.3.04.01.01.0003"|"Jalan Tipe D281"|"Lebar = 4 m, HRS-WC = 5 cm, LPA = 15 cm, LPB = 20 cm, dan Timbunan Pilihan dari Sumber Galian = 40 cm"|"Meter"|4963000|"Belanja Modal Jalan Kabupaten"||HRS-WC|4|5
asb_0487|487|"Jalan Kabupaten"|"1.3.04.01.01.0003"|"Jalan Tipe D282"|"Lebar = 4 m, HRS-WC = 5 cm, LPA = 20 cm, LPB = 20 cm, dan Timbunan Pilihan dari Sumber Galian = 40 cm"|"Meter"|5246000|"Belanja Modal Jalan Kabupaten"||HRS-WC|4|5
asb_0488|488|"Jalan Kabupaten"|"1.3.04.01.01.0003"|"Jalan Tipe D283"|"Lebar = 4 m, HRS-WC = 5 cm, LPA = 10 cm, LPB = 10 cm, dan Timbunan Pilihan dari Sumber Galian = 50 cm"|"Meter"|4580000|"Belanja Modal Jalan Kabupaten"||HRS-WC|4|5
asb_0489|489|"Jalan Kabupaten"|"1.3.04.01.01.0003"|"Jalan Tipe D284"|"Lebar = 4 m, HRS-WC = 5 cm, LPA = 10 cm, LPB = 15 cm, dan Timbunan Pilihan dari Sumber Galian = 50 cm"|"Meter"|4837000|"Belanja Modal Jalan Kabupaten"||HRS-WC|4|5
asb_0490|490|"Jalan Kabupaten"|"1.3.04.01.01.0003"|"Jalan Tipe D285"|"Lebar = 4 m, HRS-WC = 5 cm, LPA = 10 cm, LPB = 20 cm, dan Timbunan Pilihan dari Sumber Galian = 50 cm"|"Meter"|5092000|"Belanja Modal Jalan Kabupaten"||HRS-WC|4|5
asb_0491|491|"Jalan Kabupaten"|"1.3.04.01.01.0003"|"Jalan Tipe D286"|"Lebar = 4 m, HRS-WC = 5 cm, LPA = 15 cm, LPB = 15 cm, dan Timbunan Pilihan dari Sumber Galian = 50 cm"|"Meter"|5120000|"Belanja Modal Jalan Kabupaten"||HRS-WC|4|5
asb_0492|492|"Jalan Kabupaten"|"1.3.04.01.01.0003"|"Jalan Tipe D287"|"Lebar = 4 m, HRS-WC = 5 cm, LPA = 15 cm, LPB = 20 cm, dan Timbunan Pilihan dari Sumber Galian = 50 cm"|"Meter"|5376000|"Belanja Modal Jalan Kabupaten"||HRS-WC|4|5
asb_0493|493|"Jalan Kabupaten"|"1.3.04.01.01.0003"|"Jalan Tipe D288"|"Lebar = 4 m, HRS-WC = 5 cm, LPA = 20 cm, LPB = 20 cm, dan Timbunan Pilihan dari Sumber Galian = 50 cm"|"Meter"|5659000|"Belanja Modal Jalan Kabupaten"||HRS-WC|4|5
asb_0494|494|"Jalan Kabupaten"|"1.3.04.01.01.0003"|"Jalan Tipe D289"|"Lebar = 4,5 m, HRS-Base = 4 cm, LPA = 10 cm, LPB = 10 cm, dan Timbunan Pilihan dari Sumber Galian = 20 cm"|"Meter"|3398000|"Belanja Modal Jalan Kabupaten"||HRS-Base|4.5|4
asb_0495|495|"Jalan Kabupaten"|"1.3.04.01.01.0003"|"Jalan Tipe D290"|"Lebar = 4,5 m, HRS-Base = 4 cm, LPA = 10 cm, LPB = 15 cm, dan Timbunan Pilihan dari Sumber Galian = 20 cm"|"Meter"|3679000|"Belanja Modal Jalan Kabupaten"||HRS-Base|4.5|4
asb_0496|496|"Jalan Kabupaten"|"1.3.04.01.01.0003"|"Jalan Tipe D291"|"Lebar = 4,5 m, HRS-Base = 4 cm, LPA = 10 cm, LPB = 20 cm, dan Timbunan Pilihan dari Sumber Galian = 20 cm"|"Meter"|3960000|"Belanja Modal Jalan Kabupaten"||HRS-Base|4.5|4
asb_0497|497|"Jalan Kabupaten"|"1.3.04.01.01.0003"|"Jalan Tipe D292"|"Lebar = 4,5 m, HRS-Base = 4 cm, LPA = 15 cm, LPB = 15 cm, dan Timbunan Pilihan dari Sumber Galian = 20 cm"|"Meter"|3960000|"Belanja Modal Jalan Kabupaten"||HRS-Base|4.5|4
asb_0498|498|"Jalan Kabupaten"|"1.3.04.01.01.0003"|"Jalan Tipe D293"|"Lebar = 4,5 m, HRS-Base = 4 cm, LPA = 15 cm, LPB = 20 cm, dan Timbunan Pilihan dari Sumber Galian = 20 cm"|"Meter"|4272000|"Belanja Modal Jalan Kabupaten"||HRS-Base|4.5|4
asb_0499|499|"Jalan Kabupaten"|"1.3.04.01.01.0003"|"Jalan Tipe D294"|"Lebar = 4,5 m, HRS-Base = 4 cm, LPA = 20 cm, LPB = 20 cm, dan Timbunan Pilihan dari Sumber Galian = 20 cm"|"Meter"|4584000|"Belanja Modal Jalan Kabupaten"||HRS-Base|4.5|4
asb_0500|500|"Jalan Kabupaten"|"1.3.04.01.01.0003"|"Jalan Tipe D295"|"Lebar = 4,5 m, HRS-Base = 4 cm, LPA = 10 cm, LPB = 10 cm, dan Timbunan Pilihan dari Sumber Galian = 30 cm"|"Meter"|3852000|"Belanja Modal Jalan Kabupaten"||HRS-Base|4.5|4
asb_0501|501|"Jalan Kabupaten"|"1.3.04.01.01.0003"|"Jalan Tipe D296"|"Lebar = 4,5 m, HRS-Base = 4 cm, LPA = 10 cm, LPB = 15 cm, dan Timbunan Pilihan dari Sumber Galian = 30 cm"|"Meter"|4133000|"Belanja Modal Jalan Kabupaten"||HRS-Base|4.5|4
asb_0502|502|"Jalan Kabupaten"|"1.3.04.01.01.0003"|"Jalan Tipe D297"|"Lebar = 4,5 m, HRS-Base = 4 cm, LPA = 10 cm, LPB = 20 cm, dan Timbunan Pilihan dari Sumber Galian = 30 cm"|"Meter"|4415000|"Belanja Modal Jalan Kabupaten"||HRS-Base|4.5|4
asb_0503|503|"Jalan Kabupaten"|"1.3.04.01.01.0003"|"Jalan Tipe D298"|"Lebar = 4,5 m, HRS-Base = 4 cm, LPA = 15 cm, LPB = 15 cm, dan Timbunan Pilihan dari Sumber Galian = 30 cm"|"Meter"|4444000|"Belanja Modal Jalan Kabupaten"||HRS-Base|4.5|4
asb_0504|504|"Jalan Kabupaten"|"1.3.04.01.01.0003"|"Jalan Tipe D299"|"Lebar = 4,5 m, HRS-Base = 4 cm, LPA = 15 cm, LPB = 20 cm, dan Timbunan Pilihan dari Sumber Galian = 30 cm"|"Meter"|4727000|"Belanja Modal Jalan Kabupaten"||HRS-Base|4.5|4
asb_0505|505|"Jalan Kabupaten"|"1.3.04.01.01.0003"|"Jalan Tipe D300"|"Lebar = 4,5 m, HRS-Base = 4 cm, LPA = 20 cm, LPB = 20 cm, dan Timbunan Pilihan dari Sumber Galian = 30 cm"|"Meter"|5038000|"Belanja Modal Jalan Kabupaten"||HRS-Base|4.5|4
asb_0506|506|"Jalan Kabupaten"|"1.3.04.01.01.0003"|"Jalan Tipe D301"|"Lebar = 4,5 m, HRS-Base = 4 cm, LPA = 10 cm, LPB = 10 cm, dan Timbunan Pilihan dari Sumber Galian = 30 cm"|"Meter"|3852000|"Belanja Modal Jalan Kabupaten"||HRS-Base|4.5|4
asb_0507|507|"Jalan Kabupaten"|"1.3.04.01.01.0003"|"Jalan Tipe D302"|"Lebar = 4,5 m, HRS-Base = 4 cm, LPA = 10 cm, LPB = 15 cm, dan Timbunan Pilihan dari Sumber Galian = 40 cm"|"Meter"|4588000|"Belanja Modal Jalan Kabupaten"||HRS-Base|4.5|4
asb_0508|508|"Jalan Kabupaten"|"1.3.04.01.01.0003"|"Jalan Tipe D303"|"Lebar = 4,5 m, HRS-Base = 4 cm, LPA = 10 cm, LPB = 20 cm, dan Timbunan Pilihan dari Sumber Galian = 40 cm"|"Meter"|4869000|"Belanja Modal Jalan Kabupaten"||HRS-Base|4.5|4
asb_0509|509|"Jalan Kabupaten"|"1.3.04.01.01.0003"|"Jalan Tipe D304"|"Lebar = 4,5 m, HRS-Base = 4 cm, LPA = 15 cm, LPB = 15 cm, dan Timbunan Pilihan dari Sumber Galian = 40 cm"|"Meter"|4899000|"Belanja Modal Jalan Kabupaten"||HRS-Base|4.5|4
asb_0510|510|"Jalan Kabupaten"|"1.3.04.01.01.0003"|"Jalan Tipe D305"|"Lebar = 4,5 m, HRS-Base = 4 cm, LPA = 15 cm, LPB = 20 cm, dan Timbunan Pilihan dari Sumber Galian = 40 cm"|"Meter"|5181000|"Belanja Modal Jalan Kabupaten"||HRS-Base|4.5|4
asb_0511|511|"Jalan Kabupaten"|"1.3.04.01.01.0003"|"Jalan Tipe D306"|"Lebar = 4,5 m, HRS-Base = 4 cm, LPA = 20 cm, LPB = 20 cm, dan Timbunan Pilihan dari Sumber Galian = 40 cm"|"Meter"|5492000|"Belanja Modal Jalan Kabupaten"||HRS-Base|4.5|4
asb_0512|512|"Jalan Kabupaten"|"1.3.04.01.01.0003"|"Jalan Tipe D307"|"Lebar = 4,5 m, HRS-Base = 4 cm, LPA = 10 cm, LPB = 10 cm, dan Timbunan Pilihan dari Sumber Galian = 50 cm"|"Meter"|4761000|"Belanja Modal Jalan Kabupaten"||HRS-Base|4.5|4
asb_0513|513|"Jalan Kabupaten"|"1.3.04.01.01.0003"|"Jalan Tipe D308"|"Lebar = 4,5 m, HRS-Base = 4 cm, LPA = 10 cm, LPB = 15 cm, dan Timbunan Pilihan dari Sumber Galian = 50 cm"|"Meter"|5042000|"Belanja Modal Jalan Kabupaten"||HRS-Base|4.5|4
asb_0514|514|"Jalan Kabupaten"|"1.3.04.01.01.0003"|"Jalan Tipe D309"|"Lebar = 4,5 m, HRS-Base = 4 cm, LPA = 10 cm, LPB = 20 cm, dan Timbunan Pilihan dari Sumber Galian = 50 cm"|"Meter"|5323000|"Belanja Modal Jalan Kabupaten"||HRS-Base|4.5|4
asb_0515|515|"Jalan Kabupaten"|"1.3.04.01.01.0003"|"Jalan Tipe D310"|"Lebar = 4,5 m, HRS-Base = 4 cm, LPA = 15 cm, LPB = 15 cm, dan Timbunan Pilihan dari Sumber Galian = 50 cm"|"Meter"|5353000|"Belanja Modal Jalan Kabupaten"||HRS-Base|4.5|4
asb_0516|516|"Jalan Kabupaten"|"1.3.04.01.01.0003"|"Jalan Tipe D311"|"Lebar = 4,5 m, HRS-Base = 4 cm, LPA = 15 cm, LPB = 20 cm, dan Timbunan Pilihan dari Sumber Galian = 50 cm"|"Meter"|5635000|"Belanja Modal Jalan Kabupaten"||HRS-Base|4.5|4
asb_0517|517|"Jalan Kabupaten"|"1.3.04.01.01.0003"|"Jalan Tipe D312"|"Lebar = 4,5 m, HRS-Base = 4 cm, LPA = 20 cm, LPB = 20 cm, dan Timbunan Pilihan dari Sumber Galian = 50 cm"|"Meter"|5946000|"Belanja Modal Jalan Kabupaten"||HRS-Base|4.5|4
asb_0518|518|"Jalan Kabupaten"|"1.3.04.01.01.0003"|"Jalan Tipe D313"|"Lebar = 4,5 m, HRS-Base = 5 cm, LPA = 10 cm, LPB = 10 cm, dan Timbunan Pilihan dari Sumber Galian = 20 cm"|"Meter"|3671000|"Belanja Modal Jalan Kabupaten"||HRS-Base|4.5|5
asb_0519|519|"Jalan Kabupaten"|"1.3.04.01.01.0003"|"Jalan Tipe D314"|"Lebar = 4,5 m, HRS-Base = 4 cm, LPA = 10 cm, LPB = 15 cm, dan Timbunan Pilihan dari Sumber Galian = 20 cm"|"Meter"|3952000|"Belanja Modal Jalan Kabupaten"||HRS-Base|4.5|4
asb_0520|520|"Jalan Kabupaten"|"1.3.04.01.01.0003"|"Jalan Tipe D315"|"Lebar = 4,5 m, HRS-Base = 4 cm, LPA = 10 cm, LPB = 20 cm, dan Timbunan Pilihan dari Sumber Galian = 20 cm"|"Meter"|4233000|"Belanja Modal Jalan Kabupaten"||HRS-Base|4.5|4
asb_0521|521|"Jalan Kabupaten"|"1.3.04.01.01.0003"|"Jalan Tipe D316"|"Lebar = 4,5 m, HRS-Base = 4 cm, LPA = 15 cm, LPB = 15 cm, dan Timbunan Pilihan dari Sumber Galian = 20 cm"|"Meter"|4263000|"Belanja Modal Jalan Kabupaten"||HRS-Base|4.5|4
asb_0522|522|"Jalan Kabupaten"|"1.3.04.01.01.0003"|"Jalan Tipe D317"|"Lebar = 4,5 m, HRS-Base = 4 cm, LPA = 15 cm, LPB = 20 cm, dan Timbunan Pilihan dari Sumber Galian = 20 cm"|"Meter"|4544000|"Belanja Modal Jalan Kabupaten"||HRS-Base|4.5|4
asb_0523|523|"Jalan Kabupaten"|"1.3.04.01.01.0003"|"Jalan Tipe D318"|"Lebar = 4,5 m, HRS-Base = 4 cm, LPA = 20 cm, LPB = 20 cm, dan Timbunan Pilihan dari Sumber Galian = 20 cm"|"Meter"|4856000|"Belanja Modal Jalan Kabupaten"||HRS-Base|4.5|4
asb_0524|524|"Jalan Kabupaten"|"1.3.04.01.01.0003"|"Jalan Tipe D319"|"Lebar = 4,5 m, HRS-Base = 4 cm, LPA = 10 cm, LPB = 10 cm, dan Timbunan Pilihan dari Sumber Galian = 30 cm"|"Meter"|4125000|"Belanja Modal Jalan Kabupaten"||HRS-Base|4.5|4
asb_0525|525|"Jalan Kabupaten"|"1.3.04.01.01.0003"|"Jalan Tipe D320"|"Lebar = 4,5 m, HRS-Base = 4 cm, LPA = 10 cm, LPB = 15 cm, dan Timbunan Pilihan dari Sumber Galian = 30 cm"|"Meter"|4406000|"Belanja Modal Jalan Kabupaten"||HRS-Base|4.5|4
asb_0526|526|"Jalan Kabupaten"|"1.3.04.01.01.0003"|"Jalan Tipe D321"|"Lebar = 4,5 m, HRS-Base = 4 cm, LPA = 10 cm, LPB = 20 cm, dan Timbunan Pilihan dari Sumber Galian = 30 cm"|"Meter"|4688000|"Belanja Modal Jalan Kabupaten"||HRS-Base|4.5|4
asb_0527|527|"Jalan Kabupaten"|"1.3.04.01.01.0003"|"Jalan Tipe D322"|"Lebar = 4,5 m, HRS-Base = 4 cm, LPA = 15 cm, LPB = 15 cm, dan Timbunan Pilihan dari Sumber Galian = 30 cm"|"Meter"|4717000|"Belanja Modal Jalan Kabupaten"||HRS-Base|4.5|4
asb_0528|528|"Jalan Kabupaten"|"1.3.04.01.01.0003"|"Jalan Tipe D323"|"Lebar = 4,5 m, HRS-Base = 4 cm, LPA = 15 cm, LPB = 20 cm, dan Timbunan Pilihan dari Sumber Galian = 30 cm"|"Meter"|4999000|"Belanja Modal Jalan Kabupaten"||HRS-Base|4.5|4
asb_0529|529|"Jalan Kabupaten"|"1.3.04.01.01.0003"|"Jalan Tipe D324"|"Lebar = 4,5 m, HRS-Base = 4 cm, LPA = 20 cm, LPB = 20 cm, dan Timbunan Pilihan dari Sumber Galian = 30 cm"|"Meter"|5311000|"Belanja Modal Jalan Kabupaten"||HRS-Base|4.5|4
asb_0530|530|"Jalan Kabupaten"|"1.3.04.01.01.0003"|"Jalan Tipe D325"|"Lebar = 4,5 m, HRS-Base = 4 cm, LPA = 10 cm, LPB = 10 cm, dan Timbunan Pilihan dari Sumber Galian = 30 cm"|"Meter"|4125000|"Belanja Modal Jalan Kabupaten"||HRS-Base|4.5|4
asb_0531|531|"Jalan Kabupaten"|"1.3.04.01.01.0003"|"Jalan Tipe D326"|"Lebar = 4,5 m, HRS-Base = 4 cm, LPA = 10 cm, LPB = 15 cm, dan Timbunan Pilihan dari Sumber Galian = 40 cm"|"Meter"|4861000|"Belanja Modal Jalan Kabupaten"||HRS-Base|4.5|4
asb_0532|532|"Jalan Kabupaten"|"1.3.04.01.01.0003"|"Jalan Tipe D327"|"Lebar = 4,5 m, HRS-Base = 4 cm, LPA = 10 cm, LPB = 20 cm, dan Timbunan Pilihan dari Sumber Galian = 40 cm"|"Meter"|5142000|"Belanja Modal Jalan Kabupaten"||HRS-Base|4.5|4
asb_0533|533|"Jalan Kabupaten"|"1.3.04.01.01.0003"|"Jalan Tipe D328"|"Lebar = 4,5 m, HRS-Base = 4 cm, LPA = 15 cm, LPB = 15 cm, dan Timbunan Pilihan dari Sumber Galian = 40 cm"|"Meter"|5172000|"Belanja Modal Jalan Kabupaten"||HRS-Base|4.5|4
asb_0534|534|"Jalan Kabupaten"|"1.3.04.01.01.0003"|"Jalan Tipe D329"|"Lebar = 4,5 m, HRS-Base = 4 cm, LPA = 15 cm, LPB = 20 cm, dan Timbunan Pilihan dari Sumber Galian = 40 cm"|"Meter"|5453000|"Belanja Modal Jalan Kabupaten"||HRS-Base|4.5|4
asb_0535|535|"Jalan Kabupaten"|"1.3.04.01.01.0003"|"Jalan Tipe D330"|"Lebar = 4,5 m, HRS-Base = 4 cm, LPA = 20 cm, LPB = 20 cm, dan Timbunan Pilihan dari Sumber Galian = 40 cm"|"Meter"|5765000|"Belanja Modal Jalan Kabupaten"||HRS-Base|4.5|4
asb_0536|536|"Jalan Kabupaten"|"1.3.04.01.01.0003"|"Jalan Tipe D331"|"Lebar = 4,5 m, HRS-Base = 4 cm, LPA = 10 cm, LPB = 10 cm, dan Timbunan Pilihan dari Sumber Galian = 50 cm"|"Meter"|5034000|"Belanja Modal Jalan Kabupaten"||HRS-Base|4.5|4
asb_0537|537|"Jalan Kabupaten"|"1.3.04.01.01.0003"|"Jalan Tipe D332"|"Lebar = 4,5 m, HRS-Base = 4 cm, LPA = 10 cm, LPB = 15 cm, dan Timbunan Pilihan dari Sumber Galian = 50 cm"|"Meter"|5315000|"Belanja Modal Jalan Kabupaten"||HRS-Base|4.5|4
asb_0538|538|"Jalan Kabupaten"|"1.3.04.01.01.0003"|"Jalan Tipe D333"|"Lebar = 4,5 m, HRS-Base = 4 cm, LPA = 10 cm, LPB = 20 cm, dan Timbunan Pilihan dari Sumber Galian = 50 cm"|"Meter"|5596000|"Belanja Modal Jalan Kabupaten"||HRS-Base|4.5|4
asb_0539|539|"Jalan Kabupaten"|"1.3.04.01.01.0003"|"Jalan Tipe D334"|"Lebar = 4,5 m, HRS-Base = 4 cm, LPA = 15 cm, LPB = 15 cm, dan Timbunan Pilihan dari Sumber Galian = 50 cm"|"Meter"|5626000|"Belanja Modal Jalan Kabupaten"||HRS-Base|4.5|4
asb_0540|540|"Jalan Kabupaten"|"1.3.04.01.01.0003"|"Jalan Tipe D335"|"Lebar = 4,5 m, HRS-Base = 4 cm, LPA = 15 cm, LPB = 20 cm, dan Timbunan Pilihan dari Sumber Galian = 50 cm"|"Meter"|5907000|"Belanja Modal Jalan Kabupaten"||HRS-Base|4.5|4
asb_0541|541|"Jalan Kabupaten"|"1.3.04.01.01.0003"|"Jalan Tipe D336"|"Lebar = 4,5 m, HRS-Base = 4 cm, LPA = 20 cm, LPB = 20 cm, dan Timbunan Pilihan dari Sumber Galian = 50 cm"|"Meter"|6219000|"Belanja Modal Jalan Kabupaten"||HRS-Base|4.5|4
asb_0542|542|"Jalan Kabupaten"|"1.3.04.01.01.0003"|"Jalan Tipe D337"|"Lebar = 4,5 m, HRS-Base = 5 cm, LPA = 10 cm, LPB = 10 cm, dan Timbunan Pilihan dari Sumber Galian = 20 cm"|"Meter"|3671000|"Belanja Modal Jalan Kabupaten"||HRS-Base|4.5|5
asb_0543|543|"Jalan Kabupaten"|"1.3.04.01.01.0003"|"Jalan Tipe D338"|"Lebar = 4,5 m, HRS-Base = 5 cm, LPA = 10 cm, LPB = 15 cm, dan Timbunan Pilihan dari Sumber Galian = 20 cm"|"Meter"|3952000|"Belanja Modal Jalan Kabupaten"||HRS-Base|4.5|5
asb_0544|544|"Jalan Kabupaten"|"1.3.04.01.01.0003"|"Jalan Tipe D339"|"Lebar = 4,5 m, HRS-Base = 5 cm, LPA = 10 cm, LPB = 20 cm, dan Timbunan Pilihan dari Sumber Galian = 20 cm"|"Meter"|4233000|"Belanja Modal Jalan Kabupaten"||HRS-Base|4.5|5
asb_0545|545|"Jalan Kabupaten"|"1.3.04.01.01.0003"|"Jalan Tipe D340"|"Lebar = 4,5 m, HRS-Base = 5 cm, LPA = 15 cm, LPB = 15 cm, dan Timbunan Pilihan dari Sumber Galian = 20 cm"|"Meter"|4263000|"Belanja Modal Jalan Kabupaten"||HRS-Base|4.5|5
asb_0546|546|"Jalan Kabupaten"|"1.3.04.01.01.0003"|"Jalan Tipe D341"|"Lebar = 4,5 m, HRS-Base = 5 cm, LPA = 15 cm, LPB = 20 cm, dan Timbunan Pilihan dari Sumber Galian = 20 cm"|"Meter"|4544000|"Belanja Modal Jalan Kabupaten"||HRS-Base|4.5|5
asb_0547|547|"Jalan Kabupaten"|"1.3.04.01.01.0003"|"Jalan Tipe D342"|"Lebar = 4,5 m, HRS-Base = 5 cm, LPA = 20 cm, LPB = 20 cm, dan Timbunan Pilihan dari Sumber Galian = 20 cm"|"Meter"|4856000|"Belanja Modal Jalan Kabupaten"||HRS-Base|4.5|5
asb_0548|548|"Jalan Kabupaten"|"1.3.04.01.01.0003"|"Jalan Tipe D343"|"Lebar = 4,5 m, HRS-Base = 5 cm, LPA = 10 cm, LPB = 10 cm, dan Timbunan Pilihan dari Sumber Galian = 30 cm"|"Meter"|4125000|"Belanja Modal Jalan Kabupaten"||HRS-Base|4.5|5
asb_0549|549|"Jalan Kabupaten"|"1.3.04.01.01.0003"|"Jalan Tipe D344"|"Lebar = 4,5 m, HRS-Base = 5 cm, LPA = 10 cm, LPB = 15 cm, dan Timbunan Pilihan dari Sumber Galian = 30 cm"|"Meter"|4406000|"Belanja Modal Jalan Kabupaten"||HRS-Base|4.5|5
asb_0550|550|"Jalan Kabupaten"|"1.3.04.01.01.0003"|"Jalan Tipe D345"|"Lebar = 4,5 m, HRS-Base = 5 cm, LPA = 10 cm, LPB = 20 cm, dan Timbunan Pilihan dari Sumber Galian = 30 cm"|"Meter"|4688000|"Belanja Modal Jalan Kabupaten"||HRS-Base|4.5|5
asb_0551|551|"Jalan Kabupaten"|"1.3.04.01.01.0003"|"Jalan Tipe D346"|"Lebar = 4,5 m, HRS-Base = 5 cm, LPA = 15 cm, LPB = 15 cm, dan Timbunan Pilihan dari Sumber Galian = 30 cm"|"Meter"|4717000|"Belanja Modal Jalan Kabupaten"||HRS-Base|4.5|5
asb_0552|552|"Jalan Kabupaten"|"1.3.04.01.01.0003"|"Jalan Tipe D347"|"Lebar = 4,5 m, HRS-Base = 5 cm, LPA = 15 cm, LPB = 20 cm, dan Timbunan Pilihan dari Sumber Galian = 30 cm"|"Meter"|4999000|"Belanja Modal Jalan Kabupaten"||HRS-Base|4.5|5
asb_0553|553|"Jalan Kabupaten"|"1.3.04.01.01.0003"|"Jalan Tipe D348"|"Lebar = 4,5 m, HRS-Base = 5 cm, LPA = 20 cm, LPB = 20 cm, dan Timbunan Pilihan dari Sumber Galian = 30 cm"|"Meter"|5311000|"Belanja Modal Jalan Kabupaten"||HRS-Base|4.5|5
asb_0554|554|"Jalan Kabupaten"|"1.3.04.01.01.0003"|"Jalan Tipe D349"|"Lebar = 4,5 m, HRS-Base = 5 cm, LPA = 10 cm, LPB = 10 cm, dan Timbunan Pilihan dari Sumber Galian = 30 cm"|"Meter"|4125000|"Belanja Modal Jalan Kabupaten"||HRS-Base|4.5|5
asb_0555|555|"Jalan Kabupaten"|"1.3.04.01.01.0003"|"Jalan Tipe D350"|"Lebar = 4,5 m, HRS-Base = 5 cm, LPA = 10 cm, LPB = 15 cm, dan Timbunan Pilihan dari Sumber Galian = 40 cm"|"Meter"|4861000|"Belanja Modal Jalan Kabupaten"||HRS-Base|4.5|5
asb_0556|556|"Jalan Kabupaten"|"1.3.04.01.01.0003"|"Jalan Tipe D351"|"Lebar = 4,5 m, HRS-Base = 5 cm, LPA = 10 cm, LPB = 20 cm, dan Timbunan Pilihan dari Sumber Galian = 40 cm"|"Meter"|5142000|"Belanja Modal Jalan Kabupaten"||HRS-Base|4.5|5
asb_0557|557|"Jalan Kabupaten"|"1.3.04.01.01.0003"|"Jalan Tipe D352"|"Lebar = 4,5 m, HRS-Base = 5 cm, LPA = 15 cm, LPB = 15 cm, dan Timbunan Pilihan dari Sumber Galian = 40 cm"|"Meter"|5172000|"Belanja Modal Jalan Kabupaten"||HRS-Base|4.5|5
asb_0558|558|"Jalan Kabupaten"|"1.3.04.01.01.0003"|"Jalan Tipe D353"|"Lebar = 4,5 m, HRS-Base = 5 cm, LPA = 15 cm, LPB = 20 cm, dan Timbunan Pilihan dari Sumber Galian = 40 cm"|"Meter"|5453000|"Belanja Modal Jalan Kabupaten"||HRS-Base|4.5|5
asb_0559|559|"Jalan Kabupaten"|"1.3.04.01.01.0003"|"Jalan Tipe D354"|"Lebar = 4,5 m, HRS-Base = 5 cm, LPA = 20 cm, LPB = 20 cm, dan Timbunan Pilihan dari Sumber Galian = 40 cm"|"Meter"|5765000|"Belanja Modal Jalan Kabupaten"||HRS-Base|4.5|5
asb_0560|560|"Jalan Kabupaten"|"1.3.04.01.01.0003"|"Jalan Tipe D355"|"Lebar = 4,5 m, HRS-Base = 5 cm, LPA = 10 cm, LPB = 10 cm, dan Timbunan Pilihan dari Sumber Galian = 50 cm"|"Meter"|5034000|"Belanja Modal Jalan Kabupaten"||HRS-Base|4.5|5
asb_0561|561|"Jalan Kabupaten"|"1.3.04.01.01.0003"|"Jalan Tipe D356"|"Lebar = 4,5 m, HRS-Base = 5 cm, LPA = 10 cm, LPB = 15 cm, dan Timbunan Pilihan dari Sumber Galian = 50 cm"|"Meter"|5315000|"Belanja Modal Jalan Kabupaten"||HRS-Base|4.5|5
asb_0562|562|"Jalan Kabupaten"|"1.3.04.01.01.0003"|"Jalan Tipe D357"|"Lebar = 4,5 m, HRS-Base = 5 cm, LPA = 10 cm, LPB = 20 cm, dan Timbunan Pilihan dari Sumber Galian = 50 cm"|"Meter"|5596000|"Belanja Modal Jalan Kabupaten"||HRS-Base|4.5|5
asb_0563|563|"Jalan Kabupaten"|"1.3.04.01.01.0003"|"Jalan Tipe D358"|"Lebar = 4,5 m, HRS-Base = 5 cm, LPA = 15 cm, LPB = 15 cm, dan Timbunan Pilihan dari Sumber Galian = 50 cm"|"Meter"|5626000|"Belanja Modal Jalan Kabupaten"||HRS-Base|4.5|5
asb_0564|564|"Jalan Kabupaten"|"1.3.04.01.01.0003"|"Jalan Tipe D359"|"Lebar = 4,5 m, HRS-Base = 5 cm, LPA = 15 cm, LPB = 20 cm, dan Timbunan Pilihan dari Sumber Galian = 50 cm"|"Meter"|5907000|"Belanja Modal Jalan Kabupaten"||HRS-Base|4.5|5
asb_0565|565|"Jalan Kabupaten"|"1.3.04.01.01.0003"|"Jalan Tipe D360"|"Lebar = 4,5 m, HRS-WC = 4 cm, LPA = 10 cm, LPB = 10 cm, dan Timbunan Pilihan dari Sumber Galian = 20 cm"|"Meter"|3425000|"Belanja Modal Jalan Kabupaten"||HRS-WC|4.5|4
asb_0566|566|"Jalan Kabupaten"|"1.3.04.01.01.0003"|"Jalan Tipe D361"|"Lebar = 4,5 m, HRS-WC = 4 cm, LPA = 10 cm, LPB = 15 cm, dan Timbunan Pilihan dari Sumber Galian = 20 cm"|"Meter"|3707000|"Belanja Modal Jalan Kabupaten"||HRS-WC|4.5|4
asb_0567|567|"Jalan Kabupaten"|"1.3.04.01.01.0003"|"Jalan Tipe D362"|"Lebar = 4,5 m, HRS-WC = 4 cm, LPA = 10 cm, LPB = 20 cm, dan Timbunan Pilihan dari Sumber Galian = 20 cm"|"Meter"|3988000|"Belanja Modal Jalan Kabupaten"||HRS-WC|4.5|4
asb_0568|568|"Jalan Kabupaten"|"1.3.04.01.01.0003"|"Jalan Tipe D363"|"Lebar = 4,5 m, HRS-WC = 4 cm, LPA = 15 cm, LPB = 15 cm, dan Timbunan Pilihan dari Sumber Galian = 20 cm"|"Meter"|4018000|"Belanja Modal Jalan Kabupaten"||HRS-WC|4.5|4
asb_0569|569|"Jalan Kabupaten"|"1.3.04.01.01.0003"|"Jalan Tipe D364"|"Lebar = 4,5 m, HRS-WC = 4 cm, LPA = 15 cm, LPB = 20 cm, dan Timbunan Pilihan dari Sumber Galian = 20 cm"|"Meter"|4299000|"Belanja Modal Jalan Kabupaten"||HRS-WC|4.5|4
asb_0570|570|"Jalan Kabupaten"|"1.3.04.01.01.0003"|"Jalan Tipe D365"|"Lebar = 4,5 m, HRS-WC = 4 cm, LPA = 20 cm, LPB = 20 cm, dan Timbunan Pilihan dari Sumber Galian = 20 cm"|"Meter"|4611000|"Belanja Modal Jalan Kabupaten"||HRS-WC|4.5|4
asb_0571|571|"Jalan Kabupaten"|"1.3.04.01.01.0003"|"Jalan Tipe D366"|"Lebar = 4,5 m, HRS-WC = 4 cm, LPA = 10 cm, LPB = 10 cm, dan Timbunan Pilihan dari Sumber Galian = 30 cm"|"Meter"|3879000|"Belanja Modal Jalan Kabupaten"||HRS-WC|4.5|4
asb_0572|572|"Jalan Kabupaten"|"1.3.04.01.01.0003"|"Jalan Tipe D367"|"Lebar = 4,5 m, HRS-WC = 4 cm, LPA = 10 cm, LPB = 15 cm, dan Timbunan Pilihan dari Sumber Galian = 30 cm"|"Meter"|4161000|"Belanja Modal Jalan Kabupaten"||HRS-WC|4.5|4
asb_0573|573|"Jalan Kabupaten"|"1.3.04.01.01.0003"|"Jalan Tipe D368"|"Lebar = 4,5 m, HRS-WC = 4 cm, LPA = 10 cm, LPB = 20 cm, dan Timbunan Pilihan dari Sumber Galian = 30 cm"|"Meter"|4442000|"Belanja Modal Jalan Kabupaten"||HRS-WC|4.5|4
asb_0574|574|"Jalan Kabupaten"|"1.3.04.01.01.0003"|"Jalan Tipe D369"|"Lebar = 4,5 m, HRS-WC = 4 cm, LPA = 15 cm, LPB = 15 cm, dan Timbunan Pilihan dari Sumber Galian = 30 cm"|"Meter"|4472000|"Belanja Modal Jalan Kabupaten"||HRS-WC|4.5|4
asb_0575|575|"Jalan Kabupaten"|"1.3.04.01.01.0003"|"Jalan Tipe D370"|"Lebar = 4,5 m, HRS-WC = 4 cm, LPA = 15 cm, LPB = 20 cm, dan Timbunan Pilihan dari Sumber Galian = 30 cm"|"Meter"|4753000|"Belanja Modal Jalan Kabupaten"||HRS-WC|4.5|4
asb_0576|576|"Jalan Kabupaten"|"1.3.04.01.01.0003"|"Jalan Tipe D371"|"Lebar = 4,5 m, HRS-WC = 4 cm, LPA = 20 cm, LPB = 20 cm, dan Timbunan Pilihan dari Sumber Galian = 30 cm"|"Meter"|5066000|"Belanja Modal Jalan Kabupaten"||HRS-WC|4.5|4
asb_0577|577|"Jalan Kabupaten"|"1.3.04.01.01.0003"|"Jalan Tipe D372"|"Lebar = 4,5 m, HRS-WC = 4 cm, LPA = 10 cm, LPB = 10 cm, dan Timbunan Pilihan dari Sumber Galian = 30 cm"|"Meter"|3879000|"Belanja Modal Jalan Kabupaten"||HRS-WC|4.5|4
asb_0578|578|"Jalan Kabupaten"|"1.3.04.01.01.0003"|"Jalan Tipe D373"|"Lebar = 4,5 m, HRS-WC = 4 cm, LPA = 10 cm, LPB = 15 cm, dan Timbunan Pilihan dari Sumber Galian = 40 cm"|"Meter"|4615000|"Belanja Modal Jalan Kabupaten"||HRS-WC|4.5|4
asb_0579|579|"Jalan Kabupaten"|"1.3.04.01.01.0003"|"Jalan Tipe D374"|"Lebar = 4,5 m, HRS-WC = 4 cm, LPA = 10 cm, LPB = 20 cm, dan Timbunan Pilihan dari Sumber Galian = 40 cm"|"Meter"|4897000|"Belanja Modal Jalan Kabupaten"||HRS-WC|4.5|4
asb_0580|580|"Jalan Kabupaten"|"1.3.04.01.01.0003"|"Jalan Tipe D375"|"Lebar = 4,5 m, HRS-WC = 4 cm, LPA = 15 cm, LPB = 15 cm, dan Timbunan Pilihan dari Sumber Galian = 40 cm"|"Meter"|4926000|"Belanja Modal Jalan Kabupaten"||HRS-WC|4.5|4
asb_0581|581|"Jalan Kabupaten"|"1.3.04.01.01.0003"|"Jalan Tipe D376"|"Lebar = 4,5 m, HRS-WC = 4 cm, LPA = 15 cm, LPB = 20 cm, dan Timbunan Pilihan dari Sumber Galian = 40 cm"|"Meter"|5208000|"Belanja Modal Jalan Kabupaten"||HRS-WC|4.5|4
asb_0582|582|"Jalan Kabupaten"|"1.3.04.01.01.0003"|"Jalan Tipe D377"|"Lebar = 4,5 m, HRS-WC = 4 cm, LPA = 20 cm, LPB = 20 cm, dan Timbunan Pilihan dari Sumber Galian = 40 cm"|"Meter"|5520000|"Belanja Modal Jalan Kabupaten"||HRS-WC|4.5|4
asb_0583|583|"Jalan Kabupaten"|"1.3.04.01.01.0003"|"Jalan Tipe D378"|"Lebar = 4,5 m, HRS-WC = 4 cm, LPA = 10 cm, LPB = 10 cm, dan Timbunan Pilihan dari Sumber Galian = 50 cm"|"Meter"|4787000|"Belanja Modal Jalan Kabupaten"||HRS-WC|4.5|4
asb_0584|584|"Jalan Kabupaten"|"1.3.04.01.01.0003"|"Jalan Tipe D379"|"Lebar = 4,5 m, HRS-WC = 4 cm, LPA = 10 cm, LPB = 15 cm, dan Timbunan Pilihan dari Sumber Galian = 50 cm"|"Meter"|5070000|"Belanja Modal Jalan Kabupaten"||HRS-WC|4.5|4
asb_0585|585|"Jalan Kabupaten"|"1.3.04.01.01.0003"|"Jalan Tipe D380"|"Lebar = 4,5 m, HRS-WC = 4 cm, LPA = 10 cm, LPB = 20 cm, dan Timbunan Pilihan dari Sumber Galian = 50 cm"|"Meter"|5351000|"Belanja Modal Jalan Kabupaten"||HRS-WC|4.5|4
asb_0586|586|"Jalan Kabupaten"|"1.3.04.01.01.0003"|"Jalan Tipe D381"|"Lebar = 4,5 m, HRS-WC = 4 cm, LPA = 15 cm, LPB = 15 cm, dan Timbunan Pilihan dari Sumber Galian = 50 cm"|"Meter"|5381000|"Belanja Modal Jalan Kabupaten"||HRS-WC|4.5|4
asb_0587|587|"Jalan Kabupaten"|"1.3.04.01.01.0003"|"Jalan Tipe D382"|"Lebar = 4,5 m, HRS-WC = 4 cm, LPA = 15 cm, LPB = 20 cm, dan Timbunan Pilihan dari Sumber Galian = 50 cm"|"Meter"|5662000|"Belanja Modal Jalan Kabupaten"||HRS-WC|4.5|4
asb_0588|588|"Jalan Kabupaten"|"1.3.04.01.01.0003"|"Jalan Tipe D383"|"Lebar = 4,5 m, HRS-WC = 4 cm, LPA = 20 cm, LPB = 20 cm, dan Timbunan Pilihan dari Sumber Galian = 50 cm"|"Meter"|5974000|"Belanja Modal Jalan Kabupaten"||HRS-WC|4.5|4
asb_0589|589|"Jalan Kabupaten"|"1.3.04.01.01.0003"|"Jalan Tipe D384"|"Lebar = 4,5 m, HRS-WC = 4 cm, LPA = 10 cm, LPB = 10 cm, dan Timbunan Pilihan dari Sumber Galian = 20 cm"|"Meter"|3705000|"Belanja Modal Jalan Kabupaten"||HRS-WC|4.5|4
asb_0590|590|"Jalan Kabupaten"|"1.3.04.01.01.0003"|"Jalan Tipe D385"|"Lebar = 4,5 m, HRS-WC = 4 cm, LPA = 10 cm, LPB = 15 cm, dan Timbunan Pilihan dari Sumber Galian = 20 cm"|"Meter"|3986000|"Belanja Modal Jalan Kabupaten"||HRS-WC|4.5|4
asb_0591|591|"Jalan Kabupaten"|"1.3.04.01.01.0003"|"Jalan Tipe D386"|"Lebar = 4,5 m, HRS-WC = 4 cm, LPA = 10 cm, LPB = 20 cm, dan Timbunan Pilihan dari Sumber Galian = 20 cm"|"Meter"|4267000|"Belanja Modal Jalan Kabupaten"||HRS-WC|4.5|4
asb_0592|592|"Jalan Kabupaten"|"1.3.04.01.01.0003"|"Jalan Tipe D387"|"Lebar = 4,5 m, HRS-WC = 4 cm, LPA = 15 cm, LPB = 15 cm, dan Timbunan Pilihan dari Sumber Galian = 20 cm"|"Meter"|4298000|"Belanja Modal Jalan Kabupaten"||HRS-WC|4.5|4
asb_0593|593|"Jalan Kabupaten"|"1.3.04.01.01.0003"|"Jalan Tipe D388"|"Lebar = 4,5 m, HRS-WC = 4 cm, LPA = 15 cm, LPB = 20 cm, dan Timbunan Pilihan dari Sumber Galian = 20 cm"|"Meter"|4579000|"Belanja Modal Jalan Kabupaten"||HRS-WC|4.5|4
asb_0594|594|"Jalan Kabupaten"|"1.3.04.01.01.0003"|"Jalan Tipe D389"|"Lebar = 4,5 m, HRS-WC = 4 cm, LPA = 20 cm, LPB = 20 cm, dan Timbunan Pilihan dari Sumber Galian = 20 cm"|"Meter"|4890000|"Belanja Modal Jalan Kabupaten"||HRS-WC|4.5|4
asb_0595|595|"Jalan Kabupaten"|"1.3.04.01.01.0003"|"Jalan Tipe D390"|"Lebar = 4,5 m, HRS-WC = 4 cm, LPA = 10 cm, LPB = 10 cm, dan Timbunan Pilihan dari Sumber Galian = 30 cm"|"Meter"|4159000|"Belanja Modal Jalan Kabupaten"||HRS-WC|4.5|4
asb_0596|596|"Jalan Kabupaten"|"1.3.04.01.01.0003"|"Jalan Tipe D391"|"Lebar = 4,5 m, HRS-WC = 4 cm, LPA = 10 cm, LPB = 15 cm, dan Timbunan Pilihan dari Sumber Galian = 30 cm"|"Meter"|4440000|"Belanja Modal Jalan Kabupaten"||HRS-WC|4.5|4
asb_0597|597|"Jalan Kabupaten"|"1.3.04.01.01.0003"|"Jalan Tipe D392"|"Lebar = 4,5 m, HRS-WC = 4 cm, LPA = 10 cm, LPB = 20 cm, dan Timbunan Pilihan dari Sumber Galian = 30 cm"|"Meter"|4722000|"Belanja Modal Jalan Kabupaten"||HRS-WC|4.5|4
asb_0598|598|"Jalan Kabupaten"|"1.3.04.01.01.0003"|"Jalan Tipe D393"|"Lebar = 4,5 m, HRS-WC = 4 cm, LPA = 15 cm, LPB = 15 cm, dan Timbunan Pilihan dari Sumber Galian = 30 cm"|"Meter"|4752000|"Belanja Modal Jalan Kabupaten"||HRS-WC|4.5|4
asb_0599|599|"Jalan Kabupaten"|"1.3.04.01.01.0003"|"Jalan Tipe D394"|"Lebar = 4,5 m, HRS-WC = 4 cm, LPA = 15 cm, LPB = 20 cm, dan Timbunan Pilihan dari Sumber Galian = 30 cm"|"Meter"|5034000|"Belanja Modal Jalan Kabupaten"||HRS-WC|4.5|4
asb_0600|600|"Jalan Kabupaten"|"1.3.04.01.01.0003"|"Jalan Tipe D395"|"Lebar = 4,5 m, HRS-WC = 4 cm, LPA = 20 cm, LPB = 20 cm, dan Timbunan Pilihan dari Sumber Galian = 30 cm"|"Meter"|5345000|"Belanja Modal Jalan Kabupaten"||HRS-WC|4.5|4
asb_0601|601|"Jalan Kabupaten"|"1.3.04.01.01.0003"|"Jalan Tipe D396"|"Lebar = 4,5 m, HRS-WC = 4 cm, LPA = 10 cm, LPB = 10 cm, dan Timbunan Pilihan dari Sumber Galian = 30 cm"|"Meter"|4159000|"Belanja Modal Jalan Kabupaten"||HRS-WC|4.5|4
asb_0602|602|"Jalan Kabupaten"|"1.3.04.01.01.0003"|"Jalan Tipe D397"|"Lebar = 4,5 m, HRS-WC = 4 cm, LPA = 10 cm, LPB = 15 cm, dan Timbunan Pilihan dari Sumber Galian = 40 cm"|"Meter"|4895000|"Belanja Modal Jalan Kabupaten"||HRS-WC|4.5|4
asb_0603|603|"Jalan Kabupaten"|"1.3.04.01.01.0003"|"Jalan Tipe D398"|"Lebar = 4,5 m, HRS-WC = 4 cm, LPA = 10 cm, LPB = 20 cm, dan Timbunan Pilihan dari Sumber Galian = 40 cm"|"Meter"|5176000|"Belanja Modal Jalan Kabupaten"||HRS-WC|4.5|4
asb_0604|604|"Jalan Kabupaten"|"1.3.04.01.01.0003"|"Jalan Tipe D399"|"Lebar = 4,5 m, HRS-WC = 4 cm, LPA = 15 cm, LPB = 15 cm, dan Timbunan Pilihan dari Sumber Galian = 40 cm"|"Meter"|5207000|"Belanja Modal Jalan Kabupaten"||HRS-WC|4.5|4
asb_0605|605|"Jalan Kabupaten"|"1.3.04.01.01.0003"|"Jalan Tipe D400"|"Lebar = 4,5 m, HRS-WC = 4 cm, LPA = 15 cm, LPB = 20 cm, dan Timbunan Pilihan dari Sumber Galian = 40 cm"|"Meter"|5488000|"Belanja Modal Jalan Kabupaten"||HRS-WC|4.5|4
asb_0606|606|"Jalan Kabupaten"|"1.3.04.01.01.0003"|"Jalan Tipe D401"|"Lebar = 4,5 m, HRS-WC = 4 cm, LPA = 20 cm, LPB = 20 cm, dan Timbunan Pilihan dari Sumber Galian = 40 cm"|"Meter"|5799000|"Belanja Modal Jalan Kabupaten"||HRS-WC|4.5|4
asb_0607|607|"Jalan Kabupaten"|"1.3.04.01.01.0003"|"Jalan Tipe D402"|"Lebar = 4,5 m, HRS-WC = 4 cm, LPA = 10 cm, LPB = 10 cm, dan Timbunan Pilihan dari Sumber Galian = 50 cm"|"Meter"|5068000|"Belanja Modal Jalan Kabupaten"||HRS-WC|4.5|4
asb_0608|608|"Jalan Kabupaten"|"1.3.04.01.01.0003"|"Jalan Tipe D403"|"Lebar = 4,5 m, HRS-WC = 4 cm, LPA = 10 cm, LPB = 15 cm, dan Timbunan Pilihan dari Sumber Galian = 50 cm"|"Meter"|5349000|"Belanja Modal Jalan Kabupaten"||HRS-WC|4.5|4
asb_0609|609|"Jalan Kabupaten"|"1.3.04.01.01.0003"|"Jalan Tipe D404"|"Lebar = 4,5 m, HRS-WC = 4 cm, LPA = 10 cm, LPB = 20 cm, dan Timbunan Pilihan dari Sumber Galian = 50 cm"|"Meter"|5630000|"Belanja Modal Jalan Kabupaten"||HRS-WC|4.5|4
asb_0610|610|"Jalan Kabupaten"|"1.3.04.01.01.0003"|"Jalan Tipe D405"|"Lebar = 4,5 m, HRS-WC = 4 cm, LPA = 15 cm, LPB = 15 cm, dan Timbunan Pilihan dari Sumber Galian = 50 cm"|"Meter"|5661000|"Belanja Modal Jalan Kabupaten"||HRS-WC|4.5|4
asb_0611|611|"Jalan Kabupaten"|"1.3.04.01.01.0003"|"Jalan Tipe D406"|"Lebar = 4,5 m, HRS-WC = 4 cm, LPA = 15 cm, LPB = 20 cm, dan Timbunan Pilihan dari Sumber Galian = 50 cm"|"Meter"|5942000|"Belanja Modal Jalan Kabupaten"||HRS-WC|4.5|4
asb_0612|612|"Jalan Kabupaten"|"1.3.04.01.01.0003"|"Jalan Tipe D407"|"Lebar = 4,5 m, HRS-WC = 4 cm, LPA = 20 cm, LPB = 20 cm, dan Timbunan Pilihan dari Sumber Galian = 50 cm"|"Meter"|6253000|"Belanja Modal Jalan Kabupaten"||HRS-WC|4.5|4
asb_0613|613|"Jalan Kabupaten"|"1.3.04.01.01.0003"|"Jalan Tipe D408"|"Lebar = 4,5 m, HRS-WC = 5 cm, LPA = 10 cm, LPB = 10 cm, dan Timbunan Pilihan dari Sumber Galian = 20 cm"|"Meter"|3705000|"Belanja Modal Jalan Kabupaten"||HRS-WC|4.5|5
asb_0614|614|"Jalan Kabupaten"|"1.3.04.01.01.0003"|"Jalan Tipe D409"|"Lebar = 4,5 m, HRS-WC = 5 cm, LPA = 10 cm, LPB = 15 cm, dan Timbunan Pilihan dari Sumber Galian = 20 cm"|"Meter"|3986000|"Belanja Modal Jalan Kabupaten"||HRS-WC|4.5|5
asb_0615|615|"Jalan Kabupaten"|"1.3.04.01.01.0003"|"Jalan Tipe D410"|"Lebar = 4,5 m, HRS-WC = 5 cm, LPA = 10 cm, LPB = 20 cm, dan Timbunan Pilihan dari Sumber Galian = 20 cm"|"Meter"|4267000|"Belanja Modal Jalan Kabupaten"||HRS-WC|4.5|5
asb_0616|616|"Jalan Kabupaten"|"1.3.04.01.01.0003"|"Jalan Tipe D411"|"Lebar = 4,5 m, HRS-WC = 5 cm, LPA = 15 cm, LPB = 15 cm, dan Timbunan Pilihan dari Sumber Galian = 20 cm"|"Meter"|4298000|"Belanja Modal Jalan Kabupaten"||HRS-WC|4.5|5
asb_0617|617|"Jalan Kabupaten"|"1.3.04.01.01.0003"|"Jalan Tipe D412"|"Lebar = 4,5 m, HRS-WC = 5 cm, LPA = 15 cm, LPB = 20 cm, dan Timbunan Pilihan dari Sumber Galian = 20 cm"|"Meter"|4579000|"Belanja Modal Jalan Kabupaten"||HRS-WC|4.5|5
asb_0618|618|"Jalan Kabupaten"|"1.3.04.01.01.0003"|"Jalan Tipe D413"|"Lebar = 4,5 m, HRS-WC = 5 cm, LPA = 20 cm, LPB = 20 cm, dan Timbunan Pilihan dari Sumber Galian = 20 cm"|"Meter"|4890000|"Belanja Modal Jalan Kabupaten"||HRS-WC|4.5|5
asb_0619|619|"Jalan Kabupaten"|"1.3.04.01.01.0003"|"Jalan Tipe D414"|"Lebar = 4,5 m, HRS-WC = 5 cm, LPA = 10 cm, LPB = 10 cm, dan Timbunan Pilihan dari Sumber Galian = 30 cm"|"Meter"|4159000|"Belanja Modal Jalan Kabupaten"||HRS-WC|4.5|5
asb_0620|620|"Jalan Kabupaten"|"1.3.04.01.01.0003"|"Jalan Tipe D415"|"Lebar = 4,5 m, HRS-WC = 5 cm, LPA = 10 cm, LPB = 15 cm, dan Timbunan Pilihan dari Sumber Galian = 30 cm"|"Meter"|4440000|"Belanja Modal Jalan Kabupaten"||HRS-WC|4.5|5
asb_0621|621|"Jalan Kabupaten"|"1.3.04.01.01.0003"|"Jalan Tipe D416"|"Lebar = 4,5 m, HRS-WC = 5 cm, LPA = 10 cm, LPB = 20 cm, dan Timbunan Pilihan dari Sumber Galian = 30 cm"|"Meter"|4722000|"Belanja Modal Jalan Kabupaten"||HRS-WC|4.5|5
asb_0622|622|"Jalan Kabupaten"|"1.3.04.01.01.0003"|"Jalan Tipe D417"|"Lebar = 4,5 m, HRS-WC = 5 cm, LPA = 15 cm, LPB = 15 cm, dan Timbunan Pilihan dari Sumber Galian = 30 cm"|"Meter"|4752000|"Belanja Modal Jalan Kabupaten"||HRS-WC|4.5|5
asb_0623|623|"Jalan Kabupaten"|"1.3.04.01.01.0003"|"Jalan Tipe D418"|"Lebar = 4,5 m, HRS-WC = 5 cm, LPA = 15 cm, LPB = 20 cm, dan Timbunan Pilihan dari Sumber Galian = 30 cm"|"Meter"|5034000|"Belanja Modal Jalan Kabupaten"||HRS-WC|4.5|5
asb_0624|624|"Jalan Kabupaten"|"1.3.04.01.01.0003"|"Jalan Tipe D419"|"Lebar = 4,5 m, HRS-WC = 5 cm, LPA = 20 cm, LPB = 20 cm, dan Timbunan Pilihan dari Sumber Galian = 30 cm"|"Meter"|5345000|"Belanja Modal Jalan Kabupaten"||HRS-WC|4.5|5
asb_0625|625|"Jalan Kabupaten"|"1.3.04.01.01.0003"|"Jalan Tipe D420"|"Lebar = 4,5 m, HRS-WC = 5 cm, LPA = 10 cm, LPB = 10 cm, dan Timbunan Pilihan dari Sumber Galian = 30 cm"|"Meter"|4159000|"Belanja Modal Jalan Kabupaten"||HRS-WC|4.5|5
asb_0626|626|"Jalan Kabupaten"|"1.3.04.01.01.0003"|"Jalan Tipe D421"|"Lebar = 4,5 m, HRS-WC = 5 cm, LPA = 10 cm, LPB = 15 cm, dan Timbunan Pilihan dari Sumber Galian = 40 cm"|"Meter"|4895000|"Belanja Modal Jalan Kabupaten"||HRS-WC|4.5|5
asb_0627|627|"Jalan Kabupaten"|"1.3.04.01.01.0003"|"Jalan Tipe D422"|"Lebar = 4,5 m, HRS-WC = 5 cm, LPA = 10 cm, LPB = 20 cm, dan Timbunan Pilihan dari Sumber Galian = 40 cm"|"Meter"|5176000|"Belanja Modal Jalan Kabupaten"||HRS-WC|4.5|5
asb_0628|628|"Jalan Kabupaten"|"1.3.04.01.01.0003"|"Jalan Tipe D423"|"Lebar = 4,5 m, HRS-WC = 5 cm, LPA = 15 cm, LPB = 15 cm, dan Timbunan Pilihan dari Sumber Galian = 40 cm"|"Meter"|5207000|"Belanja Modal Jalan Kabupaten"||HRS-WC|4.5|5
asb_0629|629|"Jalan Kabupaten"|"1.3.04.01.01.0003"|"Jalan Tipe D424"|"Lebar = 4,5 m, HRS-WC = 5 cm, LPA = 15 cm, LPB = 20 cm, dan Timbunan Pilihan dari Sumber Galian = 40 cm"|"Meter"|5488000|"Belanja Modal Jalan Kabupaten"||HRS-WC|4.5|5
asb_0630|630|"Jalan Kabupaten"|"1.3.04.01.01.0003"|"Jalan Tipe D425"|"Lebar = 4,5 m, HRS-WC = 5 cm, LPA = 20 cm, LPB = 20 cm, dan Timbunan Pilihan dari Sumber Galian = 40 cm"|"Meter"|5799000|"Belanja Modal Jalan Kabupaten"||HRS-WC|4.5|5
asb_0631|631|"Jalan Kabupaten"|"1.3.04.01.01.0003"|"Jalan Tipe D426"|"Lebar = 4,5 m, HRS-WC = 5 cm, LPA = 10 cm, LPB = 10 cm, dan Timbunan Pilihan dari Sumber Galian = 50 cm"|"Meter"|5068000|"Belanja Modal Jalan Kabupaten"||HRS-WC|4.5|5
asb_0632|632|"Jalan Kabupaten"|"1.3.04.01.01.0003"|"Jalan Tipe D427"|"Lebar = 4,5 m, HRS-WC = 5 cm, LPA = 10 cm, LPB = 15 cm, dan Timbunan Pilihan dari Sumber Galian = 50 cm"|"Meter"|5349000|"Belanja Modal Jalan Kabupaten"||HRS-WC|4.5|5
asb_0633|633|"Jalan Kabupaten"|"1.3.04.01.01.0003"|"Jalan Tipe D428"|"Lebar = 4,5 m, HRS-WC = 5 cm, LPA = 10 cm, LPB = 20 cm, dan Timbunan Pilihan dari Sumber Galian = 50 cm"|"Meter"|5630000|"Belanja Modal Jalan Kabupaten"||HRS-WC|4.5|5
asb_0634|634|"Jalan Kabupaten"|"1.3.04.01.01.0003"|"Jalan Tipe D429"|"Lebar = 4,5 m, HRS-WC = 5 cm, LPA = 15 cm, LPB = 15 cm, dan Timbunan Pilihan dari Sumber Galian = 50 cm"|"Meter"|5661000|"Belanja Modal Jalan Kabupaten"||HRS-WC|4.5|5
asb_0635|635|"Jalan Kabupaten"|"1.3.04.01.01.0003"|"Jalan Tipe D430"|"Lebar = 4,5 m, HRS-WC = 5 cm, LPA = 15 cm, LPB = 20 cm, dan Timbunan Pilihan dari Sumber Galian = 50 cm"|"Meter"|5942000|"Belanja Modal Jalan Kabupaten"||HRS-WC|4.5|5
asb_0636|636|"Jalan Kabupaten"|"1.3.04.01.01.0003"|"Jalan Tipe D431"|"Lebar = 4,5 m, HRS-WC = 5 cm, LPA = 20 cm, LPB = 20 cm, dan Timbunan Pilihan dari Sumber Galian = 50 cm"|"Meter"|6253000|"Belanja Modal Jalan Kabupaten"||HRS-WC|4.5|5
asb_0637|637|"Jalan Kabupaten"|"1.3.04.01.01.0003"|"Jalan Tipe D432"|"Lebar = 5 m, HRS-Base = 4 cm, LPA = 10 cm, LPB = 10 cm, dan Timbunan Pilihan dari Sumber Galian = 20 cm"|"Meter"|3727000|"Belanja Modal Jalan Kabupaten"||HRS-Base|5|4
asb_0638|638|"Jalan Kabupaten"|"1.3.04.01.01.0003"|"Jalan Tipe D433"|"Lebar = 5 m, HRS-Base = 4 cm, LPA = 10 cm, LPB = 15 cm, dan Timbunan Pilihan dari Sumber Galian = 20 cm"|"Meter"|4033000|"Belanja Modal Jalan Kabupaten"||HRS-Base|5|4
asb_0639|639|"Jalan Kabupaten"|"1.3.04.01.01.0003"|"Jalan Tipe D434"|"Lebar = 5 m, HRS-Base = 4 cm, LPA = 10 cm, LPB = 20 cm, dan Timbunan Pilihan dari Sumber Galian = 20 cm"|"Meter"|4340000|"Belanja Modal Jalan Kabupaten"||HRS-Base|5|4
asb_0640|640|"Jalan Kabupaten"|"1.3.04.01.01.0003"|"Jalan Tipe D435"|"Lebar = 5 m, HRS-Base = 4 cm, LPA = 15 cm, LPB = 15 cm, dan Timbunan Pilihan dari Sumber Galian = 20 cm"|"Meter"|4373000|"Belanja Modal Jalan Kabupaten"||HRS-Base|5|4
asb_0641|641|"Jalan Kabupaten"|"1.3.04.01.01.0003"|"Jalan Tipe D436"|"Lebar = 5 m, HRS-Base = 4 cm, LPA = 15 cm, LPB = 20 cm, dan Timbunan Pilihan dari Sumber Galian = 20 cm"|"Meter"|4680000|"Belanja Modal Jalan Kabupaten"||HRS-Base|5|4
asb_0642|642|"Jalan Kabupaten"|"1.3.04.01.01.0003"|"Jalan Tipe D437"|"Lebar = 5 m, HRS-Base = 4 cm, LPA = 20 cm, LPB = 20 cm, dan Timbunan Pilihan dari Sumber Galian = 20 cm"|"Meter"|5020000|"Belanja Modal Jalan Kabupaten"||HRS-Base|5|4
asb_0643|643|"Jalan Kabupaten"|"1.3.04.01.01.0003"|"Jalan Tipe D438"|"Lebar = 5 m, HRS-Base = 4 cm, LPA = 10 cm, LPB = 10 cm, dan Timbunan Pilihan dari Sumber Galian = 30 cm"|"Meter"|4222000|"Belanja Modal Jalan Kabupaten"||HRS-Base|5|4
asb_0644|644|"Jalan Kabupaten"|"1.3.04.01.01.0003"|"Jalan Tipe D439"|"Lebar = 5 m, HRS-Base = 4 cm, LPA = 10 cm, LPB = 15 cm, dan Timbunan Pilihan dari Sumber Galian = 30 cm"|"Meter"|4529000|"Belanja Modal Jalan Kabupaten"||HRS-Base|5|4
asb_0645|645|"Jalan Kabupaten"|"1.3.04.01.01.0003"|"Jalan Tipe D440"|"Lebar = 5 m, HRS-Base = 4 cm, LPA = 10 cm, LPB = 20 cm, dan Timbunan Pilihan dari Sumber Galian = 30 cm"|"Meter"|4836000|"Belanja Modal Jalan Kabupaten"||HRS-Base|5|4
asb_0646|646|"Jalan Kabupaten"|"1.3.04.01.01.0003"|"Jalan Tipe D441"|"Lebar = 5 m, HRS-Base = 4 cm, LPA = 15 cm, LPB = 15 cm, dan Timbunan Pilihan dari Sumber Galian = 30 cm"|"Meter"|4869000|"Belanja Modal Jalan Kabupaten"||HRS-Base|5|4
asb_0647|647|"Jalan Kabupaten"|"1.3.04.01.01.0003"|"Jalan Tipe D442"|"Lebar = 5 m, HRS-Base = 4 cm, LPA = 15 cm, LPB = 20 cm, dan Timbunan Pilihan dari Sumber Galian = 30 cm"|"Meter"|5176000|"Belanja Modal Jalan Kabupaten"||HRS-Base|5|4
asb_0648|648|"Jalan Kabupaten"|"1.3.04.01.01.0003"|"Jalan Tipe D443"|"Lebar = 5 m, HRS-Base = 4 cm, LPA = 20 cm, LPB = 20 cm, dan Timbunan Pilihan dari Sumber Galian = 30 cm"|"Meter"|5516000|"Belanja Modal Jalan Kabupaten"||HRS-Base|5|4
asb_0649|649|"Jalan Kabupaten"|"1.3.04.01.01.0003"|"Jalan Tipe D444"|"Lebar = 5 m, HRS-Base = 4 cm, LPA = 10 cm, LPB = 10 cm, dan Timbunan Pilihan dari Sumber Galian = 40 cm"|"Meter"|4717000|"Belanja Modal Jalan Kabupaten"||HRS-Base|5|4
asb_0650|650|"Jalan Kabupaten"|"1.3.04.01.01.0003"|"Jalan Tipe D445"|"Lebar = 5 m, HRS-Base = 4 cm, LPA = 10 cm, LPB = 15 cm, dan Timbunan Pilihan dari Sumber Galian = 40 cm"|"Meter"|5024000|"Belanja Modal Jalan Kabupaten"||HRS-Base|5|4
asb_0651|651|"Jalan Kabupaten"|"1.3.04.01.01.0003"|"Jalan Tipe D446"|"Lebar = 5 m, HRS-Base = 4 cm, LPA = 10 cm, LPB = 20 cm, dan Timbunan Pilihan dari Sumber Galian = 40 cm"|"Meter"|5331000|"Belanja Modal Jalan Kabupaten"||HRS-Base|5|4
asb_0652|652|"Jalan Kabupaten"|"1.3.04.01.01.0003"|"Jalan Tipe D447"|"Lebar = 5 m, HRS-Base = 4 cm, LPA = 15 cm, LPB = 15 cm, dan Timbunan Pilihan dari Sumber Galian = 40 cm"|"Meter"|5364000|"Belanja Modal Jalan Kabupaten"||HRS-Base|5|4
asb_0653|653|"Jalan Kabupaten"|"1.3.04.01.01.0003"|"Jalan Tipe D448"|"Lebar = 5 m, HRS-Base = 4 cm, LPA = 15 cm, LPB = 20 cm, dan Timbunan Pilihan dari Sumber Galian = 40 cm"|"Meter"|5671000|"Belanja Modal Jalan Kabupaten"||HRS-Base|5|4
asb_0654|654|"Jalan Kabupaten"|"1.3.04.01.01.0003"|"Jalan Tipe D449"|"Lebar = 5 m, HRS-Base = 4 cm, LPA = 20 cm, LPB = 20 cm, dan Timbunan Pilihan dari Sumber Galian = 40 cm"|"Meter"|6011000|"Belanja Modal Jalan Kabupaten"||HRS-Base|5|4
asb_0655|655|"Jalan Kabupaten"|"1.3.04.01.01.0003"|"Jalan Tipe D450"|"Lebar = 5 m, HRS-Base = 4 cm, LPA = 10 cm, LPB = 10 cm, dan Timbunan Pilihan dari Sumber Galian = 50 cm"|"Meter"|5213000|"Belanja Modal Jalan Kabupaten"||HRS-Base|5|4
asb_0656|656|"Jalan Kabupaten"|"1.3.04.01.01.0003"|"Jalan Tipe D451"|"Lebar = 5 m, HRS-Base = 4 cm, LPA = 10 cm, LPB = 15 cm, dan Timbunan Pilihan dari Sumber Galian = 50 cm"|"Meter"|5520000|"Belanja Modal Jalan Kabupaten"||HRS-Base|5|4
asb_0657|657|"Jalan Kabupaten"|"1.3.04.01.01.0003"|"Jalan Tipe D452"|"Lebar = 5 m, HRS-Base = 4 cm, LPA = 10 cm, LPB = 20 cm, dan Timbunan Pilihan dari Sumber Galian = 50 cm"|"Meter"|5827000|"Belanja Modal Jalan Kabupaten"||HRS-Base|5|4
asb_0658|658|"Jalan Kabupaten"|"1.3.04.01.01.0003"|"Jalan Tipe D453"|"Lebar = 5 m, HRS-Base = 4 cm, LPA = 15 cm, LPB = 15 cm, dan Timbunan Pilihan dari Sumber Galian = 50 cm"|"Meter"|5860000|"Belanja Modal Jalan Kabupaten"||HRS-Base|5|4
asb_0659|659|"Jalan Kabupaten"|"1.3.04.01.01.0003"|"Jalan Tipe D454"|"Lebar = 5 m, HRS-Base = 4 cm, LPA = 15 cm, LPB = 20 cm, dan Timbunan Pilihan dari Sumber Galian = 50 cm"|"Meter"|6167000|"Belanja Modal Jalan Kabupaten"||HRS-Base|5|4
asb_0660|660|"Jalan Kabupaten"|"1.3.04.01.01.0003"|"Jalan Tipe D455"|"Lebar = 5 m, HRS-Base = 4 cm, LPA = 20 cm, LPB = 20 cm, dan Timbunan Pilihan dari Sumber Galian = 50 cm"|"Meter"|6507000|"Belanja Modal Jalan Kabupaten"||HRS-Base|5|4
asb_0661|661|"Jalan Kabupaten"|"1.3.04.01.01.0003"|"Jalan Tipe D456"|"Lebar = 5 m, HRS-Base = 5 cm, LPA = 10 cm, LPB = 10 cm, dan Timbunan Pilihan dari Sumber Galian = 20 cm"|"Meter"|4029000|"Belanja Modal Jalan Kabupaten"||HRS-Base|5|5
asb_0662|662|"Jalan Kabupaten"|"1.3.04.01.01.0003"|"Jalan Tipe D457"|"Lebar = 5 m, HRS-Base = 5 cm, LPA = 10 cm, LPB = 15 cm, dan Timbunan Pilihan dari Sumber Galian = 20 cm"|"Meter"|4336000|"Belanja Modal Jalan Kabupaten"||HRS-Base|5|5
asb_0663|663|"Jalan Kabupaten"|"1.3.04.01.01.0003"|"Jalan Tipe D458"|"Lebar = 5 m, HRS-Base = 5 cm, LPA = 10 cm, LPB = 20 cm, dan Timbunan Pilihan dari Sumber Galian = 20 cm"|"Meter"|4643000|"Belanja Modal Jalan Kabupaten"||HRS-Base|5|5
asb_0664|664|"Jalan Kabupaten"|"1.3.04.01.01.0003"|"Jalan Tipe D459"|"Lebar = 5 m, HRS-Base = 5 cm, LPA = 15 cm, LPB = 15 cm, dan Timbunan Pilihan dari Sumber Galian = 20 cm"|"Meter"|4676000|"Belanja Modal Jalan Kabupaten"||HRS-Base|5|5
asb_0665|665|"Jalan Kabupaten"|"1.3.04.01.01.0003"|"Jalan Tipe D460"|"Lebar = 5 m, HRS-Base = 5 cm, LPA = 15 cm, LPB = 20 cm, dan Timbunan Pilihan dari Sumber Galian = 20 cm"|"Meter"|4983000|"Belanja Modal Jalan Kabupaten"||HRS-Base|5|5
asb_0666|666|"Jalan Kabupaten"|"1.3.04.01.01.0003"|"Jalan Tipe D461"|"Lebar = 5 m, HRS-Base = 5 cm, LPA = 20 cm, LPB = 20 cm, dan Timbunan Pilihan dari Sumber Galian = 20 cm"|"Meter"|5323000|"Belanja Modal Jalan Kabupaten"||HRS-Base|5|5
asb_0667|667|"Jalan Kabupaten"|"1.3.04.01.01.0003"|"Jalan Tipe D462"|"Lebar = 5 m, HRS-Base = 5 cm, LPA = 10 cm, LPB = 10 cm, dan Timbunan Pilihan dari Sumber Galian = 30 cm"|"Meter"|4525000|"Belanja Modal Jalan Kabupaten"||HRS-Base|5|5
asb_0668|668|"Jalan Kabupaten"|"1.3.04.01.01.0003"|"Jalan Tipe D463"|"Lebar = 5 m, HRS-Base = 5 cm, LPA = 10 cm, LPB = 15 cm, dan Timbunan Pilihan dari Sumber Galian = 30 cm"|"Meter"|4832000|"Belanja Modal Jalan Kabupaten"||HRS-Base|5|5
asb_0669|669|"Jalan Kabupaten"|"1.3.04.01.01.0003"|"Jalan Tipe D464"|"Lebar = 5 m, HRS-Base = 5 cm, LPA = 10 cm, LPB = 20 cm, dan Timbunan Pilihan dari Sumber Galian = 30 cm"|"Meter"|5139000|"Belanja Modal Jalan Kabupaten"||HRS-Base|5|5
asb_0670|670|"Jalan Kabupaten"|"1.3.04.01.01.0003"|"Jalan Tipe D465"|"Lebar = 5 m, HRS-Base = 5 cm, LPA = 15 cm, LPB = 15 cm, dan Timbunan Pilihan dari Sumber Galian = 30 cm"|"Meter"|5172000|"Belanja Modal Jalan Kabupaten"||HRS-Base|5|5
asb_0671|671|"Jalan Kabupaten"|"1.3.04.01.01.0003"|"Jalan Tipe D466"|"Lebar = 5 m, HRS-Base = 5 cm, LPA = 15 cm, LPB = 20 cm, dan Timbunan Pilihan dari Sumber Galian = 30 cm"|"Meter"|5479000|"Belanja Modal Jalan Kabupaten"||HRS-Base|5|5
asb_0672|672|"Jalan Kabupaten"|"1.3.04.01.01.0003"|"Jalan Tipe D467"|"Lebar = 5 m, HRS-Base = 5 cm, LPA = 20 cm, LPB = 20 cm, dan Timbunan Pilihan dari Sumber Galian = 30 cm"|"Meter"|5818000|"Belanja Modal Jalan Kabupaten"||HRS-Base|5|5
asb_0673|673|"Jalan Kabupaten"|"1.3.04.01.01.0003"|"Jalan Tipe D468"|"Lebar = 5 m, HRS-Base = 5 cm, LPA = 10 cm, LPB = 10 cm, dan Timbunan Pilihan dari Sumber Galian = 40 cm"|"Meter"|5020000|"Belanja Modal Jalan Kabupaten"||HRS-Base|5|5
asb_0674|674|"Jalan Kabupaten"|"1.3.04.01.01.0003"|"Jalan Tipe D469"|"Lebar = 5 m, HRS-Base = 5 cm, LPA = 10 cm, LPB = 15 cm, dan Timbunan Pilihan dari Sumber Galian = 40 cm"|"Meter"|5327000|"Belanja Modal Jalan Kabupaten"||HRS-Base|5|5
asb_0675|675|"Jalan Kabupaten"|"1.3.04.01.01.0003"|"Jalan Tipe D470"|"Lebar = 5 m, HRS-Base = 5 cm, LPA = 10 cm, LPB = 20 cm, dan Timbunan Pilihan dari Sumber Galian = 40 cm"|"Meter"|5634000|"Belanja Modal Jalan Kabupaten"||HRS-Base|5|5
asb_0676|676|"Jalan Kabupaten"|"1.3.04.01.01.0003"|"Jalan Tipe D471"|"Lebar = 5 m, HRS-Base = 5 cm, LPA = 15 cm, LPB = 15 cm, dan Timbunan Pilihan dari Sumber Galian = 40 cm"|"Meter"|5667000|"Belanja Modal Jalan Kabupaten"||HRS-Base|5|5
asb_0677|677|"Jalan Kabupaten"|"1.3.04.01.01.0003"|"Jalan Tipe D472"|"Lebar = 5 m, HRS-Base = 5 cm, LPA = 15 cm, LPB = 20 cm, dan Timbunan Pilihan dari Sumber Galian = 40 cm"|"Meter"|5974000|"Belanja Modal Jalan Kabupaten"||HRS-Base|5|5
asb_0678|678|"Jalan Kabupaten"|"1.3.04.01.01.0003"|"Jalan Tipe D473"|"Lebar = 5 m, HRS-Base = 5 cm, LPA = 20 cm, LPB = 20 cm, dan Timbunan Pilihan dari Sumber Galian = 40 cm"|"Meter"|6314000|"Belanja Modal Jalan Kabupaten"||HRS-Base|5|5
asb_0679|679|"Jalan Kabupaten"|"1.3.04.01.01.0003"|"Jalan Tipe D474"|"Lebar = 5 m, HRS-Base = 5 cm, LPA = 10 cm, LPB = 10 cm, dan Timbunan Pilihan dari Sumber Galian = 50 cm"|"Meter"|5516000|"Belanja Modal Jalan Kabupaten"||HRS-Base|5|5
asb_0680|680|"Jalan Kabupaten"|"1.3.04.01.01.0003"|"Jalan Tipe D475"|"Lebar = 5 m, HRS-Base = 5 cm, LPA = 10 cm, LPB = 15 cm, dan Timbunan Pilihan dari Sumber Galian = 50 cm"|"Meter"|5823000|"Belanja Modal Jalan Kabupaten"||HRS-Base|5|5
asb_0681|681|"Jalan Kabupaten"|"1.3.04.01.01.0003"|"Jalan Tipe D476"|"Lebar = 5 m, HRS-Base = 5 cm, LPA = 10 cm, LPB = 20 cm, dan Timbunan Pilihan dari Sumber Galian = 50 cm"|"Meter"|6130000|"Belanja Modal Jalan Kabupaten"||HRS-Base|5|5
asb_0682|682|"Jalan Kabupaten"|"1.3.04.01.01.0003"|"Jalan Tipe D477"|"Lebar = 5 m, HRS-Base = 5 cm, LPA = 15 cm, LPB = 15 cm, dan Timbunan Pilihan dari Sumber Galian = 50 cm"|"Meter"|6162000|"Belanja Modal Jalan Kabupaten"||HRS-Base|5|5
asb_0683|683|"Jalan Kabupaten"|"1.3.04.01.01.0003"|"Jalan Tipe D478"|"Lebar = 5 m, HRS-Base = 5 cm, LPA = 15 cm, LPB = 20 cm, dan Timbunan Pilihan dari Sumber Galian = 50 cm"|"Meter"|6469000|"Belanja Modal Jalan Kabupaten"||HRS-Base|5|5
asb_0684|684|"Jalan Kabupaten"|"1.3.04.01.01.0003"|"Jalan Tipe D479"|"Lebar = 5 m, HRS-Base = 5 cm, LPA = 20 cm, LPB = 20 cm, dan Timbunan Pilihan dari Sumber Galian = 50 cm"|"Meter"|6809000|"Belanja Modal Jalan Kabupaten"||HRS-Base|5|5
asb_0685|685|"Jalan Kabupaten"|"1.3.04.01.01.0003"|"Jalan Tipe D480"|"Lebar = 5 m, HRS-WC = 4 cm, LPA = 10 cm, LPB = 10 cm, dan Timbunan Pilihan dari Sumber Galian = 20 cm"|"Meter"|3756000|"Belanja Modal Jalan Kabupaten"||HRS-WC|5|4
asb_0686|686|"Jalan Kabupaten"|"1.3.04.01.01.0003"|"Jalan Tipe D481"|"Lebar = 5 m, HRS-WC = 4 cm, LPA = 10 cm, LPB = 15 cm, dan Timbunan Pilihan dari Sumber Galian = 20 cm"|"Meter"|4064000|"Belanja Modal Jalan Kabupaten"||HRS-WC|5|4
asb_0687|687|"Jalan Kabupaten"|"1.3.04.01.01.0003"|"Jalan Tipe D482"|"Lebar = 5 m, HRS-WC = 4 cm, LPA = 10 cm, LPB = 20 cm, dan Timbunan Pilihan dari Sumber Galian = 20 cm"|"Meter"|4371000|"Belanja Modal Jalan Kabupaten"||HRS-WC|5|4
asb_0688|688|"Jalan Kabupaten"|"1.3.04.01.01.0003"|"Jalan Tipe D483"|"Lebar = 5 m, HRS-WC = 4 cm, LPA = 15 cm, LPB = 15 cm, dan Timbunan Pilihan dari Sumber Galian = 20 cm"|"Meter"|4403000|"Belanja Modal Jalan Kabupaten"||HRS-WC|5|4
asb_0689|689|"Jalan Kabupaten"|"1.3.04.01.01.0003"|"Jalan Tipe D484"|"Lebar = 5 m, HRS-WC = 4 cm, LPA = 15 cm, LPB = 20 cm, dan Timbunan Pilihan dari Sumber Galian = 20 cm"|"Meter"|4710000|"Belanja Modal Jalan Kabupaten"||HRS-WC|5|4
asb_0690|690|"Jalan Kabupaten"|"1.3.04.01.01.0003"|"Jalan Tipe D485"|"Lebar = 5 m, HRS-WC = 4 cm, LPA = 20 cm, LPB = 20 cm, dan Timbunan Pilihan dari Sumber Galian = 20 cm"|"Meter"|5050000|"Belanja Modal Jalan Kabupaten"||HRS-WC|5|4
asb_0691|691|"Jalan Kabupaten"|"1.3.04.01.01.0003"|"Jalan Tipe D486"|"Lebar = 5 m, HRS-WC = 4 cm, LPA = 10 cm, LPB = 10 cm, dan Timbunan Pilihan dari Sumber Galian = 30 cm"|"Meter"|4253000|"Belanja Modal Jalan Kabupaten"||HRS-WC|5|4
asb_0692|692|"Jalan Kabupaten"|"1.3.04.01.01.0003"|"Jalan Tipe D487"|"Lebar = 5 m, HRS-WC = 4 cm, LPA = 10 cm, LPB = 15 cm, dan Timbunan Pilihan dari Sumber Galian = 30 cm"|"Meter"|4560000|"Belanja Modal Jalan Kabupaten"||HRS-WC|5|4
asb_0693|693|"Jalan Kabupaten"|"1.3.04.01.01.0003"|"Jalan Tipe D488"|"Lebar = 5 m, HRS-WC = 4 cm, LPA = 10 cm, LPB = 20 cm, dan Timbunan Pilihan dari Sumber Galian = 30 cm"|"Meter"|4867000|"Belanja Modal Jalan Kabupaten"||HRS-WC|5|4
asb_0694|694|"Jalan Kabupaten"|"1.3.04.01.01.0003"|"Jalan Tipe D489"|"Lebar = 5 m, HRS-WC = 4 cm, LPA = 15 cm, LPB = 15 cm, dan Timbunan Pilihan dari Sumber Galian = 30 cm"|"Meter"|4899000|"Belanja Modal Jalan Kabupaten"||HRS-WC|5|4
asb_0695|695|"Jalan Kabupaten"|"1.3.04.01.01.0003"|"Jalan Tipe D490"|"Lebar = 5 m, HRS-WC = 4 cm, LPA = 15 cm, LPB = 20 cm, dan Timbunan Pilihan dari Sumber Galian = 30 cm"|"Meter"|5207000|"Belanja Modal Jalan Kabupaten"||HRS-WC|5|4
asb_0696|696|"Jalan Kabupaten"|"1.3.04.01.01.0003"|"Jalan Tipe D491"|"Lebar = 5 m, HRS-WC = 4 cm, LPA = 20 cm, LPB = 20 cm, dan Timbunan Pilihan dari Sumber Galian = 30 cm"|"Meter"|5546000|"Belanja Modal Jalan Kabupaten"||HRS-WC|5|4
asb_0697|697|"Jalan Kabupaten"|"1.3.04.01.01.0003"|"Jalan Tipe D492"|"Lebar = 5 m, HRS-WC = 4 cm, LPA = 10 cm, LPB = 10 cm, dan Timbunan Pilihan dari Sumber Galian = 40 cm"|"Meter"|4748000|"Belanja Modal Jalan Kabupaten"||HRS-WC|5|4
asb_0698|698|"Jalan Kabupaten"|"1.3.04.01.01.0003"|"Jalan Tipe D493"|"Lebar = 5 m, HRS-WC = 4 cm, LPA = 10 cm, LPB = 15 cm, dan Timbunan Pilihan dari Sumber Galian = 40 cm"|"Meter"|5055000|"Belanja Modal Jalan Kabupaten"||HRS-WC|5|4
asb_0699|699|"Jalan Kabupaten"|"1.3.04.01.01.0003"|"Jalan Tipe D494"|"Lebar = 5 m, HRS-WC = 4 cm, LPA = 10 cm, LPB = 20 cm, dan Timbunan Pilihan dari Sumber Galian = 40 cm"|"Meter"|5362000|"Belanja Modal Jalan Kabupaten"||HRS-WC|5|4
asb_0700|700|"Jalan Kabupaten"|"1.3.04.01.01.0003"|"Jalan Tipe D495"|"Lebar = 5 m, HRS-WC = 4 cm, LPA = 15 cm, LPB = 15 cm, dan Timbunan Pilihan dari Sumber Galian = 40 cm"|"Meter"|5395000|"Belanja Modal Jalan Kabupaten"||HRS-WC|5|4
asb_0701|701|"Jalan Kabupaten"|"1.3.04.01.01.0003"|"Jalan Tipe D496"|"Lebar = 5 m, HRS-WC = 4 cm, LPA = 15 cm, LPB = 20 cm, dan Timbunan Pilihan dari Sumber Galian = 40 cm"|"Meter"|5702000|"Belanja Modal Jalan Kabupaten"||HRS-WC|5|4
asb_0702|702|"Jalan Kabupaten"|"1.3.04.01.01.0003"|"Jalan Tipe D497"|"Lebar = 5 m, HRS-WC = 4 cm, LPA = 20 cm, LPB = 20 cm, dan Timbunan Pilihan dari Sumber Galian = 40 cm"|"Meter"|6042000|"Belanja Modal Jalan Kabupaten"||HRS-WC|5|4
asb_0703|703|"Jalan Kabupaten"|"1.3.04.01.01.0003"|"Jalan Tipe D498"|"Lebar = 5 m, HRS-WC = 4 cm, LPA = 10 cm, LPB = 10 cm, dan Timbunan Pilihan dari Sumber Galian = 50 cm"|"Meter"|5244000|"Belanja Modal Jalan Kabupaten"||HRS-WC|5|4
asb_0704|704|"Jalan Kabupaten"|"1.3.04.01.01.0003"|"Jalan Tipe D499"|"Lebar = 5 m, HRS-WC = 4 cm, LPA = 10 cm, LPB = 15 cm, dan Timbunan Pilihan dari Sumber Galian = 50 cm"|"Meter"|5551000|"Belanja Modal Jalan Kabupaten"||HRS-WC|5|4
asb_0705|705|"Jalan Kabupaten"|"1.3.04.01.01.0003"|"Jalan Tipe D500"|"Lebar = 5 m, HRS-WC = 4 cm, LPA = 10 cm, LPB = 20 cm, dan Timbunan Pilihan dari Sumber Galian = 50 cm"|"Meter"|5858000|"Belanja Modal Jalan Kabupaten"||HRS-WC|5|4
asb_0706|706|"Jalan Kabupaten"|"1.3.04.01.01.0003"|"Jalan Tipe D501"|"Lebar = 5 m, HRS-WC = 4 cm, LPA = 15 cm, LPB = 15 cm, dan Timbunan Pilihan dari Sumber Galian = 50 cm"|"Meter"|5891000|"Belanja Modal Jalan Kabupaten"||HRS-WC|5|4
asb_0707|707|"Jalan Kabupaten"|"1.3.04.01.01.0003"|"Jalan Tipe D502"|"Lebar = 5 m, HRS-WC = 4 cm, LPA = 15 cm, LPB = 20 cm, dan Timbunan Pilihan dari Sumber Galian = 50 cm"|"Meter"|6198000|"Belanja Modal Jalan Kabupaten"||HRS-WC|5|4
asb_0708|708|"Jalan Kabupaten"|"1.3.04.01.01.0003"|"Jalan Tipe D503"|"Lebar = 5 m, HRS-WC = 4 cm, LPA = 20 cm, LPB = 20 cm, dan Timbunan Pilihan dari Sumber Galian = 50 cm"|"Meter"|6537000|"Belanja Modal Jalan Kabupaten"||HRS-WC|5|4
asb_0709|709|"Jalan Kabupaten"|"1.3.04.01.01.0003"|"Jalan Tipe D504"|"Lebar = 5 m, HRS-WC = 5 cm, LPA = 10 cm, LPB = 10 cm, dan Timbunan Pilihan dari Sumber Galian = 20 cm"|"Meter"|4067000|"Belanja Modal Jalan Kabupaten"||HRS-WC|5|5
asb_0710|710|"Jalan Kabupaten"|"1.3.04.01.01.0003"|"Jalan Tipe D505"|"Lebar = 5 m, HRS-WC = 5 cm, LPA = 10 cm, LPB = 15 cm, dan Timbunan Pilihan dari Sumber Galian = 20 cm"|"Meter"|4374000|"Belanja Modal Jalan Kabupaten"||HRS-WC|5|5
asb_0711|711|"Jalan Kabupaten"|"1.3.04.01.01.0003"|"Jalan Tipe D506"|"Lebar = 5 m, HRS-WC = 5 cm, LPA = 10 cm, LPB = 20 cm, dan Timbunan Pilihan dari Sumber Galian = 20 cm"|"Meter"|4681000|"Belanja Modal Jalan Kabupaten"||HRS-WC|5|5
asb_0712|712|"Jalan Kabupaten"|"1.3.04.01.01.0003"|"Jalan Tipe D507"|"Lebar = 5 m, HRS-WC = 5 cm, LPA = 15 cm, LPB = 15 cm, dan Timbunan Pilihan dari Sumber Galian = 20 cm"|"Meter"|4714000|"Belanja Modal Jalan Kabupaten"||HRS-WC|5|5
asb_0713|713|"Jalan Kabupaten"|"1.3.04.01.01.0003"|"Jalan Tipe D508"|"Lebar = 5 m, HRS-WC = 5 cm, LPA = 15 cm, LPB = 20 cm, dan Timbunan Pilihan dari Sumber Galian = 20 cm"|"Meter"|5021000|"Belanja Modal Jalan Kabupaten"||HRS-WC|5|5
asb_0714|714|"Jalan Kabupaten"|"1.3.04.01.01.0003"|"Jalan Tipe D509"|"Lebar = 5 m, HRS-WC = 5 cm, LPA = 20 cm, LPB = 20 cm, dan Timbunan Pilihan dari Sumber Galian = 20 cm"|"Meter"|5361000|"Belanja Modal Jalan Kabupaten"||HRS-WC|5|5
asb_0715|715|"Jalan Kabupaten"|"1.3.04.01.01.0003"|"Jalan Tipe D510"|"Lebar = 5 m, HRS-WC = 5 cm, LPA = 10 cm, LPB = 10 cm, dan Timbunan Pilihan dari Sumber Galian = 30 cm"|"Meter"|4563000|"Belanja Modal Jalan Kabupaten"||HRS-WC|5|5
asb_0716|716|"Jalan Kabupaten"|"1.3.04.01.01.0003"|"Jalan Tipe D511"|"Lebar = 5 m, HRS-WC = 5 cm, LPA = 10 cm, LPB = 15 cm, dan Timbunan Pilihan dari Sumber Galian = 30 cm"|"Meter"|4870000|"Belanja Modal Jalan Kabupaten"||HRS-WC|5|5
asb_0717|717|"Jalan Kabupaten"|"1.3.04.01.01.0003"|"Jalan Tipe D512"|"Lebar = 5 m, HRS-WC = 5 cm, LPA = 10 cm, LPB = 20 cm, dan Timbunan Pilihan dari Sumber Galian = 30 cm"|"Meter"|5177000|"Belanja Modal Jalan Kabupaten"||HRS-WC|5|5
asb_0718|718|"Jalan Kabupaten"|"1.3.04.01.01.0003"|"Jalan Tipe D513"|"Lebar = 5 m, HRS-WC = 5 cm, LPA = 15 cm, LPB = 15 cm, dan Timbunan Pilihan dari Sumber Galian = 30 cm"|"Meter"|5210000|"Belanja Modal Jalan Kabupaten"||HRS-WC|5|5
asb_0719|719|"Jalan Kabupaten"|"1.3.04.01.01.0003"|"Jalan Tipe D514"|"Lebar = 5 m, HRS-WC = 5 cm, LPA = 15 cm, LPB = 20 cm, dan Timbunan Pilihan dari Sumber Galian = 30 cm"|"Meter"|5517000|"Belanja Modal Jalan Kabupaten"||HRS-WC|5|5
asb_0720|720|"Jalan Kabupaten"|"1.3.04.01.01.0003"|"Jalan Tipe D515"|"Lebar = 5 m, HRS-WC = 5 cm, LPA = 20 cm, LPB = 20 cm, dan Timbunan Pilihan dari Sumber Galian = 30 cm"|"Meter"|5857000|"Belanja Modal Jalan Kabupaten"||HRS-WC|5|5
asb_0721|721|"Jalan Kabupaten"|"1.3.04.01.01.0003"|"Jalan Tipe D516"|"Lebar = 5 m, HRS-WC = 5 cm, LPA = 10 cm, LPB = 10 cm, dan Timbunan Pilihan dari Sumber Galian = 40 cm"|"Meter"|5058000|"Belanja Modal Jalan Kabupaten"||HRS-WC|5|5
asb_0722|722|"Jalan Kabupaten"|"1.3.04.01.01.0003"|"Jalan Tipe D517"|"Lebar = 5 m, HRS-WC = 5 cm, LPA = 10 cm, LPB = 15 cm, dan Timbunan Pilihan dari Sumber Galian = 40 cm"|"Meter"|5365000|"Belanja Modal Jalan Kabupaten"||HRS-WC|5|5
asb_0723|723|"Jalan Kabupaten"|"1.3.04.01.01.0003"|"Jalan Tipe D518"|"Lebar = 5 m, HRS-WC = 5 cm, LPA = 10 cm, LPB = 20 cm, dan Timbunan Pilihan dari Sumber Galian = 40 cm"|"Meter"|5672000|"Belanja Modal Jalan Kabupaten"||HRS-WC|5|5
asb_0724|724|"Jalan Kabupaten"|"1.3.04.01.01.0003"|"Jalan Tipe D519"|"Lebar = 5 m, HRS-WC = 5 cm, LPA = 15 cm, LPB = 15 cm, dan Timbunan Pilihan dari Sumber Galian = 40 cm"|"Meter"|5705000|"Belanja Modal Jalan Kabupaten"||HRS-WC|5|5
asb_0725|725|"Jalan Kabupaten"|"1.3.04.01.01.0003"|"Jalan Tipe D520"|"Lebar = 5 m, HRS-WC = 5 cm, LPA = 15 cm, LPB = 20 cm, dan Timbunan Pilihan dari Sumber Galian = 40 cm"|"Meter"|6012000|"Belanja Modal Jalan Kabupaten"||HRS-WC|5|5
asb_0726|726|"Jalan Kabupaten"|"1.3.04.01.01.0003"|"Jalan Tipe D521"|"Lebar = 5 m, HRS-WC = 5 cm, LPA = 20 cm, LPB = 20 cm, dan Timbunan Pilihan dari Sumber Galian = 40 cm"|"Meter"|6352000|"Belanja Modal Jalan Kabupaten"||HRS-WC|5|5
asb_0727|727|"Jalan Kabupaten"|"1.3.04.01.01.0003"|"Jalan Tipe D522"|"Lebar = 5 m, HRS-WC = 5 cm, LPA = 10 cm, LPB = 10 cm, dan Timbunan Pilihan dari Sumber Galian = 50 cm"|"Meter"|5554000|"Belanja Modal Jalan Kabupaten"||HRS-WC|5|5
asb_0728|728|"Jalan Kabupaten"|"1.3.04.01.01.0003"|"Jalan Tipe D523"|"Lebar = 5 m, HRS-WC = 5 cm, LPA = 10 cm, LPB = 15 cm, dan Timbunan Pilihan dari Sumber Galian = 50 cm"|"Meter"|5861000|"Belanja Modal Jalan Kabupaten"||HRS-WC|5|5
asb_0729|729|"Jalan Kabupaten"|"1.3.04.01.01.0003"|"Jalan Tipe D524"|"Lebar = 5 m, HRS-WC = 5 cm, LPA = 10 cm, LPB = 20 cm, dan Timbunan Pilihan dari Sumber Galian = 50 cm"|"Meter"|6169000|"Belanja Modal Jalan Kabupaten"||HRS-WC|5|5
asb_0730|730|"Jalan Kabupaten"|"1.3.04.01.01.0003"|"Jalan Tipe D525"|"Lebar = 5 m, HRS-WC = 5 cm, LPA = 15 cm, LPB = 15 cm, dan Timbunan Pilihan dari Sumber Galian = 50 cm"|"Meter"|6201000|"Belanja Modal Jalan Kabupaten"||HRS-WC|5|5
asb_0731|731|"Jalan Kabupaten"|"1.3.04.01.01.0003"|"Jalan Tipe D526"|"Lebar = 5 m, HRS-WC = 5 cm, LPA = 15 cm, LPB = 20 cm, dan Timbunan Pilihan dari Sumber Galian = 50 cm"|"Meter"|6508000|"Belanja Modal Jalan Kabupaten"||HRS-WC|5|5
asb_0732|732|"Jalan Kabupaten"|"1.3.04.01.01.0003"|"Jalan Tipe D527"|"Lebar = 5 m, HRS-WC = 5 cm, LPA = 20 cm, LPB = 20 cm, dan Timbunan Pilihan dari Sumber Galian = 50 cm"|"Meter"|6847000|"Belanja Modal Jalan Kabupaten"||HRS-WC|5|5
asb_0733|733|"Jalan Kabupaten"|"1.3.04.01.01.0003"|"Jalan Tipe E1"|"Lebar = 3 m, HRS-Base = 4 cm, Bahu Beton = 1 m"|"Meter"|1427000|"Belanja Modal Jalan Kabupaten"||HRS-Base|3|4
asb_0734|734|"Jalan Kabupaten"|"1.3.04.01.01.0003"|"Jalan Tipe E2"|"Lebar = 3,5 m, HRS-Base = 4 cm, Bahu Beton = 1 m"|"Meter"|1566000|"Belanja Modal Jalan Kabupaten"||HRS-Base|3.5|4
asb_0735|735|"Jalan Kabupaten"|"1.3.04.01.01.0003"|"Jalan Tipe E3"|"Lebar = 4 m, HRS-Base = 4 cm, Bahu Beton = 1 m"|"Meter"|1704000|"Belanja Modal Jalan Kabupaten"||HRS-Base|4|4
asb_0736|736|"Jalan Kabupaten"|"1.3.04.01.01.0003"|"Jalan Tipe E4"|"Lebar = 4,5 m, HRS-Base = 4 cm, Bahu Beton = 1 m"|"Meter"|1842000|"Belanja Modal Jalan Kabupaten"||HRS-Base|4.5|4
asb_0737|737|"Jalan Kabupaten"|"1.3.04.01.01.0003"|"Jalan Tipe E5"|"Lebar = 5 m, HRS-Base = 4 cm, Bahu Beton = 1 m"|"Meter"|1980000|"Belanja Modal Jalan Kabupaten"||HRS-Base|5|4
asb_0738|738|"Jalan Kabupaten"|"1.3.04.01.01.0003"|"Jalan Tipe E6"|"Lebar = 3 m, HRS-Base = 5 cm, Bahu Beton = 1 m"|"Meter"|1609000|"Belanja Modal Jalan Kabupaten"||HRS-Base|3|5
asb_0739|739|"Jalan Kabupaten"|"1.3.04.01.01.0003"|"Jalan Tipe E7"|"Lebar = 3,5 m, HRS-Base = 5 cm, Bahu Beton = 1 m"|"Meter"|1778000|"Belanja Modal Jalan Kabupaten"||HRS-Base|3.5|5
asb_0740|740|"Jalan Kabupaten"|"1.3.04.01.01.0003"|"Jalan Tipe E8"|"Lebar = 4 m, HRS-Base = 5 cm, Bahu Beton = 1 m"|"Meter"|1946000|"Belanja Modal Jalan Kabupaten"||HRS-Base|4|5
asb_0741|741|"Jalan Kabupaten"|"1.3.04.01.01.0003"|"Jalan Tipe E9"|"Lebar = 4,5 m, HRS-Base = 5 cm, Bahu Beton = 1 m"|"Meter"|2115000|"Belanja Modal Jalan Kabupaten"||HRS-Base|4.5|5
asb_0742|742|"Jalan Kabupaten"|"1.3.04.01.01.0003"|"Jalan Tipe E10"|"Lebar = 5 m, HRS-Base = 5 cm, Bahu Beton = 1 m"|"Meter"|2282000|"Belanja Modal Jalan Kabupaten"||HRS-Base|5|5
asb_0743|743|"Jalan Kabupaten"|"1.3.04.01.01.0003"|"Jalan Tipe E11"|"Lebar = 3 m, HRS-WC = 5 cm, Bahu Beton = 1 m"|"Meter"|1632000|"Belanja Modal Jalan Kabupaten"||HRS-WC|3|5
asb_0744|744|"Jalan Kabupaten"|"1.3.04.01.01.0003"|"Jalan Tipe E12"|"Lebar = 3,5 m, HRS-WC = 5 cm, Bahu Beton = 1 m"|"Meter"|1805000|"Belanja Modal Jalan Kabupaten"||HRS-WC|3.5|5
asb_0745|745|"Jalan Kabupaten"|"1.3.04.01.01.0003"|"Jalan Tipe E13"|"Lebar = 4 m, HRS-WC = 5 cm, Bahu Beton = 1 m"|"Meter"|1977000|"Belanja Modal Jalan Kabupaten"||HRS-WC|4|5
asb_0746|746|"Jalan Kabupaten"|"1.3.04.01.01.0003"|"Jalan Tipe E14"|"Lebar = 4,5 m, HRS-WC = 5 cm, Bahu Beton = 1 m"|"Meter"|2149000|"Belanja Modal Jalan Kabupaten"||HRS-WC|4.5|5
asb_0747|747|"Jalan Kabupaten"|"1.3.04.01.01.0003"|"Jalan Tipe E15"|"Lebar = 5 m, HRS-WC = 5 cm, Bahu Beton = 1 m"|"Meter"|2322000|"Belanja Modal Jalan Kabupaten"||HRS-WC|5|5
asb_0748|748|"Jalan Kabupaten"|"1.3.04.01.01.0003"|"Jalan Tipe E16"|"Lebar = 3 m, HRS-Base = 5 cm, LPA = 10 cm, Bahu Beton = 1 m"|"Meter"|2062000|"Belanja Modal Jalan Kabupaten"||HRS-Base|3|5
asb_0749|749|"Jalan Kabupaten"|"1.3.04.01.01.0003"|"Jalan Tipe E17"|"Lebar = 3 m, HRS-Base = 5 cm, LPA = 15 cm, Bahu Beton = 1 m"|"Meter"|2289000|"Belanja Modal Jalan Kabupaten"||HRS-Base|3|5
asb_0750|750|"Jalan Kabupaten"|"1.3.04.01.01.0003"|"Jalan Tipe E18"|"Lebar = 3 m, HRS-Base = 5 cm, LPA = 20 cm, Bahu Beton = 1 m"|"Meter"|2515000|"Belanja Modal Jalan Kabupaten"||HRS-Base|3|5
asb_0751|751|"Jalan Kabupaten"|"1.3.04.01.01.0003"|"Jalan Tipe E19"|"Lebar = 3,5 m, HRS-Base = 5 cm, LPA = 10 cm, Bahu Beton = 1 m"|"Meter"|2287000|"Belanja Modal Jalan Kabupaten"||HRS-Base|3.5|5
asb_0752|752|"Jalan Kabupaten"|"1.3.04.01.01.0003"|"Jalan Tipe E20"|"Lebar = 3,5 m, HRS-Base = 5 cm, LPA = 15 cm, Bahu Beton = 1 m"|"Meter"|2542000|"Belanja Modal Jalan Kabupaten"||HRS-Base|3.5|5
asb_0753|753|"Jalan Kabupaten"|"1.3.04.01.01.0003"|"Jalan Tipe E21"|"Lebar = 3,5 m, HRS-Base = 5 cm, LPA = 20 cm, Bahu Beton = 1 m"|"Meter"|2796000|"Belanja Modal Jalan Kabupaten"||HRS-Base|3.5|5
asb_0754|754|"Jalan Kabupaten"|"1.3.04.01.01.0003"|"Jalan Tipe E22"|"Lebar = 4 m, HRS-Base = 5 cm, LPA = 10 cm, Bahu Beton = 1 m"|"Meter"|2512000|"Belanja Modal Jalan Kabupaten"||HRS-Base|4|5
asb_0755|755|"Jalan Kabupaten"|"1.3.04.01.01.0003"|"Jalan Tipe E23"|"Lebar = 4 m, HRS-Base = 5 cm, LPA = 15 cm, Bahu Beton = 1 m"|"Meter"|2795000|"Belanja Modal Jalan Kabupaten"||HRS-Base|4|5
asb_0756|756|"Jalan Kabupaten"|"1.3.04.01.01.0003"|"Jalan Tipe E24"|"Lebar = 4 m, HRS-Base = 5 cm, LPA = 20 cm, Bahu Beton = 1 m"|"Meter"|3079000|"Belanja Modal Jalan Kabupaten"||HRS-Base|4|5
asb_0757|757|"Jalan Kabupaten"|"1.3.04.01.01.0003"|"Jalan Tipe E25"|"Lebar = 4,5 m, HRS-Base = 5 cm, LPA = 10 cm, Bahu Beton = 1 m"|"Meter"|2738000|"Belanja Modal Jalan Kabupaten"||HRS-Base|4.5|5
asb_0758|758|"Jalan Kabupaten"|"1.3.04.01.01.0003"|"Jalan Tipe E26"|"Lebar = 4,5 m, HRS-Base = 5 cm, LPA = 15 cm, Bahu Beton = 1 m"|"Meter"|3049000|"Belanja Modal Jalan Kabupaten"||HRS-Base|4.5|5
asb_0759|759|"Jalan Kabupaten"|"1.3.04.01.01.0003"|"Jalan Tipe E27"|"Lebar = 4,5 m, HRS-Base = 5 cm, LPA = 20 cm, Bahu Beton = 1 m"|"Meter"|3360000|"Belanja Modal Jalan Kabupaten"||HRS-Base|4.5|5
asb_0760|760|"Jalan Kabupaten"|"1.3.04.01.01.0003"|"Jalan Tipe E28"|"Lebar = 5 m, HRS-Base = 5 cm, LPA = 10 cm, Bahu Beton = 1 m"|"Meter"|2962000|"Belanja Modal Jalan Kabupaten"||HRS-Base|5|5
asb_0761|761|"Jalan Kabupaten"|"1.3.04.01.01.0003"|"Jalan Tipe E29"|"Lebar = 5 m, HRS-Base = 5 cm, LPA = 15 cm, Bahu Beton = 1 m"|"Meter"|3302000|"Belanja Modal Jalan Kabupaten"||HRS-Base|5|5
asb_0762|762|"Jalan Kabupaten"|"1.3.04.01.01.0003"|"Jalan Tipe E30"|"Lebar = 5 m, HRS-Base = 5 cm, LPA = 20 cm, Bahu Beton = 1 m"|"Meter"|3642000|"Belanja Modal Jalan Kabupaten"||HRS-Base|5|5
asb_0763|763|"Jalan Kabupaten"|"1.3.04.01.01.0003"|"Jalan Tipe E31"|"Lebar = 3 m, HRS-WC = 5 cm, LPA = 10 cm, Bahu Beton = 1 m"|"Meter"|2085000|"Belanja Modal Jalan Kabupaten"||HRS-WC|3|5
asb_0764|764|"Jalan Kabupaten"|"1.3.04.01.01.0003"|"Jalan Tipe E32"|"Lebar = 3 m, HRS-WC = 5 cm, LPA = 15 cm, Bahu Beton = 1 m"|"Meter"|2311000|"Belanja Modal Jalan Kabupaten"||HRS-WC|3|5
asb_0765|765|"Jalan Kabupaten"|"1.3.04.01.01.0003"|"Jalan Tipe E33"|"Lebar = 3 m, HRS-WC = 5 cm, LPA = 20 cm, Bahu Beton = 1 m"|"Meter"|2538000|"Belanja Modal Jalan Kabupaten"||HRS-WC|3|5
asb_0766|766|"Jalan Kabupaten"|"1.3.04.01.01.0003"|"Jalan Tipe E34"|"Lebar = 3,5 m, HRS-WC = 5 cm, LPA = 10 cm, Bahu Beton = 1 m"|"Meter"|2313000|"Belanja Modal Jalan Kabupaten"||HRS-WC|3.5|5
asb_0767|767|"Jalan Kabupaten"|"1.3.04.01.01.0003"|"Jalan Tipe E35"|"Lebar = 3,5 m, HRS-WC = 5 cm, LPA = 15 cm, Bahu Beton = 1 m"|"Meter"|2569000|"Belanja Modal Jalan Kabupaten"||HRS-WC|3.5|5
asb_0768|768|"Jalan Kabupaten"|"1.3.04.01.01.0003"|"Jalan Tipe E36"|"Lebar = 3,5 m, HRS-WC = 5 cm, LPA = 20 cm, Bahu Beton = 1 m"|"Meter"|2823000|"Belanja Modal Jalan Kabupaten"||HRS-WC|3.5|5
asb_0769|769|"Jalan Kabupaten"|"1.3.04.01.01.0003"|"Jalan Tipe E37"|"Lebar = 4 m, HRS-WC = 5 cm, LPA = 10 cm, Bahu Beton = 1 m"|"Meter"|2543000|"Belanja Modal Jalan Kabupaten"||HRS-WC|4|5
asb_0770|770|"Jalan Kabupaten"|"1.3.04.01.01.0003"|"Jalan Tipe E38"|"Lebar = 4 m, HRS-WC = 5 cm, LPA = 15 cm, Bahu Beton = 1 m"|"Meter"|2826000|"Belanja Modal Jalan Kabupaten"||HRS-WC|4|5
asb_0771|771|"Jalan Kabupaten"|"1.3.04.01.01.0003"|"Jalan Tipe E39"|"Lebar = 4 m, HRS-WC = 5 cm, LPA = 20 cm, Bahu Beton = 1 m"|"Meter"|3109000|"Belanja Modal Jalan Kabupaten"||HRS-WC|4|5
asb_0772|772|"Jalan Kabupaten"|"1.3.04.01.01.0003"|"Jalan Tipe E40"|"Lebar = 4,5 m, HRS-WC = 5 cm, LPA = 10 cm, Bahu Beton = 1 m"|"Meter"|2772000|"Belanja Modal Jalan Kabupaten"||HRS-WC|4.5|5
asb_0773|773|"Jalan Kabupaten"|"1.3.04.01.01.0003"|"Jalan Tipe E41"|"Lebar = 4,5 m, HRS-WC = 5 cm, LPA = 15 cm, Bahu Beton = 1 m"|"Meter"|3083000|"Belanja Modal Jalan Kabupaten"||HRS-WC|4.5|5
asb_0774|774|"Jalan Kabupaten"|"1.3.04.01.01.0003"|"Jalan Tipe E42"|"Lebar = 4,5 m, HRS-WC = 5 cm, LPA = 20 cm, Bahu Beton = 1 m"|"Meter"|3395000|"Belanja Modal Jalan Kabupaten"||HRS-WC|4.5|5
asb_0775|775|"Jalan Kabupaten"|"1.3.04.01.01.0003"|"Jalan Tipe E43"|"Lebar = 5 m, HRS-WC = 5 cm, LPA = 10 cm, Bahu Beton = 1 m"|"Meter"|3000000|"Belanja Modal Jalan Kabupaten"||HRS-WC|5|5
asb_0776|776|"Jalan Kabupaten"|"1.3.04.01.01.0003"|"Jalan Tipe E44"|"Lebar = 5 m, HRS-WC = 5 cm, LPA = 15 cm, Bahu Beton = 1 m"|"Meter"|3340000|"Belanja Modal Jalan Kabupaten"||HRS-WC|5|5
asb_0777|777|"Jalan Kabupaten"|"1.3.04.01.01.0003"|"Jalan Tipe E45"|"Lebar = 5 m, HRS-WC = 5 cm, LPA = 20 cm, Bahu Beton = 1 m"|"Meter"|3680000|"Belanja Modal Jalan Kabupaten"||HRS-WC|5|5
asb_0778|778|"Jalan Kabupaten"|"1.3.04.01.01.0003"|"Jalan Tipe E46"|"Lebar = 3 m, HRS-Base = 5 cm, LPA = 10 cm, LPB = 10 cm, Bahu Beton = 1 m"|"Meter"|2471000|"Belanja Modal Jalan Kabupaten"||HRS-Base|3|5
asb_0779|779|"Jalan Kabupaten"|"1.3.04.01.01.0003"|"Jalan Tipe E47"|"Lebar = 3 m, HRS-Base = 5 cm, LPA = 10 cm, LPB = 15 cm, Bahu Beton = 1 m"|"Meter"|2676000|"Belanja Modal Jalan Kabupaten"||HRS-Base|3|5
asb_0780|780|"Jalan Kabupaten"|"1.3.04.01.01.0003"|"Jalan Tipe E48"|"Lebar = 3 m, HRS-Base = 5 cm, LPA = 15 cm, LPB = 15 cm, Bahu Beton = 1 m"|"Meter"|2903000|"Belanja Modal Jalan Kabupaten"||HRS-Base|3|5
asb_0781|781|"Jalan Kabupaten"|"1.3.04.01.01.0003"|"Jalan Tipe E49"|"Lebar = 3 m, HRS-Base = 5 cm, LPA = 10 cm, LPB = 20 cm, Bahu Beton = 1 m"|"Meter"|2881000|"Belanja Modal Jalan Kabupaten"||HRS-Base|3|5
asb_0782|782|"Jalan Kabupaten"|"1.3.04.01.01.0003"|"Jalan Tipe E50"|"Lebar = 3 m, HRS-Base = 5 cm, LPA = 15 cm, LPB = 20 cm, Bahu Beton = 1 m"|"Meter"|3106000|"Belanja Modal Jalan Kabupaten"||HRS-Base|3|5
asb_0783|783|"Jalan Kabupaten"|"1.3.04.01.01.0003"|"Jalan Tipe E51"|"Lebar = 3 m, HRS-Base = 5 cm, LPA = 20 cm, LPB = 20 cm, Bahu Beton = 1 m"|"Meter"|3333000|"Belanja Modal Jalan Kabupaten"||HRS-Base|3|5
asb_0784|784|"Jalan Kabupaten"|"1.3.04.01.01.0003"|"Jalan Tipe E52"|"Lebar = 3,5 m, HRS-Base = 5 cm, LPA = 10 cm, LPB = 10 cm, Bahu Beton = 1m"|"Meter"|2747000|"Belanja Modal Jalan Kabupaten"||HRS-Base|3.5|5
asb_0785|785|"Jalan Kabupaten"|"1.3.04.01.01.0003"|"Jalan Tipe E53"|"Lebar = 3,5 m, HRS-Base = 5 cm, LPA = 10 cm, LPB = 15 cm, Bahu Beton = 1m"|"Meter"|2978000|"Belanja Modal Jalan Kabupaten"||HRS-Base|3.5|5
asb_0786|786|"Jalan Kabupaten"|"1.3.04.01.01.0003"|"Jalan Tipe E54"|"Lebar = 3,5 m, HRS-Base = 5 cm, LPA = 15 cm, LPB = 15 cm, Bahu Beton = 1m"|"Meter"|3232000|"Belanja Modal Jalan Kabupaten"||HRS-Base|3.5|5
asb_0787|787|"Jalan Kabupaten"|"1.3.04.01.01.0003"|"Jalan Tipe E55"|"Lebar = 3,5 m, HRS-Base = 5 cm, LPA = 10 cm, LPB = 20 cm, Bahu Beton = 1m"|"Meter"|3208000|"Belanja Modal Jalan Kabupaten"||HRS-Base|3.5|5
asb_0788|788|"Jalan Kabupaten"|"1.3.04.01.01.0003"|"Jalan Tipe E56"|"Lebar = 3,5 m, HRS-Base = 5 cm, LPA = 15 cm, LPB = 20 cm, Bahu Beton = 1m"|"Meter"|3463000|"Belanja Modal Jalan Kabupaten"||HRS-Base|3.5|5
asb_0789|789|"Jalan Kabupaten"|"1.3.04.01.01.0003"|"Jalan Tipe E57"|"Lebar = 3,5 m, HRS-Base = 5 cm, LPA = 20 cm, LPB = 20 cm, Bahu Beton = 1m"|"Meter"|3717000|"Belanja Modal Jalan Kabupaten"||HRS-Base|3.5|5
asb_0790|790|"Jalan Kabupaten"|"1.3.04.01.01.0003"|"Jalan Tipe E58"|"Lebar = 4 m, HRS-Base = 5 cm, LPA = 10 cm, LPB = 10 cm, Bahu Beton = 1m"|"Meter"|3024000|"Belanja Modal Jalan Kabupaten"||HRS-Base|4|5
asb_0791|791|"Jalan Kabupaten"|"1.3.04.01.01.0003"|"Jalan Tipe E59"|"Lebar = 4 m, HRS-Base = 5 cm, LPA = 10 cm, LPB = 15 cm, Bahu Beton = 1m"|"Meter"|3280000|"Belanja Modal Jalan Kabupaten"||HRS-Base|4|5
asb_0792|792|"Jalan Kabupaten"|"1.3.04.01.01.0003"|"Jalan Tipe E60"|"Lebar = 4 m, HRS-Base = 5 cm, LPA = 15 cm, LPB = 15 cm, Bahu Beton = 1m"|"Meter"|3563000|"Belanja Modal Jalan Kabupaten"||HRS-Base|4|5
asb_0793|793|"Jalan Kabupaten"|"1.3.04.01.01.0003"|"Jalan Tipe E61"|"Lebar = 4 m, HRS-Base = 5 cm, LPA = 10 cm, LPB = 20 cm, Bahu Beton = 1m"|"Meter"|3536000|"Belanja Modal Jalan Kabupaten"||HRS-Base|4|5
asb_0794|794|"Jalan Kabupaten"|"1.3.04.01.01.0003"|"Jalan Tipe E62"|"Lebar = 4 m, HRS-Base = 5 cm, LPA = 15 cm, LPB = 20 cm, Bahu Beton = 1m"|"Meter"|3818000|"Belanja Modal Jalan Kabupaten"||HRS-Base|4|5
asb_0795|795|"Jalan Kabupaten"|"1.3.04.01.01.0003"|"Jalan Tipe E63"|"Lebar = 4 m, HRS-Base = 5 cm, LPA = 20 cm, LPB = 20 cm, Bahu Beton = 1m"|"Meter"|4101000|"Belanja Modal Jalan Kabupaten"||HRS-Base|4|5
asb_0796|796|"Jalan Kabupaten"|"1.3.04.01.01.0003"|"Jalan Tipe E64"|"Lebar = 4,5 m, HRS-Base = 5 cm, LPA = 10 cm, LPB = 10 cm, Bahu Beton = 1 m"|"Meter"|3300000|"Belanja Modal Jalan Kabupaten"||HRS-Base|4.5|5
asb_0797|797|"Jalan Kabupaten"|"1.3.04.01.01.0003"|"Jalan Tipe E65"|"Lebar = 4,5 m, HRS-Base = 5 cm, LPA = 10 cm, LPB = 15 cm, Bahu Beton = 1 m"|"Meter"|3581000|"Belanja Modal Jalan Kabupaten"||HRS-Base|4.5|5
asb_0798|798|"Jalan Kabupaten"|"1.3.04.01.01.0003"|"Jalan Tipe E66"|"Lebar = 4,5 m, HRS-Base = 5 cm, LPA = 15 cm, LPB = 15 cm, Bahu Beton = 1 m"|"Meter"|3893000|"Belanja Modal Jalan Kabupaten"||HRS-Base|4.5|5
asb_0799|799|"Jalan Kabupaten"|"1.3.04.01.01.0003"|"Jalan Tipe E67"|"Lebar = 4,5 m, HRS-Base = 5 cm, LPA = 10 cm, LPB = 20 cm, Bahu Beton = 1 m"|"Meter"|3864000|"Belanja Modal Jalan Kabupaten"||HRS-Base|4.5|5
asb_0800|800|"Jalan Kabupaten"|"1.3.04.01.01.0003"|"Jalan Tipe E68"|"Lebar = 4,5 m, HRS-Base = 5 cm, LPA = 15 cm, LPB = 20 cm, Bahu Beton = 1 m"|"Meter"|4175000|"Belanja Modal Jalan Kabupaten"||HRS-Base|4.5|5
asb_0801|801|"Jalan Kabupaten"|"1.3.04.01.01.0003"|"Jalan Tipe E69"|"Lebar = 4,5 m, HRS-Base = 5 cm, LPA = 20 cm, LPB = 20 cm, Bahu Beton = 1 m"|"Meter"|4486000|"Belanja Modal Jalan Kabupaten"||HRS-Base|4.5|5
asb_0802|802|"Jalan Kabupaten"|"1.3.04.01.01.0003"|"Jalan Tipe E70"|"Lebar = 5 m, HRS-Base = 5 cm, LPA = 10 cm, LPB = 10 cm, Bahu Beton = 1 m"|"Meter"|3576000|"Belanja Modal Jalan Kabupaten"||HRS-Base|5|5
asb_0803|803|"Jalan Kabupaten"|"1.3.04.01.01.0003"|"Jalan Tipe E71"|"Lebar = 5 m, HRS-Base = 5 cm, LPA = 10 cm, LPB = 15 cm, Bahu Beton = 1 m"|"Meter"|3883000|"Belanja Modal Jalan Kabupaten"||HRS-Base|5|5
asb_0804|804|"Jalan Kabupaten"|"1.3.04.01.01.0003"|"Jalan Tipe E72"|"Lebar = 5 m, HRS-Base = 5 cm, LPA = 15 cm, LPB = 15 cm, Bahu Beton = 1 m"|"Meter"|4223000|"Belanja Modal Jalan Kabupaten"||HRS-Base|5|5
asb_0805|805|"Jalan Kabupaten"|"1.3.04.01.01.0003"|"Jalan Tipe E73"|"Lebar = 5 m, HRS-Base = 5 cm, LPA = 10 cm, LPB = 20 cm, Bahu Beton = 1 m"|"Meter"|4190000|"Belanja Modal Jalan Kabupaten"||HRS-Base|5|5
asb_0806|806|"Jalan Kabupaten"|"1.3.04.01.01.0003"|"Jalan Tipe E74"|"Lebar = 5 m, HRS-Base = 5 cm, LPA = 15 cm, LPB = 20 cm, Bahu Beton = 1 m"|"Meter"|4530000|"Belanja Modal Jalan Kabupaten"||HRS-Base|5|5
asb_0807|807|"Jalan Kabupaten"|"1.3.04.01.01.0003"|"Jalan Tipe E75"|"Lebar = 5 m, HRS-Base = 5 cm, LPA = 20 cm, LPB = 20 cm, Bahu Beton = 1 m"|"Meter"|4870000|"Belanja Modal Jalan Kabupaten"||HRS-Base|5|5
asb_0808|808|"Jalan Kabupaten"|"1.3.04.01.01.0003"|"Jalan Tipe E76"|"Lebar = 3 m, HRS-WC = 5 cm, LPA = 10 cm, LPB = 10 cm, Bahu Beton = 1 m"|"Meter"|2494000|"Belanja Modal Jalan Kabupaten"||HRS-WC|3|5
asb_0809|809|"Jalan Kabupaten"|"1.3.04.01.01.0003"|"Jalan Tipe E77"|"Lebar = 3 m, HRS-WC = 5 cm, LPA = 10 cm, LPB = 15 cm, Bahu Beton = 1 m"|"Meter"|2699000|"Belanja Modal Jalan Kabupaten"||HRS-WC|3|5
asb_0810|810|"Jalan Kabupaten"|"1.3.04.01.01.0003"|"Jalan Tipe E78"|"Lebar = 3 m, HRS-WC = 5 cm, LPA = 15 cm, LPB = 15 cm, Bahu Beton = 1 m"|"Meter"|2925000|"Belanja Modal Jalan Kabupaten"||HRS-WC|3|5
asb_0811|811|"Jalan Kabupaten"|"1.3.04.01.01.0003"|"Jalan Tipe E79"|"Lebar = 3 m, HRS-WC = 5 cm, LPA = 10 cm, LPB = 20 cm, Bahu Beton = 1 m"|"Meter"|2904000|"Belanja Modal Jalan Kabupaten"||HRS-WC|3|5
asb_0812|812|"Jalan Kabupaten"|"1.3.04.01.01.0003"|"Jalan Tipe E80"|"Lebar = 3 m, HRS-WC = 5 cm, LPA = 15 cm, LPB = 20 cm, Bahu Beton = 1 m"|"Meter"|3130000|"Belanja Modal Jalan Kabupaten"||HRS-WC|3|5
asb_0813|813|"Jalan Kabupaten"|"1.3.04.01.01.0003"|"Jalan Tipe E81"|"Lebar = 3 m, HRS-WC = 5 cm, LPA = 20 cm, LPB = 20 cm, Bahu Beton = 1 m"|"Meter"|3357000|"Belanja Modal Jalan Kabupaten"||HRS-WC|3|5
asb_0814|814|"Jalan Kabupaten"|"1.3.04.01.01.0003"|"Jalan Tipe E82"|"Lebar = 3,5 m, HRS-WC = 5 cm, LPA = 10 cm, LPB = 10 cm, Bahu Beton = 1m"|"Meter"|2774000|"Belanja Modal Jalan Kabupaten"||HRS-WC|3.5|5
asb_0815|815|"Jalan Kabupaten"|"1.3.04.01.01.0003"|"Jalan Tipe E83"|"Lebar = 3,5 m, HRS-WC = 5 cm, LPA = 10 cm, LPB = 15 cm, Bahu Beton = 1m"|"Meter"|3005000|"Belanja Modal Jalan Kabupaten"||HRS-WC|3.5|5
asb_0816|816|"Jalan Kabupaten"|"1.3.04.01.01.0003"|"Jalan Tipe E84"|"Lebar = 3,5 m, HRS-WC = 5 cm, LPA = 15 cm, LPB = 15 cm, Bahu Beton = 1m"|"Meter"|3259000|"Belanja Modal Jalan Kabupaten"||HRS-WC|3.5|5
asb_0817|817|"Jalan Kabupaten"|"1.3.04.01.01.0003"|"Jalan Tipe E85"|"Lebar = 3,5 m, HRS-WC = 5 cm, LPA = 10 cm, LPB = 20 cm, Bahu Beton = 1m"|"Meter"|3234000|"Belanja Modal Jalan Kabupaten"||HRS-WC|3.5|5
asb_0818|818|"Jalan Kabupaten"|"1.3.04.01.01.0003"|"Jalan Tipe E86"|"Lebar = 3,5 m, HRS-WC = 5 cm, LPA = 15 cm, LPB = 20 cm, Bahu Beton = 1m"|"Meter"|3490000|"Belanja Modal Jalan Kabupaten"||HRS-WC|3.5|5
asb_0819|819|"Jalan Kabupaten"|"1.3.04.01.01.0003"|"Jalan Tipe E87"|"Lebar = 3,5 m, HRS-WC = 5 cm, LPA = 20 cm, LPB = 20 cm, Bahu Beton = 1m"|"Meter"|3744000|"Belanja Modal Jalan Kabupaten"||HRS-WC|3.5|5
asb_0820|820|"Jalan Kabupaten"|"1.3.04.01.01.0003"|"Jalan Tipe E88"|"Lebar = 4 m, HRS-WC = 5 cm, LPA = 10 cm, LPB = 10 cm, Bahu Beton = 1m"|"Meter"|3054000|"Belanja Modal Jalan Kabupaten"||HRS-WC|4|5
asb_0821|821|"Jalan Kabupaten"|"1.3.04.01.01.0003"|"Jalan Tipe E89"|"Lebar = 4 m, HRS-WC = 5 cm, LPA = 10 cm, LPB = 15 cm, Bahu Beton = 1m"|"Meter"|3310000|"Belanja Modal Jalan Kabupaten"||HRS-WC|4|5
asb_0822|822|"Jalan Kabupaten"|"1.3.04.01.01.0003"|"Jalan Tipe E90"|"Lebar = 4 m, HRS-WC = 5 cm, LPA = 15 cm, LPB = 15 cm, Bahu Beton = 1m"|"Meter"|3594000|"Belanja Modal Jalan Kabupaten"||HRS-WC|4|5
asb_0823|823|"Jalan Kabupaten"|"1.3.04.01.01.0003"|"Jalan Tipe E91"|"Lebar = 4 m, HRS-WC = 5 cm, LPA = 10 cm, LPB = 20 cm, Bahu Beton = 1m"|"Meter"|3566000|"Belanja Modal Jalan Kabupaten"||HRS-WC|4|5
asb_0824|824|"Jalan Kabupaten"|"1.3.04.01.01.0003"|"Jalan Tipe E92"|"Lebar = 4 m, HRS-WC = 5 cm, LPA = 15 cm, LPB = 20 cm, Bahu Beton = 1m"|"Meter"|3849000|"Belanja Modal Jalan Kabupaten"||HRS-WC|4|5
asb_0825|825|"Jalan Kabupaten"|"1.3.04.01.01.0003"|"Jalan Tipe E93"|"Lebar = 4 m, HRS-WC = 5 cm, LPA = 20 cm, LPB = 20 cm, Bahu Beton = 1m"|"Meter"|4132000|"Belanja Modal Jalan Kabupaten"||HRS-WC|4|5
asb_0826|826|"Jalan Kabupaten"|"1.3.04.01.01.0003"|"Jalan Tipe E94"|"Lebar = 4,5 m, HRS-WC = 5 cm, LPA = 10 cm, LPB = 10 cm, Bahu Beton = 1 m"|"Meter"|3334000|"Belanja Modal Jalan Kabupaten"||HRS-WC|4.5|5
asb_0827|827|"Jalan Kabupaten"|"1.3.04.01.01.0003"|"Jalan Tipe E95"|"Lebar = 4,5 m, HRS-WC = 5 cm, LPA = 10 cm, LPB = 15 cm, Bahu Beton = 1 m"|"Meter"|3616000|"Belanja Modal Jalan Kabupaten"||HRS-WC|4.5|5
asb_0828|828|"Jalan Kabupaten"|"1.3.04.01.01.0003"|"Jalan Tipe E96"|"Lebar = 4,5 m, HRS-WC = 5 cm, LPA = 15 cm, LPB = 15 cm, Bahu Beton = 1 m"|"Meter"|3927000|"Belanja Modal Jalan Kabupaten"||HRS-WC|4.5|5
asb_0829|829|"Jalan Kabupaten"|"1.3.04.01.01.0003"|"Jalan Tipe E97"|"Lebar = 4,5 m, HRS-WC = 5 cm, LPA = 10 cm, LPB = 20 cm, Bahu Beton = 1 m"|"Meter"|3898000|"Belanja Modal Jalan Kabupaten"||HRS-WC|4.5|5
asb_0830|830|"Jalan Kabupaten"|"1.3.04.01.01.0003"|"Jalan Tipe E98"|"Lebar = 4,5 m, HRS-WC = 5 cm, LPA = 15 cm, LPB = 20 cm, Bahu Beton = 1 m"|"Meter"|4209000|"Belanja Modal Jalan Kabupaten"||HRS-WC|4.5|5
asb_0831|831|"Jalan Kabupaten"|"1.3.04.01.01.0003"|"Jalan Tipe E99"|"Lebar = 4,5 m, HRS-WC = 5 cm, LPA = 20 cm, LPB = 20 cm, Bahu Beton = 1 m"|"Meter"|4521000|"Belanja Modal Jalan Kabupaten"||HRS-WC|4.5|5
asb_0832|832|"Jalan Kabupaten"|"1.3.04.01.01.0003"|"Jalan Tipe E100"|"Lebar = 5 m, HRS-WC = 5 cm, LPA = 10 cm, LPB = 10 cm, Bahu Beton = 1 m"|"Meter"|3614000|"Belanja Modal Jalan Kabupaten"||HRS-WC|5|5
asb_0833|833|"Jalan Kabupaten"|"1.3.04.01.01.0003"|"Jalan Tipe E101"|"Lebar = 5 m, HRS-WC = 5 cm, LPA = 10 cm, LPB = 15 cm, Bahu Beton = 1 m"|"Meter"|3922000|"Belanja Modal Jalan Kabupaten"||HRS-WC|5|5
asb_0834|834|"Jalan Kabupaten"|"1.3.04.01.01.0003"|"Jalan Tipe E102"|"Lebar = 5 m, HRS-WC = 5 cm, LPA = 15 cm, LPB = 15 cm, Bahu Beton = 1 m"|"Meter"|4261000|"Belanja Modal Jalan Kabupaten"||HRS-WC|5|5
asb_0835|835|"Jalan Kabupaten"|"1.3.04.01.01.0003"|"Jalan Tipe E103"|"Lebar = 5 m, HRS-WC = 5 cm, LPA = 10 cm, LPB = 20 cm, Bahu Beton = 1 m"|"Meter"|4229000|"Belanja Modal Jalan Kabupaten"||HRS-WC|5|5
asb_0836|836|"Jalan Kabupaten"|"1.3.04.01.01.0003"|"Jalan Tipe E104"|"Lebar = 5 m, HRS-WC = 5 cm, LPA = 15 cm, LPB = 20 cm, Bahu Beton = 1 m"|"Meter"|4568000|"Belanja Modal Jalan Kabupaten"||HRS-WC|5|5
asb_0837|837|"Jalan Kabupaten"|"1.3.04.01.01.0003"|"Jalan Tipe E105"|"Lebar = 5 m, HRS-WC = 5 cm, LPA = 20 cm, LPB = 20 cm, Bahu Beton = 1 m"|"Meter"|4908000|"Belanja Modal Jalan Kabupaten"||HRS-WC|5|5
asb_0838|838|"Jalan Kabupaten"|"1.3.04.01.01.0003"|"Jalan Tipe F1"|"Lebar = 3 m, HRS-Base = 5 cm, LPA = 15 cm, LPB = 20 cm, Timbunan Pilihan dari Sumber Galian = 30 cm, Pasangan Batu, dan Bahu Beton"|"Meter"|4722000|"Belanja Modal Jalan Kabupaten"||HRS-Base|3|5
asb_0839|839|"Jalan Kabupaten"|"1.3.04.01.01.0003"|"Jalan Tipe F2"|"Lebar = 3 m, HRS-Base = 5 cm, LPA = 15 cm, LPB = 20 cm, Timbunan Pilihan dari Sumber Galian = 30 cm, Pasangan Batu, dan Bahu Beton"|"Meter"|5033000|"Belanja Modal Jalan Kabupaten"||HRS-Base|3|5
asb_0840|840|"Jalan Kabupaten"|"1.3.04.01.01.0003"|"Jalan Tipe F3"|"Lebar = 3 m, HRS-WC = 5 cm, LPA = 15 cm, LPB = 20 cm, Timbunan Pilihan dari Sumber Galian = 30 cm, Pasangan Batu, dan Bahu Beton"|"Meter"|4744000|"Belanja Modal Jalan Kabupaten"||HRS-WC|3|5
asb_0841|841|"Jalan Kabupaten"|"1.3.04.01.01.0003"|"Jalan Tipe F4"|"Lebar = 3 m, HRS-WC = 5 cm, LPA = 15 cm, LPB = 20 cm, Timbunan Pilihan dari Sumber Galian = 30 cm, Pasangan Batu, dan Bahu Beton"|"Meter"|5282000|"Belanja Modal Jalan Kabupaten"||HRS-WC|3|5
asb_0842|842|"Jalan Kabupaten"|"1.3.04.01.01.0003"|"Jalan Tipe F5"|"Lebar = 4 m, HRS-Base = 5 cm, LPA = 15 cm, LPB = 20 cm, Timbunan Pilihan dari Sumber Galian = 30 cm, Pasangan Batu, dan Bahu Beton"|"Meter"|5238000|"Belanja Modal Jalan Kabupaten"||HRS-Base|4|5
asb_0843|843|"Jalan Kabupaten"|"1.3.04.01.01.0003"|"Jalan Tipe F6"|"Lebar = 4 m, HRS-Base = 5 cm, LPA = 15 cm, LPB = 20 cm, Timbunan Pilihan dari Sumber Galian = 30 cm, Pasangan Batu, dan Bahu Beton"|"Meter"|5776000|"Belanja Modal Jalan Kabupaten"||HRS-Base|4|5
asb_0844|844|"Jalan Kabupaten"|"1.3.04.01.01.0003"|"Jalan Tipe F7"|"Lebar = 4 m, HRS-WC = 5 cm, LPA = 15 cm, LPB = 20 cm, Timbunan Pilihan dari Sumber Galian = 30 cm, Pasangan Batu, dan Bahu Beton"|"Meter"|5238000|"Belanja Modal Jalan Kabupaten"||HRS-WC|4|5
asb_0845|845|"Jalan Kabupaten"|"1.3.04.01.01.0003"|"Jalan Tipe F8"|"Lebar = 4 m, HRS-WC = 5 cm, LPA = 15 cm, LPB = 20 cm, Timbunan Pilihan dari Sumber Galian = 30 cm, Pasangan Batu, dan Bahu Beton"|"Meter"|5776000|"Belanja Modal Jalan Kabupaten"||HRS-WC|4|5
asb_0846|846|"Jalan Kabupaten"|"1.3.04.01.01.0003"|"Jalan Tipe G1"|"Jalan Cor Beton Lebar = 1 m, Tebal = 15 cm (fc'15 Mpa)"|"Meter"|410000|"Belanja Modal Jalan Kabupaten"||Rigid|1|15
asb_0847|847|"Jalan Kabupaten"|"1.3.04.01.01.0003"|"Jalan Tipe G2"|"Jalan Cor Beton Lebar = 1,5 m, Tebal = 15 cm (fc'15 Mpa)"|"Meter"|600000|"Belanja Modal Jalan Kabupaten"||Rigid|1.5|15
asb_0848|848|"Jalan Kabupaten"|"1.3.04.01.01.0003"|"Jalan Tipe G3"|"Jalan Cor Beton Lebar = 2 m, Tebal = 15 cm (fc'15 Mpa)"|"Meter"|791000|"Belanja Modal Jalan Kabupaten"||Rigid|2|15
asb_0849|849|"Jalan Kabupaten"|"1.3.04.01.01.0003"|"Jalan Tipe G4"|"Jalan Cor Beton Lebar = 2,5 m, Tebal = 15 cm (fc'15 Mpa)"|"Meter"|983000|"Belanja Modal Jalan Kabupaten"||Rigid|2.5|15
asb_0850|850|"Jalan Kabupaten"|"1.3.04.01.01.0003"|"Jalan Tipe G5"|"Jalan Cor Beton Lebar = 3 m, Tebal = 15 cm (fc'15 Mpa)"|"Meter"|1173000|"Belanja Modal Jalan Kabupaten"||Rigid|3|15
asb_0851|851|"Jalan Kabupaten"|"1.3.04.01.01.0003"|"Jalan Tipe G6"|"Jalan Cor Beton Lebar = 1 m, Tebal = 20 cm (fc'15 Mpa)"|"Meter"|537000|"Belanja Modal Jalan Kabupaten"||Rigid|1|20
asb_0852|852|"Jalan Kabupaten"|"1.3.04.01.01.0003"|"Jalan Tipe G7"|"Jalan Cor Beton Lebar = 1,5 m, Tebal = 20 cm (fc'15 Mpa)"|"Meter"|791000|"Belanja Modal Jalan Kabupaten"||Rigid|1.5|20
asb_0853|853|"Jalan Kabupaten"|"1.3.04.01.01.0003"|"Jalan Tipe G8"|"Jalan Cor Beton Lebar = 2 m, Tebal = 20 cm (fc'15 Mpa)"|"Meter"|1046000|"Belanja Modal Jalan Kabupaten"||Rigid|2|20
asb_0854|854|"Jalan Kabupaten"|"1.3.04.01.01.0003"|"Jalan Tipe G9"|"Jalan Cor Beton Lebar = 2,5 m, Tebal = 20 cm (fc'15 Mpa)"|"Meter"|1301000|"Belanja Modal Jalan Kabupaten"||Rigid|2.5|20
asb_0855|855|"Jalan Kabupaten"|"1.3.04.01.01.0003"|"Jalan Tipe G10"|"Jalan Cor Beton Lebar = 3 m, Tebal = 20 cm (fc'15 Mpa)"|"Meter"|1555000|"Belanja Modal Jalan Kabupaten"||Rigid|3|20
asb_0856|856|"Jalan Kabupaten"|"1.3.04.01.01.0003"|"Jalan Tipe G11"|"Jalan Cor Beton Lebar = 1 m, Tebal = 15 cm (fc'20 Mpa)"|"Meter"|430000|"Belanja Modal Jalan Kabupaten"||Rigid|1|15
asb_0857|857|"Jalan Kabupaten"|"1.3.04.01.01.0003"|"Jalan Tipe G12"|"Jalan Cor Beton Lebar = 1,5 m, Tebal = 15 cm (fc'20 Mpa)"|"Meter"|631000|"Belanja Modal Jalan Kabupaten"||Rigid|1.5|15
asb_0858|858|"Jalan Kabupaten"|"1.3.04.01.01.0003"|"Jalan Tipe G13"|"Jalan Cor Beton Lebar = 2 m, Tebal = 15 cm (fc'20 Mpa)"|"Meter"|833000|"Belanja Modal Jalan Kabupaten"||Rigid|2|15
asb_0859|859|"Jalan Kabupaten"|"1.3.04.01.01.0003"|"Jalan Tipe G14"|"Jalan Cor Beton Lebar = 2,5 m, Tebal = 15 cm (fc'20 Mpa)"|"Meter"|1035000|"Belanja Modal Jalan Kabupaten"||Rigid|2.5|15
asb_0860|860|"Jalan Kabupaten"|"1.3.04.01.01.0003"|"Jalan Tipe G15"|"Jalan Cor Beton Lebar = 3 m, Tebal = 15 cm (fc'20 Mpa)"|"Meter"|1237000|"Belanja Modal Jalan Kabupaten"||Rigid|3|15
asb_0861|861|"Jalan Kabupaten"|"1.3.04.01.01.0003"|"Jalan Tipe G16"|"Jalan Cor Beton Lebar = 1 m, Tebal = 20 cm (fc'20 Mpa)"|"Meter"|564000|"Belanja Modal Jalan Kabupaten"||Rigid|1|20
asb_0862|862|"Jalan Kabupaten"|"1.3.04.01.01.0003"|"Jalan Tipe G17"|"Jalan Cor Beton Lebar = 1,5 m, Tebal = 20 cm (fc'20 Mpa)"|"Meter"|833000|"Belanja Modal Jalan Kabupaten"||Rigid|1.5|20
asb_0863|863|"Jalan Kabupaten"|"1.3.04.01.01.0003"|"Jalan Tipe G18"|"Jalan Cor Beton Lebar = 2 m, Tebal = 20 cm (fc'20 Mpa)"|"Meter"|1102000|"Belanja Modal Jalan Kabupaten"||Rigid|2|20
asb_0864|864|"Jalan Kabupaten"|"1.3.04.01.01.0003"|"Jalan Tipe G19"|"Jalan Cor Beton Lebar = 2,5 m, Tebal = 20 cm (fc'20 Mpa)"|"Meter"|1371000|"Belanja Modal Jalan Kabupaten"||Rigid|2.5|20
asb_0865|865|"Jalan Kabupaten"|"1.3.04.01.01.0003"|"Jalan Tipe G20"|"Jalan Cor Beton Lebar = 3 m, Tebal = 20 cm (fc'20 Mpa)"|"Meter"|1640000|"Belanja Modal Jalan Kabupaten"||Rigid|3|20
asb_0866|866|"Jalan Kabupaten"|"1.3.04.01.01.0003"|"Jalan Tipe H1"|"Siring Pasangan Batu Tinggi 0,3 m s.d 0,5 m"|"Meter"|461000|"Belanja Modal Jalan Kabupaten"||||
asb_0867|867|"Jalan Kabupaten"|"1.3.04.01.01.0003"|"Jalan Tipe H2"|"Siring Pasangan Batu Tinggi 0,3 m s.d 0,5 m dengan Fondasi Cerucuk Galam"|"Meter"|654000|"Belanja Modal Jalan Kabupaten"||||
asb_0868|868|"Jalan Kabupaten"|"1.3.04.01.01.0003"|"Jalan Tipe H3"|"Siring Pasangan Batu Tinggi 0,6 m s.d 1,0 m"|"Meter"|1143000|"Belanja Modal Jalan Kabupaten"||||
asb_0869|869|"Jalan Kabupaten"|"1.3.04.01.01.0003"|"Jalan Tipe H4"|"Siring Pasangan Batu Tinggi 0,6 m s.d 1,0 m dengan Fondasi Cerucuk Galam"|"Meter"|1337000|"Belanja Modal Jalan Kabupaten"||||
asb_0870|870|"Jalan Kabupaten"|"1.3.04.01.01.0003"|"Jalan Tipe H5"|"Siring Pasangan Batu Tinggi 1,1 m s.d 1,5 m"|"Meter"|2078000|"Belanja Modal Jalan Kabupaten"||||
asb_0871|871|"Jalan Kabupaten"|"1.3.04.01.01.0003"|"Jalan Tipe H6"|"Siring Pasangan Batu Tinggi 1,1 m s.d 1,5 m dengan Fondasi Cerucuk Galam"|"Meter"|2270000|"Belanja Modal Jalan Kabupaten"||||
asb_0872|872|"Jalan Kabupaten"|"1.3.04.01.01.0003"|"Jalan Tipe H7"|"Siring Pasangan Batu Tinggi 1,5 m s.d 2 m"|"Meter"|3430000|"Belanja Modal Jalan Kabupaten"||||
asb_0873|873|"Jalan Kabupaten"|"1.3.04.01.01.0003"|"Jalan Tipe H8"|"Siring Pasangan Batu Tinggi 1,5 m s.d 2 m dengan Fondasi Cerucuk Galam"|"Meter"|3624000|"Belanja Modal Jalan Kabupaten"||||
asb_0874|874|"Jalan Kabupaten"|"1.3.04.01.01.0003"|"Jalan Tipe H9"|"Drainase Pasangan Batu Tinggi = 1 m"|"Meter"|1297000|"Belanja Modal Jalan Kabupaten"||||
asb_0875|875|"Jalan Kabupaten"|"1.3.04.01.01.0003"|"Jalan Tipe I1"|"Bronjong Tinggi 3 m"|"Meter"|11523000|"Belanja Modal Jalan Kabupaten"||||
asb_0876|876|"Jalan Kabupaten"|"1.3.04.01.01.0003"|"Jalan Tipe I2"|"Bronjong Tinggi 4 m"|"Meter"|13918000|"Belanja Modal Jalan Kabupaten"||||
asb_0877|877|"Jalan Kabupaten"|"1.3.04.01.01.0003"|"Jalan Tipe I3"|"Bronjong Tinggi 5 m"|"Meter"|17904000|"Belanja Modal Jalan Kabupaten"||||
asb_0878|878|"Jalan Kabupaten"|"1.3.04.01.01.0003"|"Jalan Tipe I4"|"Bronjong Tinggi 6 m"|"Meter"|22154000|"Belanja Modal Jalan Kabupaten"||||
asb_0879|879|"Jalan Kabupaten"|"1.3.04.01.01.0003"|"Jalan Tipe J1"|"Slab Culvert Panjang = 1,5 m"|"Meter"|17479000|"Belanja Modal Jalan Kabupaten"||||
asb_0880|880|"Jalan Kabupaten"|"1.3.04.01.01.0003"|"Jalan Tipe K1"|"Timbunan Pilihan dari Sumber Galian Lebar = 3 m, Tebal = 0,3 m"|"Meter"|1154000|"Belanja Modal Jalan Kabupaten"|||3|
asb_0881|881|"Jalan Kabupaten"|"1.3.04.01.01.0003"|"Jalan Tipe K2"|"Timbunan Pilihan dari Sumber Galian Lebar = 3 m, Tebal = 0,5 m"|"Meter"|1649000|"Belanja Modal Jalan Kabupaten"|||3|
asb_0882|882|"Jalan Kabupaten"|"1.3.04.01.01.0003"|"Jalan Tipe K3"|"Timbunan Pilihan dari Sumber Galian Lebar = 3 m, Tebal = 0,7 m"|"Meter"|2144000|"Belanja Modal Jalan Kabupaten"|||3|
asb_0883|883|"Jalan Kabupaten"|"1.3.04.01.01.0003"|"Jalan Tipe K4"|"Timbunan Pilihan dari Sumber Galian Lebar = 3 m, Tebal = 1 m"|"Meter"|2887000|"Belanja Modal Jalan Kabupaten"|||3|
asb_0884|884|"Jalan Kabupaten"|"1.3.04.01.01.0003"|"Jalan Tipe K5"|"Timbunan Pilihan dari Sumber Galian Lebar = 3 m, Tebal = 1,2 m"|"Meter"|3383000|"Belanja Modal Jalan Kabupaten"|||3|
asb_0885|885|"Jalan Kabupaten"|"1.3.04.01.01.0003"|"Jalan Tipe K6"|"Timbunan Pilihan dari Sumber Galian Lebar = 3,5 m, Tebal = 0,3 m"|"Meter"|1323000|"Belanja Modal Jalan Kabupaten"|||3.5|
asb_0886|886|"Jalan Kabupaten"|"1.3.04.01.01.0003"|"Jalan Tipe K7"|"Timbunan Pilihan dari Sumber Galian Lebar = 3,5 m, Tebal = 0,5 m"|"Meter"|1900000|"Belanja Modal Jalan Kabupaten"|||3.5|
asb_0887|887|"Jalan Kabupaten"|"1.3.04.01.01.0003"|"Jalan Tipe K8"|"Timbunan Pilihan dari Sumber Galian Lebar = 3,5 m, Tebal = 0,7 m"|"Meter"|2478000|"Belanja Modal Jalan Kabupaten"|||3.5|
asb_0888|888|"Jalan Kabupaten"|"1.3.04.01.01.0003"|"Jalan Tipe K9"|"Timbunan Pilihan dari Sumber Galian Lebar = 3,5 m, Tebal = 1 m"|"Meter"|3345000|"Belanja Modal Jalan Kabupaten"|||3.5|
asb_0889|889|"Jalan Kabupaten"|"1.3.04.01.01.0003"|"Jalan Tipe K10"|"Timbunan Pilihan dari Sumber Galian Lebar = 3,5 m, Tebal = 1,2 m"|"Meter"|3924000|"Belanja Modal Jalan Kabupaten"|||3.5|
asb_0890|890|"Jalan Kabupaten"|"1.3.04.01.01.0003"|"Jalan Tipe K11"|"Timbunan Pilihan dari Sumber Galian Lebar = 4 m, Tebal = 0,3 m"|"Meter"|1491000|"Belanja Modal Jalan Kabupaten"|||4|
asb_0891|891|"Jalan Kabupaten"|"1.3.04.01.01.0003"|"Jalan Tipe K12"|"Timbunan Pilihan dari Sumber Galian Lebar = 4 m, Tebal = 0,5 m"|"Meter"|2153000|"Belanja Modal Jalan Kabupaten"|||4|
asb_0892|892|"Jalan Kabupaten"|"1.3.04.01.01.0003"|"Jalan Tipe K13"|"Timbunan Pilihan dari Sumber Galian Lebar = 4 m, Tebal = 0,7 m"|"Meter"|2813000|"Belanja Modal Jalan Kabupaten"|||4|
asb_0893|893|"Jalan Kabupaten"|"1.3.04.01.01.0003"|"Jalan Tipe K14"|"Timbunan Pilihan dari Sumber Galian Lebar = 4 m, Tebal = 1 m"|"Meter"|3804000|"Belanja Modal Jalan Kabupaten"|||4|
asb_0894|894|"Jalan Kabupaten"|"1.3.04.01.01.0003"|"Jalan Tipe K15"|"Timbunan Pilihan dari Sumber Galian Lebar = 4 m, Tebal = 1,2 m"|"Meter"|4465000|"Belanja Modal Jalan Kabupaten"|||4|
asb_0895|895|"Jalan Kabupaten"|"1.3.04.01.01.0003"|"Jalan Tipe K16"|"Timbunan Pilihan dari Sumber Galian Lebar = 4,5 m, Tebal = 0,3 m"|"Meter"|1661000|"Belanja Modal Jalan Kabupaten"|||4.5|
asb_0896|896|"Jalan Kabupaten"|"1.3.04.01.01.0003"|"Jalan Tipe K17"|"Timbunan Pilihan dari Sumber Galian Lebar = 4,5 m, Tebal = 0,5 m"|"Meter"|2404000|"Belanja Modal Jalan Kabupaten"|||4.5|
asb_0897|897|"Jalan Kabupaten"|"1.3.04.01.01.0003"|"Jalan Tipe K18"|"Timbunan Pilihan dari Sumber Galian Lebar = 4,5 m, Tebal = 0,7 m"|"Meter"|3148000|"Belanja Modal Jalan Kabupaten"|||4.5|
asb_0898|898|"Jalan Kabupaten"|"1.3.04.01.01.0003"|"Jalan Tipe K19"|"Timbunan Pilihan dari Sumber Galian Lebar = 4,5 m, Tebal = 1 m"|"Meter"|4262000|"Belanja Modal Jalan Kabupaten"|||4.5|
asb_0899|899|"Jalan Kabupaten"|"1.3.04.01.01.0003"|"Jalan Tipe K20"|"Timbunan Pilihan dari Sumber Galian Lebar = 4,5 m, Tebal = 1,2 m"|"Meter"|5006000|"Belanja Modal Jalan Kabupaten"|||4.5|
asb_0900|900|"Jalan Kabupaten"|"1.3.04.01.01.0003"|"Jalan Tipe K21"|"Timbunan Pilihan dari Sumber Galian Lebar = 5 m, Tebal = 0,3 m"|"Meter"|1830000|"Belanja Modal Jalan Kabupaten"|||5|
asb_0901|901|"Jalan Kabupaten"|"1.3.04.01.01.0003"|"Jalan Tipe K22"|"Timbunan Pilihan dari Sumber Galian Lebar = 5 m, Tebal = 0,5 m"|"Meter"|2656000|"Belanja Modal Jalan Kabupaten"|||5|
asb_0902|902|"Jalan Kabupaten"|"1.3.04.01.01.0003"|"Jalan Tipe K23"|"Timbunan Pilihan dari Sumber Galian Lebar = 5 m, Tebal = 0,7 m"|"Meter"|3481000|"Belanja Modal Jalan Kabupaten"|||5|
asb_0903|903|"Jalan Kabupaten"|"1.3.04.01.01.0003"|"Jalan Tipe K24"|"Timbunan Pilihan dari Sumber Galian Lebar = 5 m, Tebal = 1 m"|"Meter"|4720000|"Belanja Modal Jalan Kabupaten"|||5|
asb_0904|904|"Jalan Kabupaten"|"1.3.04.01.01.0003"|"Jalan Tipe K25"|"Timbunan Pilihan dari Sumber Galian Lebar = 5 m, Tebal = 1,2 m"|"Meter"|5547000|"Belanja Modal Jalan Kabupaten"|||5|
asb_0905|905|"Jembatan pada Jalan Kabupaten"|"1.3.04.01.02.0003"|"Jembatan Tipe A1"|"Box Culvert Single S 1/1 Lebar 3,5 m"|"Unit"|101172000|"Belanja Modal Jembatan pada Jalan Kabupaten"||||
asb_0906|906|"Jembatan pada Jalan Kabupaten"|"1.3.04.01.02.0003"|"Jembatan Tipe A2"|"Box Culvert Single S 1/1,5 Lebar 3,5 m"|"Unit"|116847000|"Belanja Modal Jembatan pada Jalan Kabupaten"||||
asb_0907|907|"Jembatan pada Jalan Kabupaten"|"1.3.04.01.02.0003"|"Jembatan Tipe A3"|"Box Culvert Single S 1/2 Lebar 3,5 m"|"Unit"|131364000|"Belanja Modal Jembatan pada Jalan Kabupaten"||||
asb_0908|908|"Jembatan pada Jalan Kabupaten"|"1.3.04.01.02.0003"|"Jembatan Tipe A4"|"Box Culvert Single S 2/1Lebar 3,5 m"|"Unit"|128890000|"Belanja Modal Jembatan pada Jalan Kabupaten"||||
asb_0909|909|"Jembatan pada Jalan Kabupaten"|"1.3.04.01.02.0003"|"Jembatan Tipe A5"|"Box Culvert Single S 2/1,5Lebar 3,5 m"|"Unit"|141492000|"Belanja Modal Jembatan pada Jalan Kabupaten"||||
asb_0910|910|"Jembatan pada Jalan Kabupaten"|"1.3.04.01.02.0003"|"Jembatan Tipe A6"|"Box Culvert Single S 2/2 Lebar 3,5 m"|"Unit"|182881000|"Belanja Modal Jembatan pada Jalan Kabupaten"||||
asb_0911|911|"Jembatan pada Jalan Kabupaten"|"1.3.04.01.02.0003"|"Jembatan Tipe A7"|"Box Culvert Single S 2/2,5 Lebar 3,5 m"|"Unit"|208109000|"Belanja Modal Jembatan pada Jalan Kabupaten"||||
asb_0912|912|"Jembatan pada Jalan Kabupaten"|"1.3.04.01.02.0003"|"Jembatan Tipe A8"|"Box Culvert Single S 2/3 Lebar 3,5 m"|"Unit"|264065000|"Belanja Modal Jembatan pada Jalan Kabupaten"||||
asb_0913|913|"Jembatan pada Jalan Kabupaten"|"1.3.04.01.02.0003"|"Jembatan Tipe A9"|"Box Culvert Single S 3/1,5 Lebar 3,5 m"|"Unit"|180484000|"Belanja Modal Jembatan pada Jalan Kabupaten"||||
asb_0914|914|"Jembatan pada Jalan Kabupaten"|"1.3.04.01.02.0003"|"Jembatan Tipe A10"|"Box Culvert Single S 3/2 Lebar 3,5 m"|"Unit"|203746000|"Belanja Modal Jembatan pada Jalan Kabupaten"||||
asb_0915|915|"Jembatan pada Jalan Kabupaten"|"1.3.04.01.02.0003"|"Jembatan Tipe A11"|"Box Culvert Single S 1/1,5 Lebar 4,5 m"|"Unit"|120230000|"Belanja Modal Jembatan pada Jalan Kabupaten"||||
asb_0916|916|"Jembatan pada Jalan Kabupaten"|"1.3.04.01.02.0003"|"Jembatan Tipe A12"|"Box Culvert Single S 1/2 Lebar 4,5 m"|"Unit"|133264000|"Belanja Modal Jembatan pada Jalan Kabupaten"||||
asb_0917|917|"Jembatan pada Jalan Kabupaten"|"1.3.04.01.02.0003"|"Jembatan Tipe A13"|"Box Culvert Single S 2/1 Lebar 4,5 m"|"Unit"|137702000|"Belanja Modal Jembatan pada Jalan Kabupaten"||||
asb_0918|918|"Jembatan pada Jalan Kabupaten"|"1.3.04.01.02.0003"|"Jembatan Tipe A14"|"Box Culvert Single S 2/1,5 Lebar 4,5 m"|"Unit"|152253000|"Belanja Modal Jembatan pada Jalan Kabupaten"||||
asb_0919|919|"Jembatan pada Jalan Kabupaten"|"1.3.04.01.02.0003"|"Jembatan Tipe A15"|"Box Culvert Single S 2/2 Lebar 4,5 m"|"Unit"|189888000|"Belanja Modal Jembatan pada Jalan Kabupaten"||||
asb_0920|920|"Jembatan pada Jalan Kabupaten"|"1.3.04.01.02.0003"|"Jembatan Tipe A16"|"Box Culvert Single S 2/2,5 Lebar 4,5 m"|"Unit"|213901000|"Belanja Modal Jembatan pada Jalan Kabupaten"||||
asb_0921|921|"Jembatan pada Jalan Kabupaten"|"1.3.04.01.02.0003"|"Jembatan Tipe A17"|"Box Culvert Single S 3/1,5 Lebar 4,5 m"|"Unit"|201836000|"Belanja Modal Jembatan pada Jalan Kabupaten"||||
asb_0922|922|"Jembatan pada Jalan Kabupaten"|"1.3.04.01.02.0003"|"Jembatan Tipe A18"|"Box Culvert Single S 1/1 Lebar 6 m"|"Unit"|114025000|"Belanja Modal Jembatan pada Jalan Kabupaten"||||
asb_0923|923|"Jembatan pada Jalan Kabupaten"|"1.3.04.01.02.0003"|"Jembatan Tipe A19"|"Box Culvert Single S 1/1,5 Lebar 6 m"|"Unit"|130029000|"Belanja Modal Jembatan pada Jalan Kabupaten"||||
asb_0924|924|"Jembatan pada Jalan Kabupaten"|"1.3.04.01.02.0003"|"Jembatan Tipe A20"|"Box Culvert Single S 1/2 Lebar 6 m"|"Unit"|145284000|"Belanja Modal Jembatan pada Jalan Kabupaten"||||
asb_0925|925|"Jembatan pada Jalan Kabupaten"|"1.3.04.01.02.0003"|"Jembatan Tipe A21"|"Box Culvert Single S 2/1 Lebar 6 m"|"Unit"|151364000|"Belanja Modal Jembatan pada Jalan Kabupaten"||||
asb_0926|926|"Jembatan pada Jalan Kabupaten"|"1.3.04.01.02.0003"|"Jembatan Tipe A22"|"Box Culvert Single S 2/1,5 Lebar 6 m"|"Unit"|168838000|"Belanja Modal Jembatan pada Jalan Kabupaten"||||
asb_0927|927|"Jembatan pada Jalan Kabupaten"|"1.3.04.01.02.0003"|"Jembatan Tipe A23"|"Box Culvert Single S 2/2 Lebar 6 m"|"Unit"|209528000|"Belanja Modal Jembatan pada Jalan Kabupaten"||||
asb_0928|928|"Jembatan pada Jalan Kabupaten"|"1.3.04.01.02.0003"|"Jembatan Tipe A24"|"Box Culvert Single S 1/1 Lebar 7 m"|"Unit"|119305000|"Belanja Modal Jembatan pada Jalan Kabupaten"||||
asb_0929|929|"Jembatan pada Jalan Kabupaten"|"1.3.04.01.02.0003"|"Jembatan Tipe A25"|"Box Culvert Single S 1/1,5 Lebar 7 m"|"Unit"|136608000|"Belanja Modal Jembatan pada Jalan Kabupaten"||||
asb_0930|930|"Jembatan pada Jalan Kabupaten"|"1.3.04.01.02.0003"|"Jembatan Tipe A26"|"Box Culvert Single S 1/2 Lebar 7 m"|"Unit"|153269000|"Belanja Modal Jembatan pada Jalan Kabupaten"||||
asb_0931|931|"Jembatan pada Jalan Kabupaten"|"1.3.04.01.02.0003"|"Jembatan Tipe A27"|"Box Culvert Single S 2/1 Lebar 7 m"|"Unit"|160480000|"Belanja Modal Jembatan pada Jalan Kabupaten"||||
asb_0932|932|"Jembatan pada Jalan Kabupaten"|"1.3.04.01.02.0003"|"Jembatan Tipe A28"|"Box Culvert Single S 2/1,5 Lebar 7 m"|"Unit"|179904000|"Belanja Modal Jembatan pada Jalan Kabupaten"||||
asb_0933|933|"Jembatan pada Jalan Kabupaten"|"1.3.04.01.02.0003"|"Jembatan Tipe A29"|"Box Culvert Single S 2/2 Lebar 7 m"|"Unit"|222620000|"Belanja Modal Jembatan pada Jalan Kabupaten"||||
asb_0934|934|"Jembatan pada Jalan Kabupaten"|"1.3.04.01.02.0003"|"Jembatan Tipe A30"|"Box Culvert Double D 1,5/1 Lebar 3,5 m"|"Unit"|164381000|"Belanja Modal Jembatan pada Jalan Kabupaten"||||
asb_0935|935|"Jembatan pada Jalan Kabupaten"|"1.3.04.01.02.0003"|"Jembatan Tipe A31"|"Box Culvert Double D 2/1 Lebar 3,5 m"|"Unit"|197319000|"Belanja Modal Jembatan pada Jalan Kabupaten"||||
asb_0936|936|"Jembatan pada Jalan Kabupaten"|"1.3.04.01.02.0003"|"Jembatan Tipe A32"|"Box Culvert Double D 2/1,5 Lebar 3,5 m"|"Unit"|205289000|"Belanja Modal Jembatan pada Jalan Kabupaten"||||
asb_0937|937|"Jembatan pada Jalan Kabupaten"|"1.3.04.01.02.0003"|"Jembatan Tipe A33"|"Box Culvert Double D 1,5/1 Lebar 4,5 m"|"Unit"|178430000|"Belanja Modal Jembatan pada Jalan Kabupaten"||||
asb_0938|938|"Jembatan pada Jalan Kabupaten"|"1.3.04.01.02.0003"|"Jembatan Tipe A34"|"Box Culvert Double D 2/1 Lebar 4,5 m"|"Unit"|193796000|"Belanja Modal Jembatan pada Jalan Kabupaten"||||
asb_0939|939|"Jembatan pada Jalan Kabupaten"|"1.3.04.01.02.0003"|"Jembatan Tipe A35"|"Box Culvert Double D 2/1,5 Lebar 4,5 m"|"Unit"|225090000|"Belanja Modal Jembatan pada Jalan Kabupaten"||||
asb_0940|940|"Jembatan pada Jalan Kabupaten"|"1.3.04.01.02.0003"|"Jembatan Tipe A36"|"Box Culvert Double D 1,5/1 Lebar 6 m"|"Unit"|199464000|"Belanja Modal Jembatan pada Jalan Kabupaten"||||
asb_0941|941|"Jembatan pada Jalan Kabupaten"|"1.3.04.01.02.0003"|"Jembatan Tipe A37"|"Box Culvert Double D 2/1 Lebar 6 m"|"Unit"|244699000|"Belanja Modal Jembatan pada Jalan Kabupaten"||||
asb_0942|942|"Jembatan pada Jalan Kabupaten"|"1.3.04.01.02.0003"|"Jembatan Tipe A38"|"Box Culvert Double D 1,5/1 Lebar 7 m"|"Unit"|213855000|"Belanja Modal Jembatan pada Jalan Kabupaten"||||
asb_0943|943|"Jembatan pada Jalan Kabupaten"|"1.3.04.01.02.0003"|"Jembatan Tipe A39"|"Box Culvert Triple T 1,5/1 Lebar 3,5 m"|"Unit"|165527000|"Belanja Modal Jembatan pada Jalan Kabupaten"||||
asb_0944|944|"Jembatan pada Jalan Kabupaten"|"1.3.04.01.02.0003"|"Jembatan Tipe A40"|"Box Culvert Triple T 1,5/1,5 Lebar 3,5 m"|"Unit"|222334000|"Belanja Modal Jembatan pada Jalan Kabupaten"||||
asb_0945|945|"Jembatan pada Jalan Kabupaten"|"1.3.04.01.02.0003"|"Jembatan Tipe A41"|"Box Culvert Triple T 1,5/1 Lebar 4,5 m"|"Unit"|178452000|"Belanja Modal Jembatan pada Jalan Kabupaten"||||
asb_0946|946|"Jembatan pada Jalan Kabupaten"|"1.3.04.01.02.0003"|"Jembatan Tipe A42"|"Box Culvert Triple T 1,5/1,5 Lebar 4,5 m"|"Unit"|243159000|"Belanja Modal Jembatan pada Jalan Kabupaten"||||
asb_0947|947|"Jembatan pada Jalan Kabupaten"|"1.3.04.01.02.0003"|"Jembatan Tipe A43"|"Box Culvert Triple T 1,5/1 Lebar 6 m"|"Unit"|197770000|"Belanja Modal Jembatan pada Jalan Kabupaten"||||
asb_0948|948|"Jembatan pada Jalan Kabupaten"|"1.3.04.01.02.0003"|"Jembatan Tipe A44"|"Box Culvert Triple T 1,5/1 Lebar 7 m"|"Unit"|210694000|"Belanja Modal Jembatan pada Jalan Kabupaten"||||
asb_0949|949|"Jembatan pada Jalan Kabupaten"|"1.3.04.01.02.0003"|"Jembatan Tipe B1"|"Jembatan Girder Baja lebar 6 m, menggunakan Pondasi Sumuran (Tanah Keras)"|"Meter"|264635000|"Belanja Modal Jembatan pada Jalan Kabupaten"||||
asb_0950|950|"Jembatan pada Jalan Kabupaten"|"1.3.04.01.02.0003"|"Jembatan Tipe B2"|"Jembatan Girder Baja lebar 6 m, menggunakan Pondasi Sumuran (Tanah Keras)"|"Meter"|295535000|"Belanja Modal Jembatan pada Jalan Kabupaten"||||
asb_0951|951|"Jembatan pada Jalan Kabupaten"|"1.3.04.01.02.0003"|"Jembatan Tipe B3"|"Jembatan Girder Baja lebar 6 m, menggunakan Pondasi Sumuran (Tanah Keras)"|"Meter"|326435000|"Belanja Modal Jembatan pada Jalan Kabupaten"||||
asb_0952|952|"Jembatan pada Jalan Kabupaten"|"1.3.04.01.02.0003"|"Jembatan Tipe B4"|"Jembatan Girder Baja lebar 6 m, menggunakan Tiang Pancang (s/d 20 m)"|"Meter"|302661000|"Belanja Modal Jembatan pada Jalan Kabupaten"||||
asb_0953|953|"Jembatan pada Jalan Kabupaten"|"1.3.04.01.02.0003"|"Jembatan Tipe B5"|"Jembatan Girder Baja lebar 6, menggunakan Tiang Pancang (s/d 20 m)"|"Meter"|333561000|"Belanja Modal Jembatan pada Jalan Kabupaten"||||
asb_0954|954|"Jembatan pada Jalan Kabupaten"|"1.3.04.01.02.0003"|"Jembatan Tipe B6"|"Jembatan Girder Baja lebar 6, menggunakan Tiang Pancang (s/d 20 m)"|"Meter"|364461000|"Belanja Modal Jembatan pada Jalan Kabupaten"||||
asb_0955|955|"Jembatan pada Jalan Kabupaten"|"1.3.04.01.02.0003"|"Jembatan Tipe B7"|"Jembatan Girder Baja lebar 6 m, menggunakan Tiang Pancang (Lebih Dari 20 m)"|"Meter"|321948000|"Belanja Modal Jembatan pada Jalan Kabupaten"||||
asb_0956|956|"Jembatan pada Jalan Kabupaten"|"1.3.04.01.02.0003"|"Jembatan Tipe B8"|"Jembatan Girder Baja lebar 6 m, menggunakan Tiang Pancang (Lebih Dari 20 m)"|"Meter"|352848000|"Belanja Modal Jembatan pada Jalan Kabupaten"||||
asb_0957|957|"Jembatan pada Jalan Kabupaten"|"1.3.04.01.02.0003"|"Jembatan Tipe B9"|"Jembatan Girder Baja lebar 6 m, menggunakan Tiang Pancang (Lebih Dari 20 m)"|"Meter"|383748000|"Belanja Modal Jembatan pada Jalan Kabupaten"||||
asb_0958|958|"Jembatan pada Jalan Kabupaten"|"1.3.04.01.02.0003"|"Jembatan Tipe B10"|"Jembatan Rangka Baja lebar 6 m, menggunakan Pondasi Sumuran (Tanah Keras)"|"Meter"|174469000|"Belanja Modal Jembatan pada Jalan Kabupaten"||||
asb_0959|959|"Jembatan pada Jalan Kabupaten"|"1.3.04.01.02.0003"|"Jembatan Tipe B11"|"Jembatan Rangka Baja lebar 6 m, menggunakan Pondasi Sumuran (Tanah Keras)"|"Meter"|186829000|"Belanja Modal Jembatan pada Jalan Kabupaten"||||
asb_0960|960|"Jembatan pada Jalan Kabupaten"|"1.3.04.01.02.0003"|"Jembatan Tipe B12"|"Jembatan Rangka Baja lebar 6 m, menggunakan Pondasi Sumuran (Tanah Keras)"|"Meter"|211549000|"Belanja Modal Jembatan pada Jalan Kabupaten"||||
asb_0961|961|"Jembatan pada Jalan Kabupaten"|"1.3.04.01.02.0003"|"Jembatan Tipe B13"|"Jembatan Rangka Baja lebar 6 m, menggunakan Pondasi Sumuran (Tanah Keras)"|"Meter"|236269000|"Belanja Modal Jembatan pada Jalan Kabupaten"||||
asb_0962|962|"Jembatan pada Jalan Kabupaten"|"1.3.04.01.02.0003"|"Jembatan Tipe B14"|"Jembatan Rangka Baja lebar 6 m, menggunakan Pondasi Sumuran (Tanah Keras)"|"Meter"|260989000|"Belanja Modal Jembatan pada Jalan Kabupaten"||||
asb_0963|963|"Jembatan pada Jalan Kabupaten"|"1.3.04.01.02.0003"|"Jembatan Tipe B15"|"Jembatan Rangka Baja lebar 6 m, menggunakan Tiang Pancang (s/d 20 m)"|"Meter"|189287000|"Belanja Modal Jembatan pada Jalan Kabupaten"||||
asb_0964|964|"Jembatan pada Jalan Kabupaten"|"1.3.04.01.02.0003"|"Jembatan Tipe B16"|"Jembatan Rangka Baja lebar 6 m, menggunakan Tiang Pancang (s/d 20 m)"|"Meter"|201647000|"Belanja Modal Jembatan pada Jalan Kabupaten"||||
asb_0965|965|"Jembatan pada Jalan Kabupaten"|"1.3.04.01.02.0003"|"Jembatan Tipe B17"|"Jembatan Rangka Baja Blebar 6 m, menggunakan Tiang Pancang (s/d 20 m)"|"Meter"|226367000|"Belanja Modal Jembatan pada Jalan Kabupaten"||||
asb_0966|966|"Jembatan pada Jalan Kabupaten"|"1.3.04.01.02.0003"|"Jembatan Tipe B18"|"Jembatan Rangka Baja lebar 6 m, menggunakan Tiang Pancang (s/d 20 m)"|"Meter"|251087000|"Belanja Modal Jembatan pada Jalan Kabupaten"||||
asb_0967|967|"Jembatan pada Jalan Kabupaten"|"1.3.04.01.02.0003"|"Jembatan Tipe B19"|"Jembatan Rangka Baja lebar 6 m, menggunakan Tiang Pancang (s/d 20 m)"|"Meter"|275807000|"Belanja Modal Jembatan pada Jalan Kabupaten"||||
asb_0968|968|"Jembatan pada Jalan Kabupaten"|"1.3.04.01.02.0003"|"Jembatan Tipe B20"|"Jembatan Rangka Baja lebar 6 m, menggunakan Tiang Pancang (Lebih Dari 20 m)"|"Meter"|204106000|"Belanja Modal Jembatan pada Jalan Kabupaten"||||
asb_0969|969|"Jembatan pada Jalan Kabupaten"|"1.3.04.01.02.0003"|"Jembatan Tipe B21"|"Jembatan Rangka Baja lebar 6 m, menggunakan Tiang Pancang (Lebih Dari 20 m)"|"Meter"|216466000|"Belanja Modal Jembatan pada Jalan Kabupaten"||||
asb_0970|970|"Jembatan pada Jalan Kabupaten"|"1.3.04.01.02.0003"|"Jembatan Tipe B22"|"Jembatan Rangka Baja lebar 6 m, menggunakan Tiang Pancang (Lebih Dari 20 m)"|"Meter"|241186000|"Belanja Modal Jembatan pada Jalan Kabupaten"||||
asb_0971|971|"Jembatan pada Jalan Kabupaten"|"1.3.04.01.02.0003"|"Jembatan Tipe B23"|"Jembatan Rangka Baja lebar 6 m, menggunakan Tiang Pancang (Lebih Dari 20 m)"|"Meter"|265906000|"Belanja Modal Jembatan pada Jalan Kabupaten"||||
asb_0972|972|"Jembatan pada Jalan Kabupaten"|"1.3.04.01.02.0003"|"Jembatan Tipe B24"|"Jembatan Rangka Baja lebar 6 m, menggunakan Tiang Pancang (Lebih Dari 20 m)"|"Meter"|290626000|"Belanja Modal Jembatan pada Jalan Kabupaten"||||
asb_0973|973|"Jembatan pada Jalan Kabupaten"|"1.3.04.01.02.0003"|"Jembatan Tipe C1"|"Jembatan Gantung Pylon Baja Lantai Kayu Lebar 2 m, menggunakan Pondasi Sumuran (Tanah Keras)"|"Meter"|16509000|"Belanja Modal Jembatan pada Jalan Kabupaten"||||
asb_0974|974|"Jembatan pada Jalan Kabupaten"|"1.3.04.01.02.0003"|"Jembatan Tipe C2"|"Jembatan Gantung Pylon Baja Lantai Kayu Lebar 2 m, menggunakan Tiang Pancang (s/d 20 m)"|"Meter"|27987000|"Belanja Modal Jembatan pada Jalan Kabupaten"||||
asb_0975|975|"Jembatan pada Jalan Kabupaten"|"1.3.04.01.02.0003"|"Jembatan Tipe C3"|"Jembatan Gantung Pylon Baja Lantai Kayu Lebar 2 m, menggunakan Tiang Pancang (Lebih Dari 20 m)"|"Meter"|39464000|"Belanja Modal Jembatan pada Jalan Kabupaten"||||
asb_0976|976|"Jembatan pada Jalan Kabupaten"|"1.3.04.01.02.0003"|"Jembatan Tipe D1"|"Jembatan Kayu Lebar 2 m Rusak Ringan"|"Meter"|6015000|"Belanja Modal Jembatan pada Jalan Kabupaten"||||
asb_0977|977|"Jembatan pada Jalan Kabupaten"|"1.3.04.01.02.0003"|"Jembatan Tipe D2"|"Jembatan Kayu Lebar 2 m Rusak Sedang"|"Meter"|7292000|"Belanja Modal Jembatan pada Jalan Kabupaten"||||
asb_0978|978|"Jembatan pada Jalan Kabupaten"|"1.3.04.01.02.0003"|"Jembatan Tipe D3"|"Jembatan Kayu Lebar 2 m Rusak Berat"|"Meter"|11037000|"Belanja Modal Jembatan pada Jalan Kabupaten"||||
asb_0979|979|"Jembatan pada Jalan Kabupaten"|"1.3.04.01.02.0003"|"Jembatan Tipe E1"|"Jembatan Kayu Lebar 4 m Rusak Ringan"|"Meter"|7477000|"Belanja Modal Jembatan pada Jalan Kabupaten"||||
asb_0980|980|"Jembatan pada Jalan Kabupaten"|"1.3.04.01.02.0003"|"Jembatan Tipe E2"|"Jembatan Kayu Lebar 4 m Rusak Sedang"|"Meter"|12521000|"Belanja Modal Jembatan pada Jalan Kabupaten"||||
asb_0981|981|"Jembatan pada Jalan Kabupaten"|"1.3.04.01.02.0003"|"Jembatan Tipe E3"|"Jembatan Kayu Lebar 4 m Rusak Berat"|"Meter"|18719000|"Belanja Modal Jembatan pada Jalan Kabupaten"||||
asb_0982|982|"Jembatan pada Jalan Kabupaten"|"1.3.04.01.02.0003"|"Jembatan Tipe F1"|"Jembatan Gantung Kayu Pondasi Kayu, Lebar 2 m"|"Meter"|21652000|"Belanja Modal Jembatan pada Jalan Kabupaten"||||
asb_0983|983|"Jalan Kabupaten"|"1.3.04.01.01.0003"|"Jalan Tipe L1"|"Perbaikan Lapis Fondasi Agregat Kelas A Lebar 3 m"|"Meter"|781000|"Belanja Modal Jalan Kabupaten"||||
asb_0984|984|"Jalan Kabupaten"|"1.3.04.01.01.0003"|"Jalan Tipe L2"|"Perbaikan Lapis Fondasi Agregat Kelas A Lebar 3,5 m"|"Meter"|905000|"Belanja Modal Jalan Kabupaten"||||
asb_0985|985|"Jalan Kabupaten"|"1.3.04.01.01.0003"|"Jalan Tipe L3"|"Perbaikan Lapis Fondasi Agregat Kelas A Lebar 4 m"|"Meter"|1030000|"Belanja Modal Jalan Kabupaten"||||
asb_0986|986|"Jalan Kabupaten"|"1.3.04.01.01.0003"|"Jalan Tipe L4"|"Perbaikan Lapis Fondasi Agregat Kelas A Lebar 4,5 m"|"Meter"|1155000|"Belanja Modal Jalan Kabupaten"||||
asb_0987|987|"Jalan Kabupaten"|"1.3.04.01.01.0003"|"Jalan Tipe L5"|"Perbaikan Lapis Fondasi Agregat Kelas A Lebar 5 m"|"Meter"|1279000|"Belanja Modal Jalan Kabupaten"||||
asb_0988|988|"Jalan Kabupaten"|"1.3.04.01.01.0003"|"Jalan Tipe L6"|"Perbaikan Campuran Aspal Panas Lebar 3 m"|"Meter"|1049000|"Belanja Modal Jalan Kabupaten"||||
asb_0989|989|"Jalan Kabupaten"|"1.3.04.01.01.0003"|"Jalan Tipe L7"|"Perbaikan Campuran Aspal Panas Lebar 3,5 m"|"Meter"|1218000|"Belanja Modal Jalan Kabupaten"||||
asb_0990|990|"Jalan Kabupaten"|"1.3.04.01.01.0003"|"Jalan Tipe L8"|"Perbaikan Campuran Aspal Panas Lebar 4 m"|"Meter"|1387000|"Belanja Modal Jalan Kabupaten"||||
asb_0991|991|"Jalan Kabupaten"|"1.3.04.01.01.0003"|"Jalan Tipe L9"|"Perbaikan Campuran Aspal Panas Lebar 4,5 m"|"Meter"|1556000|"Belanja Modal Jalan Kabupaten"||||
asb_0992|992|"Jalan Kabupaten"|"1.3.04.01.01.0003"|"Jalan Tipe L10"|"Perbaikan Campuran Aspal Panas Lebar 5 m"|"Meter"|1726000|"Belanja Modal Jalan Kabupaten"||||
asb_0993|993|"Jalan Kabupaten"|"1.3.04.01.01.0003"|"Jalan Tipe M1"|"Dinding Turap Beton, Penyediaan dan Pemancangan 1 m"|"Meter"|1276000|"Belanja Modal Jalan Kabupaten"||Rigid||
asb_0994|994|"Jalan Kabupaten"|"1.3.04.01.01.0003"|"Jalan Tipe M2"|"Dinding Turap Beton, Penyediaan dan Pemancangan 6 m"|"Meter"|7460000|"Belanja Modal Jalan Kabupaten"||Rigid||
asb_0995|995|"Jalan Kabupaten"|"1.3.04.01.01.0003"|"Jalan Tipe M3"|"Dinding Turap Beton, Penyediaan dan Pemancangan 8 m"|"Meter"|9934000|"Belanja Modal Jalan Kabupaten"||Rigid||
asb_0996|996|"Jalan Kabupaten"|"1.3.04.01.01.0003"|"Jalan Tipe M4"|"Dinding Turap Beton, Penyediaan dan Pemancangan 10 m"|"Meter"|12408000|"Belanja Modal Jalan Kabupaten"||Rigid||
asb_0997|997|"Jalan Kabupaten"|"1.3.04.01.01.0003"|"Jalan Tipe M5"|"Dinding Turap Beton, Penyediaan dan Pemancangan 12 m"|"Meter"|14881000|"Belanja Modal Jalan Kabupaten"||Rigid||
asb_0998|998|"Jalan Kabupaten"|"1.3.04.01.01.0003"|"Jalan Tipe M6"|"Dinding Turap Baja, Penyediaan dan Pemancangan 1 m"|"Meter"|2802000|"Belanja Modal Jalan Kabupaten"||||
asb_0999|999|"Jalan Kabupaten"|"1.3.04.01.01.0003"|"Jalan Tipe M7"|"Dinding Turap Baja, Penyediaan dan Pemancangan 6 m"|"Meter"|16613000|"Belanja Modal Jalan Kabupaten"||||
asb_1000|1000|"Jalan Kabupaten"|"1.3.04.01.01.0003"|"Jalan Tipe M8"|"Dinding Turap Baja, Penyediaan dan Pemancangan 8 m"|"Meter"|22138000|"Belanja Modal Jalan Kabupaten"||||
asb_1001|1001|"Jalan Kabupaten"|"1.3.04.01.01.0003"|"Jalan Tipe M9"|"Dinding Turap Baja, Penyediaan dan Pemancangan 10 m"|"Meter"|27662000|"Belanja Modal Jalan Kabupaten"||||
asb_1002|1002|"Jalan Kabupaten"|"1.3.04.01.01.0003"|"Jalan Tipe M10"|"Dinding Turap Baja, Penyediaan dan Pemancangan 12 m"|"Meter"|33187000|"Belanja Modal Jalan Kabupaten"||||
asb_1003|1003|"Jalan Kabupaten"|"1.3.04.01.01.0003"|"Jalan Tipe N1"|"Timbunan Biasa dari Hasil galian Lebar 5 m, Tebal 0,5 m"|"Meter"|523000|"Belanja Modal Jalan Kabupaten"||||
asb_1004|1004|"Jalan Kabupaten"|"1.3.04.01.01.0003"|"Jalan Tipe N2"|"Timbunan Biasa dari Hasil galian Lebar 5 m, Tebal 1 m"|"Meter"|1011000|"Belanja Modal Jalan Kabupaten"||||
asb_1005|1005|"Jalan Kabupaten"|"1.3.04.01.01.0003"|"Jalan Tipe N3"|"Timbunan Biasa dari Hasil galian Lebar 5 m, Tebal 2 m"|"Meter"|1987000|"Belanja Modal Jalan Kabupaten"||||
asb_1006|1006|"Jalan Kabupaten"|"1.3.04.01.01.0003"|"Jalan Tipe N4"|"Timbunan Biasa dari Hasil galian Lebar 5 m, Tebal 3 m"|"Meter"|2963000|"Belanja Modal Jalan Kabupaten"||||
asb_1007|1007|"Jalan Kabupaten"|"1.3.04.01.01.0003"|"Jalan Tipe N5"|"Timbunan Biasa dari Hasil galian Lebar 7 m, Tebal 0,5 m"|"Meter"|718000|"Belanja Modal Jalan Kabupaten"||||
asb_1008|1008|"Jalan Kabupaten"|"1.3.04.01.01.0003"|"Jalan Tipe N6"|"Timbunan Biasa dari Hasil galian Lebar 7 m, Tebal 1 m"|"Meter"|1402000|"Belanja Modal Jalan Kabupaten"||||
asb_1009|1009|"Jalan Kabupaten"|"1.3.04.01.01.0003"|"Jalan Tipe N7"|"Timbunan Biasa dari Hasil galian Lebar 7 m, Tebal 2 m"|"Meter"|2769000|"Belanja Modal Jalan Kabupaten"||||
asb_1010|1010|"Jalan Kabupaten"|"1.3.04.01.01.0003"|"Jalan Tipe N8"|"Timbunan Biasa dari Hasil galian Lebar 7 m, Tebal 3 m"|"Meter"|4135000|"Belanja Modal Jalan Kabupaten"||||